--- line 419635 ---
[2026-09-11 15:41:56,659][src.models.HILBERTWorker][INFO] - Response from model for sketch use
[2026-09-11 15:41:56,659][src.models.HILBERTWorker][INFO] - ****************************************************************************************************
[2026-09-11 15:41:56,659][src.models.HILBERTWorker][INFO] - ```lean
theorem mathd_numbertheory_343 :
    (∏ k ∈ Finset.range 6, 2 * k + 1) % 10 = 5 := by
  have h_mod :
      (∏ k ∈ Finset.range 6, 2 * k + 1) ≡
        (1 * 3 * 5 * 7 * 9 * 1) [MOD 10] := by
    exact h_mod_mathd_numbertheory_343
  have h_eq_mod :
      (∏ k ∈ Finset.range 6, 2 * k + 1) % 10 =
        (1 * 3 * 5 * 7 * 9 * 1) % 10 := by
    exact h_eq_mod_mathd_numbertheory_343 h_mod
  have h_rem : (1 * 3 * 5 * 7 * 9 * 1) % 10 = 5 := by
    exact h_rem_mathd_numbertheory_343
  simpa [h_rem] using h_eq_mod
```
[2026-09-11 15:41:56,659][src.models.HILBERTWorker][INFO] - ****************************************************************************************************
[2026-09-11 15:41:56,659][src.models.HILBERTWorker][INFO] - VERIFYING PROOF
[2026-09-11 15:41:56,659][src.models.HILBERTWorker][INFO] - Generated proof
[2026-09-11 15:41:56,659][src.models.HILBERTWorker][INFO] - import Mathlib
import Aesop

set_option maxHeartbeats 0

open BigOperators Real Nat Topology Rat

theorem h_mod_mathd_numbertheory_343 :
    (∏ k ∈ Finset.range 6, 2 * k + 1) ≡
      (1 * 3 * 5 * 7 * 9 * 1) [MOD 10] := by
  sorry

theorem h_eq_mod_mathd_numbertheory_343 (h_mod :
    (∏ k ∈ Finset.range 6, 2 * k + 1) ≡
      (1 * 3 * 5 * 7 * 9 * 1) [MOD 10]) :
    (∏ k ∈ Finset.range 6, 2 * k + 1) % 10 =
      (1 * 3 * 5 * 7 * 9 * 1) % 10 := by
  sorry

--- line 419654 ---
[2026-09-11 15:41:56,659][src.models.HILBERTWorker][INFO] - Generated proof
[2026-09-11 15:41:56,659][src.models.HILBERTWorker][INFO] - import Mathlib
import Aesop

set_option maxHeartbeats 0

open BigOperators Real Nat Topology Rat

theorem h_mod_mathd_numbertheory_343 :
    (∏ k ∈ Finset.range 6, 2 * k + 1) ≡
      (1 * 3 * 5 * 7 * 9 * 1) [MOD 10] := by
  sorry

theorem h_eq_mod_mathd_numbertheory_343 (h_mod :
    (∏ k ∈ Finset.range 6, 2 * k + 1) ≡
      (1 * 3 * 5 * 7 * 9 * 1) [MOD 10]) :
    (∏ k ∈ Finset.range 6, 2 * k + 1) % 10 =
      (1 * 3 * 5 * 7 * 9 * 1) % 10 := by
  sorry

theorem h_rem_mathd_numbertheory_343 :
    (1 * 3 * 5 * 7 * 9 * 1) % 10 = 5 := by
  sorry

theorem mathd_numbertheory_343 :
    (∏ k ∈ Finset.range 6, 2 * k + 1) % 10 = 5 := by
  have h_mod :
      (∏ k ∈ Finset.range 6, 2 * k + 1) ≡
        (1 * 3 * 5 * 7 * 9 * 1) [MOD 10] := by
    exact h_mod_mathd_numbertheory_343
  have h_eq_mod :
      (∏ k ∈ Finset.range 6, 2 * k + 1) % 10 =
        (1 * 3 * 5 * 7 * 9 * 1) % 10 := by
    exact h_eq_mod_mathd_numbertheory_343 h_mod
  have h_rem : (1 * 3 * 5 * 7 * 9 * 1) % 10 = 5 := by
    exact h_rem_mathd_numbertheory_343
  simpa [h_rem] using h_eq_mod
[2026-09-11 15:41:57,188][src.models.HILBERTWorker][INFO] - Status: True

--- line 419675 ---
    (1 * 3 * 5 * 7 * 9 * 1) % 10 = 5 := by
  sorry

theorem mathd_numbertheory_343 :
    (∏ k ∈ Finset.range 6, 2 * k + 1) % 10 = 5 := by
  have h_mod :
      (∏ k ∈ Finset.range 6, 2 * k + 1) ≡
        (1 * 3 * 5 * 7 * 9 * 1) [MOD 10] := by
    exact h_mod_mathd_numbertheory_343
  have h_eq_mod :
      (∏ k ∈ Finset.range 6, 2 * k + 1) % 10 =
        (1 * 3 * 5 * 7 * 9 * 1) % 10 := by
    exact h_eq_mod_mathd_numbertheory_343 h_mod
  have h_rem : (1 * 3 * 5 * 7 * 9 * 1) % 10 = 5 := by
    exact h_rem_mathd_numbertheory_343
  simpa [h_rem] using h_eq_mod
[2026-09-11 15:41:57,188][src.models.HILBERTWorker][INFO] - Status: True
[2026-09-11 15:41:57,189][src.models.HILBERTWorker][INFO] - ERROR MESSAGE: None
[2026-09-11 15:41:57,191][src.tools.lean_utils][INFO] - SIGNATURE ONE: theorem mathd_numbertheory_343:(∏k∈Finset.range 6,2*k+1)%10=5
[2026-09-11 15:41:57,191][src.tools.lean_utils][INFO] - SIGNATURE TWO: theorem mathd_numbertheory_343:(∏k∈Finset.range 6,2*k+1)%10=5
[2026-09-11 15:41:57,192][src.models.HILBERTWorker][INFO] - THEOREM SIGNATURE MATCHES
[2026-09-11 15:41:57,193][src.models.HILBERTWorker][INFO] - No sorries found in proof sketch
[2026-09-11 15:41:57,193][src.tools.AsyncJobPool][INFO] - 📥 Submitted job: theorem_h_mod_mathd_numbertheory_343
[2026-09-11 15:41:57,194][src.tools.AsyncJobPool][INFO] - 📥 Submitted job: theorem_h_eq_mod_mathd_numbertheory_343
[2026-09-11 15:41:57,194][src.tools.AsyncJobPool][INFO] - 📥 Submitted job: theorem_h_rem_mathd_numbertheory_343
[2026-09-11 15:41:57,195][src.tools.AsyncJobPool][INFO] - 📥 Submitted job: Task-3823
[2026-09-11 15:41:57,195][src.tools.AsyncJobPool][INFO] - 📥 Submitted job: Task-3824
[2026-09-11 15:41:57,195][src.tools.AsyncJobPool][INFO] - 📥 Submitted job: Task-3825
[2026-09-11 15:41:57,195][src.tools.AsyncJobPool][INFO] - 📥 Submitted job: Task-3826
[2026-09-11 15:41:57,195][src.tools.AsyncJobPool][INFO] - 📥 Submitted job: Task-3827
[2026-09-11 15:41:57,196][src.tools.AsyncJobPool][INFO] - 📥 Submitted job: Task-3828
[2026-09-11 15:41:57,196][src.tools.AsyncJobPool][INFO] - 📥 Submitted job: Task-3829
[2026-09-11 15:41:57,196][src.tools.AsyncJobPool][INFO] - 📥 Submitted job: Task-3830
[2026-09-11 15:41:57,196][src.tools.AsyncJobPool][INFO] - 📥 Submitted job: Task-3831
[2026-09-11 15:41:57,196][src.tools.AsyncJobPool][INFO] - 📥 Submitted job: Task-3832
[2026-09-11 15:41:57,196][src.tools.AsyncJobPool][INFO] - 📥 Submitted job: Task-3833
[2026-09-11 15:41:57,197][src.tools.AsyncJobPool][INFO] - 📥 Submitted job: Task-3834
[2026-09-11 15:42:01,756][src.models.HILBERTWorker][INFO] - ********************************************************************************

--- line 419689 ---
    exact h_rem_mathd_numbertheory_343
  simpa [h_rem] using h_eq_mod
[2026-09-11 15:41:57,188][src.models.HILBERTWorker][INFO] - Status: True
[2026-09-11 15:41:57,189][src.models.HILBERTWorker][INFO] - ERROR MESSAGE: None
[2026-09-11 15:41:57,191][src.tools.lean_utils][INFO] - SIGNATURE ONE: theorem mathd_numbertheory_343:(∏k∈Finset.range 6,2*k+1)%10=5
[2026-09-11 15:41:57,191][src.tools.lean_utils][INFO] - SIGNATURE TWO: theorem mathd_numbertheory_343:(∏k∈Finset.range 6,2*k+1)%10=5
[2026-09-11 15:41:57,192][src.models.HILBERTWorker][INFO] - THEOREM SIGNATURE MATCHES
[2026-09-11 15:41:57,193][src.models.HILBERTWorker][INFO] - No sorries found in proof sketch
[2026-09-11 15:41:57,193][src.tools.AsyncJobPool][INFO] - 📥 Submitted job: theorem_h_mod_mathd_numbertheory_343
[2026-09-11 15:41:57,194][src.tools.AsyncJobPool][INFO] - 📥 Submitted job: theorem_h_eq_mod_mathd_numbertheory_343
[2026-09-11 15:41:57,194][src.tools.AsyncJobPool][INFO] - 📥 Submitted job: theorem_h_rem_mathd_numbertheory_343
[2026-09-11 15:41:57,195][src.tools.AsyncJobPool][INFO] - 📥 Submitted job: Task-3823
[2026-09-11 15:41:57,195][src.tools.AsyncJobPool][INFO] - 📥 Submitted job: Task-3824
[2026-09-11 15:41:57,195][src.tools.AsyncJobPool][INFO] - 📥 Submitted job: Task-3825
[2026-09-11 15:41:57,195][src.tools.AsyncJobPool][INFO] - 📥 Submitted job: Task-3826
[2026-09-11 15:41:57,195][src.tools.AsyncJobPool][INFO] - 📥 Submitted job: Task-3827
[2026-09-11 15:41:57,196][src.tools.AsyncJobPool][INFO] - 📥 Submitted job: Task-3828
[2026-09-11 15:41:57,196][src.tools.AsyncJobPool][INFO] - 📥 Submitted job: Task-3829
[2026-09-11 15:41:57,196][src.tools.AsyncJobPool][INFO] - 📥 Submitted job: Task-3830
[2026-09-11 15:41:57,196][src.tools.AsyncJobPool][INFO] - 📥 Submitted job: Task-3831
[2026-09-11 15:41:57,196][src.tools.AsyncJobPool][INFO] - 📥 Submitted job: Task-3832
[2026-09-11 15:41:57,196][src.tools.AsyncJobPool][INFO] - 📥 Submitted job: Task-3833
[2026-09-11 15:41:57,197][src.tools.AsyncJobPool][INFO] - 📥 Submitted job: Task-3834
[2026-09-11 15:42:01,756][src.models.HILBERTWorker][INFO] - ********************************************************************************
[2026-09-11 15:42:01,757][src.models.HILBERTWorker][INFO] - Generated Formal Proof:
[2026-09-11 15:42:01,757][src.models.HILBERTWorker][INFO] - theorem h_rem_mathd_numbertheory_343 :
    (1 * 3 * 5 * 7 * 9 * 1) % 10 = 5 := by
  norm_num [Nat.mul_mod, Nat.mod_mod]
  <;> rfl
[2026-09-11 15:42:01,757][src.models.HILBERTWorker][INFO] - ********************************************************************************
[2026-09-11 15:42:01,916][src.models.HILBERTWorker][INFO] - RESULT: True
[2026-09-11 15:42:01,916][src.models.HILBERTWorker][INFO] - ERROR MESSAGE: None
[2026-09-11 15:42:01,918][src.tools.lean_utils][INFO] - SIGNATURE ONE: theorem h_rem_mathd_numbertheory_343:(1*3*5*7*9*1)%10=5
[2026-09-11 15:42:01,918][src.tools.lean_utils][INFO] - SIGNATURE TWO: theorem h_rem_mathd_numbertheory_343:(1*3*5*7*9*1)%10=5
[2026-09-11 15:42:01,918][src.models.HILBERTWorker][INFO] - Success! Proved theorem matches the input theorem!
[2026-09-11 15:42:01,919][src.tools.AsyncJobPool][INFO] - ✅ Job 'Task-3834' finished
[2026-09-11 15:42:01,919][src.tools.AsyncJobPool][INFO] - 🏆 Truthy result found from 'Task-3834'.
[2026-09-11 15:42:01,919][src.tools.AsyncJobPool][INFO] - 🛑 Stopping all other jobs...

--- line 419723 ---
[2026-09-11 15:42:01,918][src.models.HILBERTWorker][INFO] - Success! Proved theorem matches the input theorem!
[2026-09-11 15:42:01,919][src.tools.AsyncJobPool][INFO] - ✅ Job 'Task-3834' finished
[2026-09-11 15:42:01,919][src.tools.AsyncJobPool][INFO] - 🏆 Truthy result found from 'Task-3834'.
[2026-09-11 15:42:01,919][src.tools.AsyncJobPool][INFO] - 🛑 Stopping all other jobs...
[2026-09-11 15:42:01,920][src.tools.AsyncJobPool][INFO] - ✅ Job 'theorem_h_rem_mathd_numbertheory_343' finished with result: (True, 'theorem h_rem_mathd_numbertheory_343 :\n    (1 * 3 * 5 * 7 * 9 * 1) % 10 = 5 := by\n  sorry', 'theorem h_rem_mathd_numbertheory_343 :\n    (1 * 3 * 5 * 7 * 9 * 1) % 10 = 5 := by\n  norm_num [Nat.mul_mod, Nat.mod_mod]\n  <;> rfl', None)
[2026-09-11 15:42:01,921][src.tools.AsyncJobPool][INFO] - 🏆 Success from 'theorem_h_rem_mathd_numbertheory_343': (True, 'theorem h_rem_mathd_numbertheory_343 :\n    (1 * 3 * 5 * 7 * 9 * 1) % 10 = 5 := by\n  sorry', 'theorem h_rem_mathd_numbertheory_343 :\n    (1 * 3 * 5 * 7 * 9 * 1) % 10 = 5 := by\n  norm_num [Nat.mul_mod, Nat.mod_mod]\n  <;> rfl', None)
[2026-09-11 15:42:03,097][src.models.HILBERTWorker][INFO] - ********************************************************************************
[2026-09-11 15:42:03,098][src.models.HILBERTWorker][INFO] - Generated Formal Proof:
[2026-09-11 15:42:03,098][src.models.HILBERTWorker][INFO] - theorem h_mod_mathd_numbertheory_343 :
    (∏ k ∈ Finset.range 6, 2 * k + 1) ≡
      (1 * 3 * 5 * 7 * 9 * 1) [MOD 10] := by
  norm_num [Finset.prod_range_succ, Nat.ModEq]
  <;> rfl
[2026-09-11 15:42:03,098][src.models.HILBERTWorker][INFO] - ********************************************************************************
[2026-09-11 15:42:03,260][src.models.HILBERTWorker][INFO] - RESULT: False
[2026-09-11 15:42:03,261][src.models.HILBERTWorker][INFO] - ERROR MESSAGE: 

The provided proof:
```lean4 
import Mathlib
import Aesop

set_option maxHeartbeats 0

open BigOperators Real Nat Topology Rat

theorem h_mod_mathd_numbertheory_343 :
    (∏ k ∈ Finset.range 6, 2 * k + 1) ≡
      (1 * 3 * 5 * 7 * 9 * 1) [MOD 10] := by
  norm_num [Finset.prod_range_succ, Nat.ModEq]
  <;> rfl
```


Error message from Lean: tactic 'rfl' failed, expected goal to be a binary relation
⊢ False
The error was encountered while trying to process the following lines:
Error: line number out of range

--- line 419741 ---
```lean4 
import Mathlib
import Aesop

set_option maxHeartbeats 0

open BigOperators Real Nat Topology Rat

theorem h_mod_mathd_numbertheory_343 :
    (∏ k ∈ Finset.range 6, 2 * k + 1) ≡
      (1 * 3 * 5 * 7 * 9 * 1) [MOD 10] := by
  norm_num [Finset.prod_range_succ, Nat.ModEq]
  <;> rfl
```


Error message from Lean: tactic 'rfl' failed, expected goal to be a binary relation
⊢ False
The error was encountered while trying to process the following lines:
Error: line number out of range



[2026-09-11 15:42:03,261][src.models.HILBERTWorker][INFO] - Proof verification failed!
[2026-09-11 15:42:03,261][src.models.HILBERTWorker][INFO] - ********************************************************************************
[2026-09-11 15:42:03,261][src.models.HILBERTWorker][INFO] - Error Message:
[2026-09-11 15:42:03,262][src.models.HILBERTWorker][INFO] - 

The provided proof:
```lean4 
import Mathlib
import Aesop

set_option maxHeartbeats 0

open BigOperators Real Nat Topology Rat

theorem h_mod_mathd_numbertheory_343 :

--- line 419770 ---
```lean4 
import Mathlib
import Aesop

set_option maxHeartbeats 0

open BigOperators Real Nat Topology Rat

theorem h_mod_mathd_numbertheory_343 :
    (∏ k ∈ Finset.range 6, 2 * k + 1) ≡
      (1 * 3 * 5 * 7 * 9 * 1) [MOD 10] := by
  norm_num [Finset.prod_range_succ, Nat.ModEq]
  <;> rfl
```


Error message from Lean: tactic 'rfl' failed, expected goal to be a binary relation
⊢ False
The error was encountered while trying to process the following lines:
Error: line number out of range



[2026-09-11 15:42:03,262][src.models.HILBERTWorker][INFO] - ********************************************************************************
[2026-09-11 15:42:03,262][src.tools.AsyncJobPool][INFO] - ✅ Job 'Task-3826' finished
[2026-09-11 15:42:14,765][src.models.HILBERTWorker][INFO] - ********************************************************************************
[2026-09-11 15:42:14,765][src.models.HILBERTWorker][INFO] - Generated Formal Proof:
[2026-09-11 15:42:14,766][src.models.HILBERTWorker][INFO] - theorem h_eq_mod_mathd_numbertheory_343 (h_mod :
    (∏ k ∈ Finset.range 6, 2 * k + 1) ≡
      (1 * 3 * 5 * 7 * 9 * 1) [MOD 10]) :
    (∏ k ∈ Finset.range 6, 2 * k + 1) % 10 =
      (1 * 3 * 5 * 7 * 9 * 1) % 10 := by
  have h₁ : (∏ k ∈ Finset.range 6, 2 * k + 1) % 10 = (1 * 3 * 5 * 7 * 9 * 1) % 10 := by
    -- Simplify the product on the left-hand side
    norm_num [Finset.prod_range_succ, Finset.prod_range_zero, Nat.ModEq] at h_mod ⊢
    <;>
    (try omega) <;>
    (try contradiction) <;>

--- line 419821 ---
[2026-09-11 15:42:15,136][src.models.HILBERTWorker][INFO] - Success! Proved theorem matches the input theorem!
[2026-09-11 15:42:15,136][src.tools.AsyncJobPool][INFO] - ✅ Job 'Task-3827' finished
[2026-09-11 15:42:15,137][src.tools.AsyncJobPool][INFO] - 🏆 Truthy result found from 'Task-3827'.
[2026-09-11 15:42:15,137][src.tools.AsyncJobPool][INFO] - 🛑 Stopping all other jobs...
[2026-09-11 15:42:15,138][src.tools.AsyncJobPool][INFO] - ✅ Job 'theorem_h_eq_mod_mathd_numbertheory_343' finished with result: (True, 'theorem h_eq_mod_mathd_numbertheory_343 (h_mod :\n    (∏ k ∈ Finset.range 6, 2 * k + 1) ≡\n      (1 * 3 * 5 * 7 * 9 * 1) [MOD 10]) :\n    (∏ k ∈ Finset.range 6, 2 * k + 1) % 10 =\n      (1 * 3 * 5 * 7 * 9 * 1) % 10 := by\n  sorry', 'theorem h_eq_mod_mathd_numbertheory_343 (h_mod :\n    (∏ k ∈ Finset.range 6, 2 * k + 1) ≡\n      (1 * 3 * 5 * 7 * 9 * 1) [MOD 10]) :\n    (∏ k ∈ Finset.range 6, 2 * k + 1) % 10 =\n      (1 * 3 * 5 * 7 * 9 * 1) % 10 := by\n  have h₁ : (∏ k ∈ Finset.range 6, 2 * k + 1) % 10 = (1 * 3 * 5 * 7 * 9 * 1) % 10 := by\n    -- Simplify the product on the left-hand side\n    norm_num [Finset.prod_range_succ, Finset.prod_range_zero, Nat.ModEq] at h_mod ⊢\n    <;>\n    (try omega) <;>\n    (try contradiction) <;>\n    (try ring_nf at h_mod ⊢ <;> omega)\n    <;>\n    (try\n      {\n        simp_all [Nat.ModEq, Nat.mod_eq_of_lt]\n        <;> norm_num <;> omega\n      })\n  exact h₁', None)
[2026-09-11 15:42:15,139][src.tools.AsyncJobPool][INFO] - 🏆 Success from 'theorem_h_eq_mod_mathd_numbertheory_343': (True, 'theorem h_eq_mod_mathd_numbertheory_343 (h_mod :\n    (∏ k ∈ Finset.range 6, 2 * k + 1) ≡\n      (1 * 3 * 5 * 7 * 9 * 1) [MOD 10]) :\n    (∏ k ∈ Finset.range 6, 2 * k + 1) % 10 =\n      (1 * 3 * 5 * 7 * 9 * 1) % 10 := by\n  sorry', 'theorem h_eq_mod_mathd_numbertheory_343 (h_mod :\n    (∏ k ∈ Finset.range 6, 2 * k + 1) ≡\n      (1 * 3 * 5 * 7 * 9 * 1) [MOD 10]) :\n    (∏ k ∈ Finset.range 6, 2 * k + 1) % 10 =\n      (1 * 3 * 5 * 7 * 9 * 1) % 10 := by\n  have h₁ : (∏ k ∈ Finset.range 6, 2 * k + 1) % 10 = (1 * 3 * 5 * 7 * 9 * 1) % 10 := by\n    -- Simplify the product on the left-hand side\n    norm_num [Finset.prod_range_succ, Finset.prod_range_zero, Nat.ModEq] at h_mod ⊢\n    <;>\n    (try omega) <;>\n    (try contradiction) <;>\n    (try ring_nf at h_mod ⊢ <;> omega)\n    <;>\n    (try\n      {\n        simp_all [Nat.ModEq, Nat.mod_eq_of_lt]\n        <;> norm_num <;> omega\n      })\n  exact h₁', None)
[2026-09-11 15:42:20,159][src.models.HILBERTWorker][INFO] - ********************************************************************************
[2026-09-11 15:42:20,160][src.models.HILBERTWorker][INFO] - Generated Formal Proof:
[2026-09-11 15:42:20,160][src.models.HILBERTWorker][INFO] - theorem h_mod_mathd_numbertheory_343 :
    (∏ k ∈ Finset.range 6, 2 * k + 1) ≡
      (1 * 3 * 5 * 7 * 9 * 1) [MOD 10] := by
  have h₁ : (∏ k ∈ Finset.range 6, 2 * k + 1) = 1 * 3 * 5 * 7 * 9 * 11 := by
    norm_num [Finset.prod_range_succ, Finset.prod_range_zero, Nat.mul_add, Nat.add_mul]
    <;> rfl
  
  have h₂ : (1 * 3 * 5 * 7 * 9 * 11 : ℕ) ≡ (1 * 3 * 5 * 7 * 9 * 1 : ℕ) [MOD 10] := by
    norm_num [Nat.ModEq]
    <;> rfl
  
  have h₃ : (∏ k ∈ Finset.range 6, 2 * k + 1) ≡ (1 * 3 * 5 * 7 * 9 * 1) [MOD 10] := by
    calc
      (∏ k ∈ Finset.range 6, 2 * k + 1) = 1 * 3 * 5 * 7 * 9 * 11 := by rw [h₁]
      _ ≡ (1 * 3 * 5 * 7 * 9 * 1 : ℕ) [MOD 10] := by apply h₂
      _ = (1 * 3 * 5 * 7 * 9 * 1 : ℕ) := by rfl
  
  exact h₃
[2026-09-11 15:42:20,160][src.models.HILBERTWorker][INFO] - ********************************************************************************
[2026-09-11 15:42:20,937][src.models.HILBERTWorker][INFO] - RESULT: False
[2026-09-11 15:42:20,937][src.models.HILBERTWorker][INFO] - ERROR MESSAGE: 

The provided proof:
```lean4 
import Mathlib
import Aesop

set_option maxHeartbeats 0

open BigOperators Real Nat Topology Rat

--- line 419852 ---
```lean4 
import Mathlib
import Aesop

set_option maxHeartbeats 0

open BigOperators Real Nat Topology Rat

theorem h_mod_mathd_numbertheory_343 :
    (∏ k ∈ Finset.range 6, 2 * k + 1) ≡
      (1 * 3 * 5 * 7 * 9 * 1) [MOD 10] := by
  have h₁ : (∏ k ∈ Finset.range 6, 2 * k + 1) = 1 * 3 * 5 * 7 * 9 * 11 := by
    norm_num [Finset.prod_range_succ, Finset.prod_range_zero, Nat.mul_add, Nat.add_mul]
    <;> rfl
  
  have h₂ : (1 * 3 * 5 * 7 * 9 * 11 : ℕ) ≡ (1 * 3 * 5 * 7 * 9 * 1 : ℕ) [MOD 10] := by
    norm_num [Nat.ModEq]
    <;> rfl
  
  have h₃ : (∏ k ∈ Finset.range 6, 2 * k + 1) ≡ (1 * 3 * 5 * 7 * 9 * 1) [MOD 10] := by
    calc
      (∏ k ∈ Finset.range 6, 2 * k + 1) = 1 * 3 * 5 * 7 * 9 * 11 := by rw [h₁]
      _ ≡ (1 * 3 * 5 * 7 * 9 * 1 : ℕ) [MOD 10] := by apply h₂
      _ = (1 * 3 * 5 * 7 * 9 * 1 : ℕ) := by rfl
  
  exact h₃
```


Error message from Lean: tactic 'rfl' failed, expected goal to be a binary relation
⊢ False
The error was encountered while trying to process the following lines:
    norm_num [Nat.ModEq]



[2026-09-11 15:42:20,938][src.models.HILBERTWorker][INFO] - Proof verification failed!
[2026-09-11 15:42:20,938][src.models.HILBERTWorker][INFO] - ********************************************************************************

--- line 419894 ---
```lean4 
import Mathlib
import Aesop

set_option maxHeartbeats 0

open BigOperators Real Nat Topology Rat

theorem h_mod_mathd_numbertheory_343 :
    (∏ k ∈ Finset.range 6, 2 * k + 1) ≡
      (1 * 3 * 5 * 7 * 9 * 1) [MOD 10] := by
  have h₁ : (∏ k ∈ Finset.range 6, 2 * k + 1) = 1 * 3 * 5 * 7 * 9 * 11 := by
    norm_num [Finset.prod_range_succ, Finset.prod_range_zero, Nat.mul_add, Nat.add_mul]
    <;> rfl
  
  have h₂ : (1 * 3 * 5 * 7 * 9 * 11 : ℕ) ≡ (1 * 3 * 5 * 7 * 9 * 1 : ℕ) [MOD 10] := by
    norm_num [Nat.ModEq]
    <;> rfl
  
  have h₃ : (∏ k ∈ Finset.range 6, 2 * k + 1) ≡ (1 * 3 * 5 * 7 * 9 * 1) [MOD 10] := by
    calc
      (∏ k ∈ Finset.range 6, 2 * k + 1) = 1 * 3 * 5 * 7 * 9 * 11 := by rw [h₁]
      _ ≡ (1 * 3 * 5 * 7 * 9 * 1 : ℕ) [MOD 10] := by apply h₂
      _ = (1 * 3 * 5 * 7 * 9 * 1 : ℕ) := by rfl
  
  exact h₃
```


Error message from Lean: tactic 'rfl' failed, expected goal to be a binary relation
⊢ False
The error was encountered while trying to process the following lines:
    norm_num [Nat.ModEq]



[2026-09-11 15:42:20,939][src.models.HILBERTWorker][INFO] - ********************************************************************************
[2026-09-11 15:42:20,939][src.tools.AsyncJobPool][INFO] - ✅ Job 'Task-3825' finished

--- line 420669 ---
      | inr h₆ =>
        exact h₆
    exact h₅
  
  simpa using h_main
[2026-09-11 15:44:12,229][src.models.HILBERTWorker][INFO] - ********************************************************************************
[2026-09-11 15:44:23,459][src.models.HILBERTWorker][INFO] - ********************************************************************************
[2026-09-11 15:44:23,460][src.models.HILBERTWorker][INFO] - Generated Formal Proof:
[2026-09-11 15:44:23,460][src.models.HILBERTWorker][INFO] - theorem h_mod_mathd_numbertheory_343 :
    (∏ k ∈ Finset.range 6, 2 * k + 1) ≡
      (1 * 3 * 5 * 7 * 9 * 1) [MOD 10] := by
  have h₁ : (∏ k ∈ Finset.range 6, 2 * k + 1) = 10395 := by
    norm_num [Finset.prod_range_succ, Finset.prod_range_zero, Nat.mul_add, Nat.add_mul]
    <;> rfl
  
  have h₂ : (1 * 3 * 5 * 7 * 9 * 1 : ℕ) = 945 := by
    norm_num
    <;> rfl
  
  have h₃ : 10395 % 10 = 945 % 10 := by
    norm_num
    <;> rfl
  
  have h₄ : (∏ k ∈ Finset.range 6, 2 * k + 1) ≡ (1 * 3 * 5 * 7 * 9 * 1) [MOD 10] := by
    rw [h₁, h₂]
    <;> norm_num [Nat.ModEq]
    <;> rfl
  
  apply h₄
[2026-09-11 15:44:23,460][src.models.HILBERTWorker][INFO] - ********************************************************************************
[2026-09-11 15:44:31,183][src.models.HILBERTWorker][INFO] - ********************************************************************************
[2026-09-11 15:44:31,183][src.models.HILBERTWorker][INFO] - Generated Formal Proof:
[2026-09-11 15:44:31,183][src.models.HILBERTWorker][INFO] - theorem h_mod_mathd_numbertheory_343 :
    (∏ k ∈ Finset.range 6, 2 * k + 1) ≡
      (1 * 3 * 5 * 7 * 9 * 1) [MOD 10] := by
  have h_main : (∏ k ∈ Finset.range 6, 2 * k + 1) % 10 = (1 * 3 * 5 * 7 * 9 * 1) % 10 := by
    norm_num [Finset.prod_range_succ, Finset.prod_range_zero, Nat.mul_mod, Nat.add_mod, Nat.mod_mod]
    <;> rfl

--- line 420693 ---
    rw [h₁, h₂]
    <;> norm_num [Nat.ModEq]
    <;> rfl
  
  apply h₄
[2026-09-11 15:44:23,460][src.models.HILBERTWorker][INFO] - ********************************************************************************
[2026-09-11 15:44:31,183][src.models.HILBERTWorker][INFO] - ********************************************************************************
[2026-09-11 15:44:31,183][src.models.HILBERTWorker][INFO] - Generated Formal Proof:
[2026-09-11 15:44:31,183][src.models.HILBERTWorker][INFO] - theorem h_mod_mathd_numbertheory_343 :
    (∏ k ∈ Finset.range 6, 2 * k + 1) ≡
      (1 * 3 * 5 * 7 * 9 * 1) [MOD 10] := by
  have h_main : (∏ k ∈ Finset.range 6, 2 * k + 1) % 10 = (1 * 3 * 5 * 7 * 9 * 1) % 10 := by
    norm_num [Finset.prod_range_succ, Finset.prod_range_zero, Nat.mul_mod, Nat.add_mod, Nat.mod_mod]
    <;> rfl
  
  have h_final : (∏ k ∈ Finset.range 6, 2 * k + 1) ≡ (1 * 3 * 5 * 7 * 9 * 1) [MOD 10] := by
    rw [Nat.ModEq]
    <;> exact h_main
  
  exact h_final
[2026-09-11 15:44:31,183][src.models.HILBERTWorker][INFO] - ********************************************************************************
[2026-09-11 15:44:44,377][src.models.HILBERTWorker][INFO] - RESULT: False
[2026-09-11 15:44:44,377][src.models.HILBERTWorker][INFO] - ERROR MESSAGE: 

The provided proof:
```lean4 
import Mathlib
import Aesop

set_option maxHeartbeats 0

open BigOperators Real Nat Topology Rat

theorem h_irred_q_h_eq_h_eq_h_minpoly_eq_h_lin_ind_algebra_apbmpcneq0_aeq0anbeq0anceq0 {m : ℝ}
    (h_dvd :
        minpoly ℚ m ∣
          ((Polynomial.X : Polynomial ℚ) ^ (3 : ℕ) - Polynomial.C (2 : ℚ)))
    (h_monic_minpoly : (minpoly ℚ m).Monic)

--- line 424459 ---
```lean4 
import Mathlib
import Aesop

set_option maxHeartbeats 0

open BigOperators Real Nat Topology Rat

theorem h_mod_mathd_numbertheory_343 :
    (∏ k ∈ Finset.range 6, 2 * k + 1) ≡
      (1 * 3 * 5 * 7 * 9 * 1) [MOD 10] := by
  have h₁ : (∏ k ∈ Finset.range 6, 2 * k + 1) = 10395 := by
    norm_num [Finset.prod_range_succ, Finset.prod_range_zero, Nat.mul_add, Nat.add_mul]
    <;> rfl
  
  have h₂ : (1 * 3 * 5 * 7 * 9 * 1 : ℕ) = 945 := by
    norm_num
    <;> rfl
  
  have h₃ : 10395 % 10 = 945 % 10 := by
    norm_num
    <;> rfl
  
  have h₄ : (∏ k ∈ Finset.range 6, 2 * k + 1) ≡ (1 * 3 * 5 * 7 * 9 * 1) [MOD 10] := by
    rw [h₁, h₂]
    <;> norm_num [Nat.ModEq]
    <;> rfl
  
  apply h₄
```


Error message from Lean: tactic 'rfl' failed, expected goal to be a binary relation
⊢ False
The error was encountered while trying to process the following lines:
    norm_num



--- line 424504 ---
```lean4 
import Mathlib
import Aesop

set_option maxHeartbeats 0

open BigOperators Real Nat Topology Rat

theorem h_mod_mathd_numbertheory_343 :
    (∏ k ∈ Finset.range 6, 2 * k + 1) ≡
      (1 * 3 * 5 * 7 * 9 * 1) [MOD 10] := by
  have h₁ : (∏ k ∈ Finset.range 6, 2 * k + 1) = 10395 := by
    norm_num [Finset.prod_range_succ, Finset.prod_range_zero, Nat.mul_add, Nat.add_mul]
    <;> rfl
  
  have h₂ : (1 * 3 * 5 * 7 * 9 * 1 : ℕ) = 945 := by
    norm_num
    <;> rfl
  
  have h₃ : 10395 % 10 = 945 % 10 := by
    norm_num
    <;> rfl
  
  have h₄ : (∏ k ∈ Finset.range 6, 2 * k + 1) ≡ (1 * 3 * 5 * 7 * 9 * 1) [MOD 10] := by
    rw [h₁, h₂]
    <;> norm_num [Nat.ModEq]
    <;> rfl
  
  apply h₄
```


Error message from Lean: tactic 'rfl' failed, expected goal to be a binary relation
⊢ False
The error was encountered while trying to process the following lines:
    norm_num



--- line 424548 ---
```lean4 
import Mathlib
import Aesop

set_option maxHeartbeats 0

open BigOperators Real Nat Topology Rat

theorem h_mod_mathd_numbertheory_343 :
    (∏ k ∈ Finset.range 6, 2 * k + 1) ≡
      (1 * 3 * 5 * 7 * 9 * 1) [MOD 10] := by
  have h_main : (∏ k ∈ Finset.range 6, 2 * k + 1) % 10 = (1 * 3 * 5 * 7 * 9 * 1) % 10 := by
    norm_num [Finset.prod_range_succ, Finset.prod_range_zero, Nat.mul_mod, Nat.add_mod, Nat.mod_mod]
    <;> rfl
  
  have h_final : (∏ k ∈ Finset.range 6, 2 * k + 1) ≡ (1 * 3 * 5 * 7 * 9 * 1) [MOD 10] := by
    rw [Nat.ModEq]
    <;> exact h_main
  
  exact h_final
```


Error message from Lean: tactic 'rfl' failed, expected goal to be a binary relation
⊢ False
The error was encountered while trying to process the following lines:
    rw [Nat.ModEq]



[2026-09-11 15:44:55,299][src.models.HILBERTWorker][INFO] - Proof verification failed!
[2026-09-11 15:44:55,299][src.models.HILBERTWorker][INFO] - ********************************************************************************
[2026-09-11 15:44:55,299][src.models.HILBERTWorker][INFO] - Error Message:
[2026-09-11 15:44:55,299][src.models.HILBERTWorker][INFO] - 

The provided proof:
```lean4 
import Mathlib

--- line 424584 ---
```lean4 
import Mathlib
import Aesop

set_option maxHeartbeats 0

open BigOperators Real Nat Topology Rat

theorem h_mod_mathd_numbertheory_343 :
    (∏ k ∈ Finset.range 6, 2 * k + 1) ≡
      (1 * 3 * 5 * 7 * 9 * 1) [MOD 10] := by
  have h_main : (∏ k ∈ Finset.range 6, 2 * k + 1) % 10 = (1 * 3 * 5 * 7 * 9 * 1) % 10 := by
    norm_num [Finset.prod_range_succ, Finset.prod_range_zero, Nat.mul_mod, Nat.add_mod, Nat.mod_mod]
    <;> rfl
  
  have h_final : (∏ k ∈ Finset.range 6, 2 * k + 1) ≡ (1 * 3 * 5 * 7 * 9 * 1) [MOD 10] := by
    rw [Nat.ModEq]
    <;> exact h_main
  
  exact h_final
```


Error message from Lean: tactic 'rfl' failed, expected goal to be a binary relation
⊢ False
The error was encountered while trying to process the following lines:
    rw [Nat.ModEq]



[2026-09-11 15:44:55,300][src.models.HILBERTWorker][INFO] - ********************************************************************************
[2026-09-11 15:44:55,300][src.tools.AsyncJobPool][INFO] - ✅ Job 'Task-3823' finished
[2026-09-11 15:44:55,300][src.tools.AsyncJobPool][INFO] - ✅ Job 'Task-3824' finished
[2026-09-11 15:44:55,300][src.tools.AsyncJobPool][INFO] - 
All jobs completed, no truthy result found.
[2026-09-11 15:44:55,301][src.models.HILBERTWorker][INFO] - ********************************************************************************
[2026-09-11 15:44:55,301][src.models.HILBERTWorker][INFO] - Checking for mathematical correctness...
[2026-09-11 15:44:55,301][src.models.HILBERTWorker][INFO] - ********************************************************************************

--- line 424674 ---
* The expression `2 * k + 1` uses only multiplication and addition on `ℕ`, which is allowed.
* `∏ k ∈ Finset.range 6, 2 * k + 1` is a `ℕ`.
* The right‑hand side `(1 * 3 * 5 * 7 * 9 * 1)` is also a `ℕ`.
* The notation `≡ … [MOD 10]` is `Nat.ModEq`, which expects three `ℕ` arguments, all provided.

No division or subtraction on natural numbers appears, and all implicit types are unambiguous. The proof term is supplied by `sorry`, which Lean accepts as a placeholder proof (admitting the theorem). Hence the statement is well‑formed and provable in Lean 4 (though the proof is omitted).
</justification>
[2026-09-11 15:45:09,929][src.models.HILBERTWorker][INFO] - The subgoal is correct!
[2026-09-11 15:45:09,930][src.tools.AsyncJobPool][INFO] - ✅ Job 'theorem_h_mod_mathd_numbertheory_343' finished with result: (True, 'theorem h_mod_mathd_numbertheory_343 :\n    (∏ k ∈ Finset.range 6, 2 * k + 1) ≡\n      (1 * 3 * 5 * 7 * 9 * 1) [MOD 10] := by\n  sorry', None, None)
[2026-09-11 15:45:09,930][src.tools.AsyncJobPool][INFO] - 🏆 Success from 'theorem_h_mod_mathd_numbertheory_343': (True, 'theorem h_mod_mathd_numbertheory_343 :\n    (∏ k ∈ Finset.range 6, 2 * k + 1) ≡\n      (1 * 3 * 5 * 7 * 9 * 1) [MOD 10] := by\n  sorry', None, None)
[2026-09-11 15:45:09,930][src.tools.AsyncJobPool][INFO] - 
🎉 All 3 jobs completed successfully!
[2026-09-11 15:45:09,931][src.models.HILBERTWorker][INFO] - ********************************************************************************
[2026-09-11 15:45:09,931][src.models.HILBERTWorker][INFO] - Corrected proof sketch (attempt 1)
[2026-09-11 15:45:09,931][src.models.HILBERTWorker][INFO] - ********************************************************************************
[2026-09-11 15:45:09,931][src.models.HILBERTWorker][INFO] - theorem mathd_numbertheory_343 :
    (∏ k ∈ Finset.range 6, 2 * k + 1) % 10 = 5 := by
  have h_mod :
      (∏ k ∈ Finset.range 6, 2 * k + 1) ≡
        (1 * 3 * 5 * 7 * 9 * 1) [MOD 10] := by
    exact h_mod_mathd_numbertheory_343
  have h_eq_mod :
      (∏ k ∈ Finset.range 6, 2 * k + 1) % 10 =
        (1 * 3 * 5 * 7 * 9 * 1) % 10 := by
    exact h_eq_mod_mathd_numbertheory_343 h_mod
  have h_rem : (1 * 3 * 5 * 7 * 9 * 1) % 10 = 5 := by
    exact h_rem_mathd_numbertheory_343
  simpa [h_rem] using h_eq_mod
[2026-09-11 15:45:09,933][src.models.HILBERTWorker][INFO] - Added 3 subgoals to proof tree
[2026-09-11 15:45:09,933][src.models.HILBERTWorker][INFO] - 
================================================================================
[2026-09-11 15:45:09,933][src.models.HILBERTWorker][INFO] - PROOF PROGRESS TREE
[2026-09-11 15:45:09,934][src.models.HILBERTWorker][INFO] - ================================================================================
[2026-09-11 15:45:09,934][src.models.HILBERTWorker][INFO] - └─ 🔄 mathd_numbertheory_343: theorem mathd_numbertheory_343 : (∏ k ∈ Finset.range 6, 2 * k + 1) % 10 = 5 := by ... [SUBGOAL_DECOMP]
    ├─ ⏳ h_rem_mathd_numbertheory_343: theorem h_rem_mathd_numbertheory_343 :     (1 * 3 * 5 * 7 * 9 * 1) % 10 = 5 := by   sorry... (depth 1)
    ├─ ⏳ h_eq_mod_mathd_numbertheory_343: theorem h_eq_mod_mathd_numbertheory_343 (h_mod :     (∏ k ∈ Finset.range 6, 2 * k + 1) ≡       (1 * ... (depth 1)
    └─ ⏳ h_mod_mathd_numbertheory_343: theorem h_mod_mathd_numbertheory_343 :     (∏ k ∈ Finset.range 6, 2 * k + 1) ≡       (1 * 3 * 5 * 7 ... (depth 1)
[2026-09-11 15:45:09,934][src.models.HILBERTWorker][INFO] - ================================================================================

--- line 424675 ---
* `∏ k ∈ Finset.range 6, 2 * k + 1` is a `ℕ`.
* The right‑hand side `(1 * 3 * 5 * 7 * 9 * 1)` is also a `ℕ`.
* The notation `≡ … [MOD 10]` is `Nat.ModEq`, which expects three `ℕ` arguments, all provided.

No division or subtraction on natural numbers appears, and all implicit types are unambiguous. The proof term is supplied by `sorry`, which Lean accepts as a placeholder proof (admitting the theorem). Hence the statement is well‑formed and provable in Lean 4 (though the proof is omitted).
</justification>
[2026-09-11 15:45:09,929][src.models.HILBERTWorker][INFO] - The subgoal is correct!
[2026-09-11 15:45:09,930][src.tools.AsyncJobPool][INFO] - ✅ Job 'theorem_h_mod_mathd_numbertheory_343' finished with result: (True, 'theorem h_mod_mathd_numbertheory_343 :\n    (∏ k ∈ Finset.range 6, 2 * k + 1) ≡\n      (1 * 3 * 5 * 7 * 9 * 1) [MOD 10] := by\n  sorry', None, None)
[2026-09-11 15:45:09,930][src.tools.AsyncJobPool][INFO] - 🏆 Success from 'theorem_h_mod_mathd_numbertheory_343': (True, 'theorem h_mod_mathd_numbertheory_343 :\n    (∏ k ∈ Finset.range 6, 2 * k + 1) ≡\n      (1 * 3 * 5 * 7 * 9 * 1) [MOD 10] := by\n  sorry', None, None)
[2026-09-11 15:45:09,930][src.tools.AsyncJobPool][INFO] - 
🎉 All 3 jobs completed successfully!
[2026-09-11 15:45:09,931][src.models.HILBERTWorker][INFO] - ********************************************************************************
[2026-09-11 15:45:09,931][src.models.HILBERTWorker][INFO] - Corrected proof sketch (attempt 1)
[2026-09-11 15:45:09,931][src.models.HILBERTWorker][INFO] - ********************************************************************************
[2026-09-11 15:45:09,931][src.models.HILBERTWorker][INFO] - theorem mathd_numbertheory_343 :
    (∏ k ∈ Finset.range 6, 2 * k + 1) % 10 = 5 := by
  have h_mod :
      (∏ k ∈ Finset.range 6, 2 * k + 1) ≡
        (1 * 3 * 5 * 7 * 9 * 1) [MOD 10] := by
    exact h_mod_mathd_numbertheory_343
  have h_eq_mod :
      (∏ k ∈ Finset.range 6, 2 * k + 1) % 10 =
        (1 * 3 * 5 * 7 * 9 * 1) % 10 := by
    exact h_eq_mod_mathd_numbertheory_343 h_mod
  have h_rem : (1 * 3 * 5 * 7 * 9 * 1) % 10 = 5 := by
    exact h_rem_mathd_numbertheory_343
  simpa [h_rem] using h_eq_mod
[2026-09-11 15:45:09,933][src.models.HILBERTWorker][INFO] - Added 3 subgoals to proof tree
[2026-09-11 15:45:09,933][src.models.HILBERTWorker][INFO] - 
================================================================================
[2026-09-11 15:45:09,933][src.models.HILBERTWorker][INFO] - PROOF PROGRESS TREE
[2026-09-11 15:45:09,934][src.models.HILBERTWorker][INFO] - ================================================================================
[2026-09-11 15:45:09,934][src.models.HILBERTWorker][INFO] - └─ 🔄 mathd_numbertheory_343: theorem mathd_numbertheory_343 : (∏ k ∈ Finset.range 6, 2 * k + 1) % 10 = 5 := by ... [SUBGOAL_DECOMP]
    ├─ ⏳ h_rem_mathd_numbertheory_343: theorem h_rem_mathd_numbertheory_343 :     (1 * 3 * 5 * 7 * 9 * 1) % 10 = 5 := by   sorry... (depth 1)
    ├─ ⏳ h_eq_mod_mathd_numbertheory_343: theorem h_eq_mod_mathd_numbertheory_343 (h_mod :     (∏ k ∈ Finset.range 6, 2 * k + 1) ≡       (1 * ... (depth 1)
    └─ ⏳ h_mod_mathd_numbertheory_343: theorem h_mod_mathd_numbertheory_343 :     (∏ k ∈ Finset.range 6, 2 * k + 1) ≡       (1 * 3 * 5 * 7 ... (depth 1)
[2026-09-11 15:45:09,934][src.models.HILBERTWorker][INFO] - ================================================================================
[2026-09-11 15:45:09,934][src.models.HILBERTWorker][INFO] - 

--- line 424686 ---
[2026-09-11 15:45:09,931][src.models.HILBERTWorker][INFO] - ********************************************************************************
[2026-09-11 15:45:09,931][src.models.HILBERTWorker][INFO] - Corrected proof sketch (attempt 1)
[2026-09-11 15:45:09,931][src.models.HILBERTWorker][INFO] - ********************************************************************************
[2026-09-11 15:45:09,931][src.models.HILBERTWorker][INFO] - theorem mathd_numbertheory_343 :
    (∏ k ∈ Finset.range 6, 2 * k + 1) % 10 = 5 := by
  have h_mod :
      (∏ k ∈ Finset.range 6, 2 * k + 1) ≡
        (1 * 3 * 5 * 7 * 9 * 1) [MOD 10] := by
    exact h_mod_mathd_numbertheory_343
  have h_eq_mod :
      (∏ k ∈ Finset.range 6, 2 * k + 1) % 10 =
        (1 * 3 * 5 * 7 * 9 * 1) % 10 := by
    exact h_eq_mod_mathd_numbertheory_343 h_mod
  have h_rem : (1 * 3 * 5 * 7 * 9 * 1) % 10 = 5 := by
    exact h_rem_mathd_numbertheory_343
  simpa [h_rem] using h_eq_mod
[2026-09-11 15:45:09,933][src.models.HILBERTWorker][INFO] - Added 3 subgoals to proof tree
[2026-09-11 15:45:09,933][src.models.HILBERTWorker][INFO] - 
================================================================================
[2026-09-11 15:45:09,933][src.models.HILBERTWorker][INFO] - PROOF PROGRESS TREE
[2026-09-11 15:45:09,934][src.models.HILBERTWorker][INFO] - ================================================================================
[2026-09-11 15:45:09,934][src.models.HILBERTWorker][INFO] - └─ 🔄 mathd_numbertheory_343: theorem mathd_numbertheory_343 : (∏ k ∈ Finset.range 6, 2 * k + 1) % 10 = 5 := by ... [SUBGOAL_DECOMP]
    ├─ ⏳ h_rem_mathd_numbertheory_343: theorem h_rem_mathd_numbertheory_343 :     (1 * 3 * 5 * 7 * 9 * 1) % 10 = 5 := by   sorry... (depth 1)
    ├─ ⏳ h_eq_mod_mathd_numbertheory_343: theorem h_eq_mod_mathd_numbertheory_343 (h_mod :     (∏ k ∈ Finset.range 6, 2 * k + 1) ≡       (1 * ... (depth 1)
    └─ ⏳ h_mod_mathd_numbertheory_343: theorem h_mod_mathd_numbertheory_343 :     (∏ k ∈ Finset.range 6, 2 * k + 1) ≡       (1 * 3 * 5 * 7 ... (depth 1)
[2026-09-11 15:45:09,934][src.models.HILBERTWorker][INFO] - ================================================================================
[2026-09-11 15:45:09,934][src.models.HILBERTWorker][INFO] - 

[2026-09-11 15:45:09,934][src.models.HILBERTWorker][INFO] - ALL EXTRACTED THEOREMS
[2026-09-11 15:45:09,935][src.models.HILBERTWorker][INFO] - ['theorem h_rem_mathd_numbertheory_343 :\n    (1 * 3 * 5 * 7 * 9 * 1) % 10 = 5 := by\n  sorry', 'theorem h_eq_mod_mathd_numbertheory_343 (h_mod :\n    (∏ k ∈ Finset.range 6, 2 * k + 1) ≡\n      (1 * 3 * 5 * 7 * 9 * 1) [MOD 10]) :\n    (∏ k ∈ Finset.range 6, 2 * k + 1) % 10 =\n      (1 * 3 * 5 * 7 * 9 * 1) % 10 := by\n  sorry', 'theorem h_mod_mathd_numbertheory_343 :\n    (∏ k ∈ Finset.range 6, 2 * k + 1) ≡\n      (1 * 3 * 5 * 7 * 9 * 1) [MOD 10] := by\n  sorry']
[2026-09-11 15:45:09,935][src.models.HILBERTWorker][INFO] - ********************************************************************************
[2026-09-11 15:45:09,935][src.models.HILBERTWorker][INFO] - Verifying Theorem
[2026-09-11 15:45:09,935][src.models.HILBERTWorker][INFO] - theorem h_rem_mathd_numbertheory_343 :
    (1 * 3 * 5 * 7 * 9 * 1) % 10 = 5 := by
  sorry
[2026-09-11 15:45:09,935][src.models.HILBERTWorker][INFO] - ********************************************************************************
[2026-09-11 15:45:09,936][src.models.HILBERTWorker][INFO] - Theorem already proved
[2026-09-11 15:45:09,936][src.models.HILBERTWorker][INFO] - ********************************************************************************

--- line 424702 ---
[2026-09-11 15:45:09,933][src.models.HILBERTWorker][INFO] - Added 3 subgoals to proof tree
[2026-09-11 15:45:09,933][src.models.HILBERTWorker][INFO] - 
================================================================================
[2026-09-11 15:45:09,933][src.models.HILBERTWorker][INFO] - PROOF PROGRESS TREE
[2026-09-11 15:45:09,934][src.models.HILBERTWorker][INFO] - ================================================================================
[2026-09-11 15:45:09,934][src.models.HILBERTWorker][INFO] - └─ 🔄 mathd_numbertheory_343: theorem mathd_numbertheory_343 : (∏ k ∈ Finset.range 6, 2 * k + 1) % 10 = 5 := by ... [SUBGOAL_DECOMP]
    ├─ ⏳ h_rem_mathd_numbertheory_343: theorem h_rem_mathd_numbertheory_343 :     (1 * 3 * 5 * 7 * 9 * 1) % 10 = 5 := by   sorry... (depth 1)
    ├─ ⏳ h_eq_mod_mathd_numbertheory_343: theorem h_eq_mod_mathd_numbertheory_343 (h_mod :     (∏ k ∈ Finset.range 6, 2 * k + 1) ≡       (1 * ... (depth 1)
    └─ ⏳ h_mod_mathd_numbertheory_343: theorem h_mod_mathd_numbertheory_343 :     (∏ k ∈ Finset.range 6, 2 * k + 1) ≡       (1 * 3 * 5 * 7 ... (depth 1)
[2026-09-11 15:45:09,934][src.models.HILBERTWorker][INFO] - ================================================================================
[2026-09-11 15:45:09,934][src.models.HILBERTWorker][INFO] - 

[2026-09-11 15:45:09,934][src.models.HILBERTWorker][INFO] - ALL EXTRACTED THEOREMS
[2026-09-11 15:45:09,935][src.models.HILBERTWorker][INFO] - ['theorem h_rem_mathd_numbertheory_343 :\n    (1 * 3 * 5 * 7 * 9 * 1) % 10 = 5 := by\n  sorry', 'theorem h_eq_mod_mathd_numbertheory_343 (h_mod :\n    (∏ k ∈ Finset.range 6, 2 * k + 1) ≡\n      (1 * 3 * 5 * 7 * 9 * 1) [MOD 10]) :\n    (∏ k ∈ Finset.range 6, 2 * k + 1) % 10 =\n      (1 * 3 * 5 * 7 * 9 * 1) % 10 := by\n  sorry', 'theorem h_mod_mathd_numbertheory_343 :\n    (∏ k ∈ Finset.range 6, 2 * k + 1) ≡\n      (1 * 3 * 5 * 7 * 9 * 1) [MOD 10] := by\n  sorry']
[2026-09-11 15:45:09,935][src.models.HILBERTWorker][INFO] - ********************************************************************************
[2026-09-11 15:45:09,935][src.models.HILBERTWorker][INFO] - Verifying Theorem
[2026-09-11 15:45:09,935][src.models.HILBERTWorker][INFO] - theorem h_rem_mathd_numbertheory_343 :
    (1 * 3 * 5 * 7 * 9 * 1) % 10 = 5 := by
  sorry
[2026-09-11 15:45:09,935][src.models.HILBERTWorker][INFO] - ********************************************************************************
[2026-09-11 15:45:09,936][src.models.HILBERTWorker][INFO] - Theorem already proved
[2026-09-11 15:45:09,936][src.models.HILBERTWorker][INFO] - ********************************************************************************
[2026-09-11 15:45:09,936][src.models.HILBERTWorker][INFO] - ********************************************************************************
[2026-09-11 15:45:09,936][src.models.HILBERTWorker][INFO] - Verifying Theorem
[2026-09-11 15:45:09,937][src.models.HILBERTWorker][INFO] - theorem h_eq_mod_mathd_numbertheory_343 (h_mod :
    (∏ k ∈ Finset.range 6, 2 * k + 1) ≡
      (1 * 3 * 5 * 7 * 9 * 1) [MOD 10]) :
    (∏ k ∈ Finset.range 6, 2 * k + 1) % 10 =
      (1 * 3 * 5 * 7 * 9 * 1) % 10 := by
  sorry
[2026-09-11 15:45:09,937][src.models.HILBERTWorker][INFO] - ********************************************************************************
[2026-09-11 15:45:09,937][src.models.HILBERTWorker][INFO] - Theorem already proved
[2026-09-11 15:45:09,937][src.models.HILBERTWorker][INFO] - ********************************************************************************
[2026-09-11 15:45:09,938][src.models.HILBERTWorker][INFO] - ********************************************************************************
[2026-09-11 15:45:09,938][src.models.HILBERTWorker][INFO] - Verifying Theorem
[2026-09-11 15:45:09,938][src.models.HILBERTWorker][INFO] - theorem h_mod_mathd_numbertheory_343 :
    (∏ k ∈ Finset.range 6, 2 * k + 1) ≡
      (1 * 3 * 5 * 7 * 9 * 1) [MOD 10] := by

--- line 424707 ---
[2026-09-11 15:45:09,934][src.models.HILBERTWorker][INFO] - └─ 🔄 mathd_numbertheory_343: theorem mathd_numbertheory_343 : (∏ k ∈ Finset.range 6, 2 * k + 1) % 10 = 5 := by ... [SUBGOAL_DECOMP]
    ├─ ⏳ h_rem_mathd_numbertheory_343: theorem h_rem_mathd_numbertheory_343 :     (1 * 3 * 5 * 7 * 9 * 1) % 10 = 5 := by   sorry... (depth 1)
    ├─ ⏳ h_eq_mod_mathd_numbertheory_343: theorem h_eq_mod_mathd_numbertheory_343 (h_mod :     (∏ k ∈ Finset.range 6, 2 * k + 1) ≡       (1 * ... (depth 1)
    └─ ⏳ h_mod_mathd_numbertheory_343: theorem h_mod_mathd_numbertheory_343 :     (∏ k ∈ Finset.range 6, 2 * k + 1) ≡       (1 * 3 * 5 * 7 ... (depth 1)
[2026-09-11 15:45:09,934][src.models.HILBERTWorker][INFO] - ================================================================================
[2026-09-11 15:45:09,934][src.models.HILBERTWorker][INFO] - 

[2026-09-11 15:45:09,934][src.models.HILBERTWorker][INFO] - ALL EXTRACTED THEOREMS
[2026-09-11 15:45:09,935][src.models.HILBERTWorker][INFO] - ['theorem h_rem_mathd_numbertheory_343 :\n    (1 * 3 * 5 * 7 * 9 * 1) % 10 = 5 := by\n  sorry', 'theorem h_eq_mod_mathd_numbertheory_343 (h_mod :\n    (∏ k ∈ Finset.range 6, 2 * k + 1) ≡\n      (1 * 3 * 5 * 7 * 9 * 1) [MOD 10]) :\n    (∏ k ∈ Finset.range 6, 2 * k + 1) % 10 =\n      (1 * 3 * 5 * 7 * 9 * 1) % 10 := by\n  sorry', 'theorem h_mod_mathd_numbertheory_343 :\n    (∏ k ∈ Finset.range 6, 2 * k + 1) ≡\n      (1 * 3 * 5 * 7 * 9 * 1) [MOD 10] := by\n  sorry']
[2026-09-11 15:45:09,935][src.models.HILBERTWorker][INFO] - ********************************************************************************
[2026-09-11 15:45:09,935][src.models.HILBERTWorker][INFO] - Verifying Theorem
[2026-09-11 15:45:09,935][src.models.HILBERTWorker][INFO] - theorem h_rem_mathd_numbertheory_343 :
    (1 * 3 * 5 * 7 * 9 * 1) % 10 = 5 := by
  sorry
[2026-09-11 15:45:09,935][src.models.HILBERTWorker][INFO] - ********************************************************************************
[2026-09-11 15:45:09,936][src.models.HILBERTWorker][INFO] - Theorem already proved
[2026-09-11 15:45:09,936][src.models.HILBERTWorker][INFO] - ********************************************************************************
[2026-09-11 15:45:09,936][src.models.HILBERTWorker][INFO] - ********************************************************************************
[2026-09-11 15:45:09,936][src.models.HILBERTWorker][INFO] - Verifying Theorem
[2026-09-11 15:45:09,937][src.models.HILBERTWorker][INFO] - theorem h_eq_mod_mathd_numbertheory_343 (h_mod :
    (∏ k ∈ Finset.range 6, 2 * k + 1) ≡
      (1 * 3 * 5 * 7 * 9 * 1) [MOD 10]) :
    (∏ k ∈ Finset.range 6, 2 * k + 1) % 10 =
      (1 * 3 * 5 * 7 * 9 * 1) % 10 := by
  sorry
[2026-09-11 15:45:09,937][src.models.HILBERTWorker][INFO] - ********************************************************************************
[2026-09-11 15:45:09,937][src.models.HILBERTWorker][INFO] - Theorem already proved
[2026-09-11 15:45:09,937][src.models.HILBERTWorker][INFO] - ********************************************************************************
[2026-09-11 15:45:09,938][src.models.HILBERTWorker][INFO] - ********************************************************************************
[2026-09-11 15:45:09,938][src.models.HILBERTWorker][INFO] - Verifying Theorem
[2026-09-11 15:45:09,938][src.models.HILBERTWorker][INFO] - theorem h_mod_mathd_numbertheory_343 :
    (∏ k ∈ Finset.range 6, 2 * k + 1) ≡
      (1 * 3 * 5 * 7 * 9 * 1) [MOD 10] := by
  sorry
[2026-09-11 15:45:09,939][src.tools.AsyncJobPool][INFO] - 📥 Submitted job: h_mod_mathd_numbertheory_343
[2026-09-11 15:45:09,939][src.models.HILBERTWorker][INFO] - Subgoals being solved in parallel:
[2026-09-11 15:45:09,939][src.models.HILBERTWorker][INFO] - 
================================================================================

--- line 424729 ---
    (∏ k ∈ Finset.range 6, 2 * k + 1) % 10 =
      (1 * 3 * 5 * 7 * 9 * 1) % 10 := by
  sorry
[2026-09-11 15:45:09,937][src.models.HILBERTWorker][INFO] - ********************************************************************************
[2026-09-11 15:45:09,937][src.models.HILBERTWorker][INFO] - Theorem already proved
[2026-09-11 15:45:09,937][src.models.HILBERTWorker][INFO] - ********************************************************************************
[2026-09-11 15:45:09,938][src.models.HILBERTWorker][INFO] - ********************************************************************************
[2026-09-11 15:45:09,938][src.models.HILBERTWorker][INFO] - Verifying Theorem
[2026-09-11 15:45:09,938][src.models.HILBERTWorker][INFO] - theorem h_mod_mathd_numbertheory_343 :
    (∏ k ∈ Finset.range 6, 2 * k + 1) ≡
      (1 * 3 * 5 * 7 * 9 * 1) [MOD 10] := by
  sorry
[2026-09-11 15:45:09,939][src.tools.AsyncJobPool][INFO] - 📥 Submitted job: h_mod_mathd_numbertheory_343
[2026-09-11 15:45:09,939][src.models.HILBERTWorker][INFO] - Subgoals being solved in parallel:
[2026-09-11 15:45:09,939][src.models.HILBERTWorker][INFO] - 
================================================================================
[2026-09-11 15:45:09,939][src.models.HILBERTWorker][INFO] - PROOF PROGRESS TREE
[2026-09-11 15:45:09,939][src.models.HILBERTWorker][INFO] - ================================================================================
[2026-09-11 15:45:09,940][src.models.HILBERTWorker][INFO] - └─ 🔄 mathd_numbertheory_343: theorem mathd_numbertheory_343 : (∏ k ∈ Finset.range 6, 2 * k + 1) % 10 = 5 := by ... [SUBGOAL_DECOMP]
    ├─ ✅ h_rem_mathd_numbertheory_343: theorem h_rem_mathd_numbertheory_343 :     (1 * 3 * 5 * 7 * 9 * 1) % 10 = 5 := by   sorry... (depth 1)
    ├─ ✅ h_eq_mod_mathd_numbertheory_343: theorem h_eq_mod_mathd_numbertheory_343 (h_mod :     (∏ k ∈ Finset.range 6, 2 * k + 1) ≡       (1 * ... (depth 1)
    └─ 🔄 h_mod_mathd_numbertheory_343: theorem h_mod_mathd_numbertheory_343 :     (∏ k ∈ Finset.range 6, 2 * k + 1) ≡       (1 * 3 * 5 * 7 ... (depth 1)
[2026-09-11 15:45:09,940][src.models.HILBERTWorker][INFO] - ================================================================================
[2026-09-11 15:45:09,940][src.models.HILBERTWorker][INFO] - 

[2026-09-11 15:45:09,941][src.tools.AsyncJobPool][INFO] - 📥 Submitted job: Task-3844
[2026-09-11 15:45:09,941][src.tools.AsyncJobPool][INFO] - 📥 Submitted job: Task-3845
[2026-09-11 15:45:09,941][src.tools.AsyncJobPool][INFO] - 📥 Submitted job: Task-3846
[2026-09-11 15:45:09,941][src.tools.AsyncJobPool][INFO] - 📥 Submitted job: Task-3847
[2026-09-11 15:45:16,630][src.models.HILBERTWorker][INFO] - The subgoal is correctly formed! Full response:
[2026-09-11 15:45:16,631][src.models.HILBERTWorker][INFO] - YES
<justification>
The theorem is syntactically correct. All polynomial expressions are over ℚ, the exponent `3` is explicitly given as a `ℕ`, and all necessary casts (e.g. `2 : ℚ`) are provided. The variable `m : ℝ` is acceptable because `ℝ` is a `ℚ`‑algebra, so `minpoly ℚ m` is well‑typed. No natural‑number subtraction or division appears, and there are no type mismatches or missing implicit arguments. Given the supplied hypotheses (division, monicity, non‑zero, degree, and irreducibility of the cubic), the equality of the minimal polynomial with the cubic polynomial follows by standard arguments, so the statement is provable in Lean 4.
</justification>
[2026-09-11 15:45:16,631][src.models.HILBERTWorker][INFO] - The subgoal is correct!
[2026-09-11 15:45:16,632][src.tools.AsyncJobPool][INFO] - ✅ Job 'theorem_h_eq_up_to_unit_h_eq_h_eq_h_minpoly_eq_h_lin_ind_algebra_apbmpcneq0_aeq0anbeq0anceq0' finished with result: (True, 'theorem h_eq_up_to_unit_h_eq_h_eq_h_minpoly_eq_h_lin_ind_algebra_apbmpcneq0_aeq0anbeq0anceq0 {m : ℝ}\n    (h_dvd :\n        minpoly ℚ m ∣\n          ((Polynomial.X : Polynomial ℚ) ^ (3 : ℕ) - Polynomial.C (2 : ℚ)))\n    (h_monic_minpoly : (minpoly ℚ m).Monic)\n    (h_monic_X :\n        ((Polynomial.X : Polynomial ℚ) ^ (3 : ℕ) - Polynomial.C (2 : ℚ)).Monic)\n    (h_q_ne_zero :\n        ((Polynomial.X : Polynomial ℚ) ^ (3 : ℕ) - Polynomial.C (2 : ℚ)) ≠ 0)\n    (h_deg_q :\n        Polynomial.degree ((Polynomial.X : Polynomial ℚ) ^ (3 : ℕ) - Polynomial.C (2 : ℚ)) =\n          (3 : WithBot ℕ))\n    (h_deg_minpoly_le :\n        Polynomial.degree (minpoly ℚ m) ≤\n          Polynomial.degree ((Polynomial.X : Polynomial ℚ) ^ (3 : ℕ) - Polynomial.C (2 : ℚ)))\n    (h_irred_q :\n        Irreducible ((Polynomial.X : Polynomial ℚ) ^ (3 : ℕ) - Polynomial.C (2 : ℚ))) :\n    minpoly ℚ m =\n      ((Polynomial.X : Polynomial ℚ) ^ (3 : ℕ) - Polynomial.C (2 : ℚ)) := by\n  sorry', None, None)
[2026-09-11 15:45:16,632][src.tools.AsyncJobPool][INFO] - 🏆 Success from 'theorem_h_eq_up_to_unit_h_eq_h_eq_h_minpoly_eq_h_lin_ind_algebra_apbmpcneq0_aeq0anbeq0anceq0': (True, 'theorem h_eq_up_to_unit_h_eq_h_eq_h_minpoly_eq_h_lin_ind_algebra_apbmpcneq0_aeq0anbeq0anceq0 {m : ℝ}\n    (h_dvd :\n        minpoly ℚ m ∣\n          ((Polynomial.X : Polynomial ℚ) ^ (3 : ℕ) - Polynomial.C (2 : ℚ)))\n    (h_monic_minpoly : (minpoly ℚ m).Monic)\n    (h_monic_X :\n        ((Polynomial.X : Polynomial ℚ) ^ (3 : ℕ) - Polynomial.C (2 : ℚ)).Monic)\n    (h_q_ne_zero :\n        ((Polynomial.X : Polynomial ℚ) ^ (3 : ℕ) - Polynomial.C (2 : ℚ)) ≠ 0)\n    (h_deg_q :\n        Polynomial.degree ((Polynomial.X : Polynomial ℚ) ^ (3 : ℕ) - Polynomial.C (2 : ℚ)) =\n          (3 : WithBot ℕ))\n    (h_deg_minpoly_le :\n        Polynomial.degree (minpoly ℚ m) ≤\n          Polynomial.degree ((Polynomial.X : Polynomial ℚ) ^ (3 : ℕ) - Polynomial.C (2 : ℚ)))\n    (h_irred_q :\n        Irreducible ((Polynomial.X : Polynomial ℚ) ^ (3 : ℕ) - Polynomial.C (2 : ℚ))) :\n    minpoly ℚ m =\n      ((Polynomial.X : Polynomial ℚ) ^ (3 : ℕ) - Polynomial.C (2 : ℚ)) := by\n  sorry', None, None)
[2026-09-11 15:45:16,632][src.tools.AsyncJobPool][INFO] - 

--- line 424733 ---
[2026-09-11 15:45:09,937][src.models.HILBERTWorker][INFO] - Theorem already proved
[2026-09-11 15:45:09,937][src.models.HILBERTWorker][INFO] - ********************************************************************************
[2026-09-11 15:45:09,938][src.models.HILBERTWorker][INFO] - ********************************************************************************
[2026-09-11 15:45:09,938][src.models.HILBERTWorker][INFO] - Verifying Theorem
[2026-09-11 15:45:09,938][src.models.HILBERTWorker][INFO] - theorem h_mod_mathd_numbertheory_343 :
    (∏ k ∈ Finset.range 6, 2 * k + 1) ≡
      (1 * 3 * 5 * 7 * 9 * 1) [MOD 10] := by
  sorry
[2026-09-11 15:45:09,939][src.tools.AsyncJobPool][INFO] - 📥 Submitted job: h_mod_mathd_numbertheory_343
[2026-09-11 15:45:09,939][src.models.HILBERTWorker][INFO] - Subgoals being solved in parallel:
[2026-09-11 15:45:09,939][src.models.HILBERTWorker][INFO] - 
================================================================================
[2026-09-11 15:45:09,939][src.models.HILBERTWorker][INFO] - PROOF PROGRESS TREE
[2026-09-11 15:45:09,939][src.models.HILBERTWorker][INFO] - ================================================================================
[2026-09-11 15:45:09,940][src.models.HILBERTWorker][INFO] - └─ 🔄 mathd_numbertheory_343: theorem mathd_numbertheory_343 : (∏ k ∈ Finset.range 6, 2 * k + 1) % 10 = 5 := by ... [SUBGOAL_DECOMP]
    ├─ ✅ h_rem_mathd_numbertheory_343: theorem h_rem_mathd_numbertheory_343 :     (1 * 3 * 5 * 7 * 9 * 1) % 10 = 5 := by   sorry... (depth 1)
    ├─ ✅ h_eq_mod_mathd_numbertheory_343: theorem h_eq_mod_mathd_numbertheory_343 (h_mod :     (∏ k ∈ Finset.range 6, 2 * k + 1) ≡       (1 * ... (depth 1)
    └─ 🔄 h_mod_mathd_numbertheory_343: theorem h_mod_mathd_numbertheory_343 :     (∏ k ∈ Finset.range 6, 2 * k + 1) ≡       (1 * 3 * 5 * 7 ... (depth 1)
[2026-09-11 15:45:09,940][src.models.HILBERTWorker][INFO] - ================================================================================
[2026-09-11 15:45:09,940][src.models.HILBERTWorker][INFO] - 

[2026-09-11 15:45:09,941][src.tools.AsyncJobPool][INFO] - 📥 Submitted job: Task-3844
[2026-09-11 15:45:09,941][src.tools.AsyncJobPool][INFO] - 📥 Submitted job: Task-3845
[2026-09-11 15:45:09,941][src.tools.AsyncJobPool][INFO] - 📥 Submitted job: Task-3846
[2026-09-11 15:45:09,941][src.tools.AsyncJobPool][INFO] - 📥 Submitted job: Task-3847
[2026-09-11 15:45:16,630][src.models.HILBERTWorker][INFO] - The subgoal is correctly formed! Full response:
[2026-09-11 15:45:16,631][src.models.HILBERTWorker][INFO] - YES
<justification>
The theorem is syntactically correct. All polynomial expressions are over ℚ, the exponent `3` is explicitly given as a `ℕ`, and all necessary casts (e.g. `2 : ℚ`) are provided. The variable `m : ℝ` is acceptable because `ℝ` is a `ℚ`‑algebra, so `minpoly ℚ m` is well‑typed. No natural‑number subtraction or division appears, and there are no type mismatches or missing implicit arguments. Given the supplied hypotheses (division, monicity, non‑zero, degree, and irreducibility of the cubic), the equality of the minimal polynomial with the cubic polynomial follows by standard arguments, so the statement is provable in Lean 4.
</justification>
[2026-09-11 15:45:16,631][src.models.HILBERTWorker][INFO] - The subgoal is correct!
[2026-09-11 15:45:16,632][src.tools.AsyncJobPool][INFO] - ✅ Job 'theorem_h_eq_up_to_unit_h_eq_h_eq_h_minpoly_eq_h_lin_ind_algebra_apbmpcneq0_aeq0anbeq0anceq0' finished with result: (True, 'theorem h_eq_up_to_unit_h_eq_h_eq_h_minpoly_eq_h_lin_ind_algebra_apbmpcneq0_aeq0anbeq0anceq0 {m : ℝ}\n    (h_dvd :\n        minpoly ℚ m ∣\n          ((Polynomial.X : Polynomial ℚ) ^ (3 : ℕ) - Polynomial.C (2 : ℚ)))\n    (h_monic_minpoly : (minpoly ℚ m).Monic)\n    (h_monic_X :\n        ((Polynomial.X : Polynomial ℚ) ^ (3 : ℕ) - Polynomial.C (2 : ℚ)).Monic)\n    (h_q_ne_zero :\n        ((Polynomial.X : Polynomial ℚ) ^ (3 : ℕ) - Polynomial.C (2 : ℚ)) ≠ 0)\n    (h_deg_q :\n        Polynomial.degree ((Polynomial.X : Polynomial ℚ) ^ (3 : ℕ) - Polynomial.C (2 : ℚ)) =\n          (3 : WithBot ℕ))\n    (h_deg_minpoly_le :\n        Polynomial.degree (minpoly ℚ m) ≤\n          Polynomial.degree ((Polynomial.X : Polynomial ℚ) ^ (3 : ℕ) - Polynomial.C (2 : ℚ)))\n    (h_irred_q :\n        Irreducible ((Polynomial.X : Polynomial ℚ) ^ (3 : ℕ) - Polynomial.C (2 : ℚ))) :\n    minpoly ℚ m =\n      ((Polynomial.X : Polynomial ℚ) ^ (3 : ℕ) - Polynomial.C (2 : ℚ)) := by\n  sorry', None, None)
[2026-09-11 15:45:16,632][src.tools.AsyncJobPool][INFO] - 🏆 Success from 'theorem_h_eq_up_to_unit_h_eq_h_eq_h_minpoly_eq_h_lin_ind_algebra_apbmpcneq0_aeq0anbeq0anceq0': (True, 'theorem h_eq_up_to_unit_h_eq_h_eq_h_minpoly_eq_h_lin_ind_algebra_apbmpcneq0_aeq0anbeq0anceq0 {m : ℝ}\n    (h_dvd :\n        minpoly ℚ m ∣\n          ((Polynomial.X : Polynomial ℚ) ^ (3 : ℕ) - Polynomial.C (2 : ℚ)))\n    (h_monic_minpoly : (minpoly ℚ m).Monic)\n    (h_monic_X :\n        ((Polynomial.X : Polynomial ℚ) ^ (3 : ℕ) - Polynomial.C (2 : ℚ)).Monic)\n    (h_q_ne_zero :\n        ((Polynomial.X : Polynomial ℚ) ^ (3 : ℕ) - Polynomial.C (2 : ℚ)) ≠ 0)\n    (h_deg_q :\n        Polynomial.degree ((Polynomial.X : Polynomial ℚ) ^ (3 : ℕ) - Polynomial.C (2 : ℚ)) =\n          (3 : WithBot ℕ))\n    (h_deg_minpoly_le :\n        Polynomial.degree (minpoly ℚ m) ≤\n          Polynomial.degree ((Polynomial.X : Polynomial ℚ) ^ (3 : ℕ) - Polynomial.C (2 : ℚ)))\n    (h_irred_q :\n        Irreducible ((Polynomial.X : Polynomial ℚ) ^ (3 : ℕ) - Polynomial.C (2 : ℚ))) :\n    minpoly ℚ m =\n      ((Polynomial.X : Polynomial ℚ) ^ (3 : ℕ) - Polynomial.C (2 : ℚ)) := by\n  sorry', None, None)
[2026-09-11 15:45:16,632][src.tools.AsyncJobPool][INFO] - 
🎉 All 5 jobs completed successfully!
[2026-09-11 15:45:16,633][src.models.HILBERTWorker][INFO] - ********************************************************************************
[2026-09-11 15:45:16,633][src.models.HILBERTWorker][INFO] - Corrected proof sketch (attempt 2)
[2026-09-11 15:45:16,633][src.models.HILBERTWorker][INFO] - ********************************************************************************

--- line 424742 ---
[2026-09-11 15:45:09,939][src.models.HILBERTWorker][INFO] - Subgoals being solved in parallel:
[2026-09-11 15:45:09,939][src.models.HILBERTWorker][INFO] - 
================================================================================
[2026-09-11 15:45:09,939][src.models.HILBERTWorker][INFO] - PROOF PROGRESS TREE
[2026-09-11 15:45:09,939][src.models.HILBERTWorker][INFO] - ================================================================================
[2026-09-11 15:45:09,940][src.models.HILBERTWorker][INFO] - └─ 🔄 mathd_numbertheory_343: theorem mathd_numbertheory_343 : (∏ k ∈ Finset.range 6, 2 * k + 1) % 10 = 5 := by ... [SUBGOAL_DECOMP]
    ├─ ✅ h_rem_mathd_numbertheory_343: theorem h_rem_mathd_numbertheory_343 :     (1 * 3 * 5 * 7 * 9 * 1) % 10 = 5 := by   sorry... (depth 1)
    ├─ ✅ h_eq_mod_mathd_numbertheory_343: theorem h_eq_mod_mathd_numbertheory_343 (h_mod :     (∏ k ∈ Finset.range 6, 2 * k + 1) ≡       (1 * ... (depth 1)
    └─ 🔄 h_mod_mathd_numbertheory_343: theorem h_mod_mathd_numbertheory_343 :     (∏ k ∈ Finset.range 6, 2 * k + 1) ≡       (1 * 3 * 5 * 7 ... (depth 1)
[2026-09-11 15:45:09,940][src.models.HILBERTWorker][INFO] - ================================================================================
[2026-09-11 15:45:09,940][src.models.HILBERTWorker][INFO] - 

[2026-09-11 15:45:09,941][src.tools.AsyncJobPool][INFO] - 📥 Submitted job: Task-3844
[2026-09-11 15:45:09,941][src.tools.AsyncJobPool][INFO] - 📥 Submitted job: Task-3845
[2026-09-11 15:45:09,941][src.tools.AsyncJobPool][INFO] - 📥 Submitted job: Task-3846
[2026-09-11 15:45:09,941][src.tools.AsyncJobPool][INFO] - 📥 Submitted job: Task-3847
[2026-09-11 15:45:16,630][src.models.HILBERTWorker][INFO] - The subgoal is correctly formed! Full response:
[2026-09-11 15:45:16,631][src.models.HILBERTWorker][INFO] - YES
<justification>
The theorem is syntactically correct. All polynomial expressions are over ℚ, the exponent `3` is explicitly given as a `ℕ`, and all necessary casts (e.g. `2 : ℚ`) are provided. The variable `m : ℝ` is acceptable because `ℝ` is a `ℚ`‑algebra, so `minpoly ℚ m` is well‑typed. No natural‑number subtraction or division appears, and there are no type mismatches or missing implicit arguments. Given the supplied hypotheses (division, monicity, non‑zero, degree, and irreducibility of the cubic), the equality of the minimal polynomial with the cubic polynomial follows by standard arguments, so the statement is provable in Lean 4.
</justification>
[2026-09-11 15:45:16,631][src.models.HILBERTWorker][INFO] - The subgoal is correct!
[2026-09-11 15:45:16,632][src.tools.AsyncJobPool][INFO] - ✅ Job 'theorem_h_eq_up_to_unit_h_eq_h_eq_h_minpoly_eq_h_lin_ind_algebra_apbmpcneq0_aeq0anbeq0anceq0' finished with result: (True, 'theorem h_eq_up_to_unit_h_eq_h_eq_h_minpoly_eq_h_lin_ind_algebra_apbmpcneq0_aeq0anbeq0anceq0 {m : ℝ}\n    (h_dvd :\n        minpoly ℚ m ∣\n          ((Polynomial.X : Polynomial ℚ) ^ (3 : ℕ) - Polynomial.C (2 : ℚ)))\n    (h_monic_minpoly : (minpoly ℚ m).Monic)\n    (h_monic_X :\n        ((Polynomial.X : Polynomial ℚ) ^ (3 : ℕ) - Polynomial.C (2 : ℚ)).Monic)\n    (h_q_ne_zero :\n        ((Polynomial.X : Polynomial ℚ) ^ (3 : ℕ) - Polynomial.C (2 : ℚ)) ≠ 0)\n    (h_deg_q :\n        Polynomial.degree ((Polynomial.X : Polynomial ℚ) ^ (3 : ℕ) - Polynomial.C (2 : ℚ)) =\n          (3 : WithBot ℕ))\n    (h_deg_minpoly_le :\n        Polynomial.degree (minpoly ℚ m) ≤\n          Polynomial.degree ((Polynomial.X : Polynomial ℚ) ^ (3 : ℕ) - Polynomial.C (2 : ℚ)))\n    (h_irred_q :\n        Irreducible ((Polynomial.X : Polynomial ℚ) ^ (3 : ℕ) - Polynomial.C (2 : ℚ))) :\n    minpoly ℚ m =\n      ((Polynomial.X : Polynomial ℚ) ^ (3 : ℕ) - Polynomial.C (2 : ℚ)) := by\n  sorry', None, None)
[2026-09-11 15:45:16,632][src.tools.AsyncJobPool][INFO] - 🏆 Success from 'theorem_h_eq_up_to_unit_h_eq_h_eq_h_minpoly_eq_h_lin_ind_algebra_apbmpcneq0_aeq0anbeq0anceq0': (True, 'theorem h_eq_up_to_unit_h_eq_h_eq_h_minpoly_eq_h_lin_ind_algebra_apbmpcneq0_aeq0anbeq0anceq0 {m : ℝ}\n    (h_dvd :\n        minpoly ℚ m ∣\n          ((Polynomial.X : Polynomial ℚ) ^ (3 : ℕ) - Polynomial.C (2 : ℚ)))\n    (h_monic_minpoly : (minpoly ℚ m).Monic)\n    (h_monic_X :\n        ((Polynomial.X : Polynomial ℚ) ^ (3 : ℕ) - Polynomial.C (2 : ℚ)).Monic)\n    (h_q_ne_zero :\n        ((Polynomial.X : Polynomial ℚ) ^ (3 : ℕ) - Polynomial.C (2 : ℚ)) ≠ 0)\n    (h_deg_q :\n        Polynomial.degree ((Polynomial.X : Polynomial ℚ) ^ (3 : ℕ) - Polynomial.C (2 : ℚ)) =\n          (3 : WithBot ℕ))\n    (h_deg_minpoly_le :\n        Polynomial.degree (minpoly ℚ m) ≤\n          Polynomial.degree ((Polynomial.X : Polynomial ℚ) ^ (3 : ℕ) - Polynomial.C (2 : ℚ)))\n    (h_irred_q :\n        Irreducible ((Polynomial.X : Polynomial ℚ) ^ (3 : ℕ) - Polynomial.C (2 : ℚ))) :\n    minpoly ℚ m =\n      ((Polynomial.X : Polynomial ℚ) ^ (3 : ℕ) - Polynomial.C (2 : ℚ)) := by\n  sorry', None, None)
[2026-09-11 15:45:16,632][src.tools.AsyncJobPool][INFO] - 
🎉 All 5 jobs completed successfully!
[2026-09-11 15:45:16,633][src.models.HILBERTWorker][INFO] - ********************************************************************************
[2026-09-11 15:45:16,633][src.models.HILBERTWorker][INFO] - Corrected proof sketch (attempt 2)
[2026-09-11 15:45:16,633][src.models.HILBERTWorker][INFO] - ********************************************************************************
[2026-09-11 15:45:16,633][src.models.HILBERTWorker][INFO] - theorem h_eq_h_eq_h_minpoly_eq_h_lin_ind_algebra_apbmpcneq0_aeq0anbeq0anceq0 {m : ℝ}
    (h_dvd :
        minpoly ℚ m ∣
          ((Polynomial.X : Polynomial ℚ) ^ (3 : ℕ) - Polynomial.C (2 : ℚ)))
    (h_monic_minpoly : (minpoly ℚ m).Monic)
    (h_monic_X :
        ((Polynomial.X : Polynomial ℚ) ^ (3 : ℕ) - Polynomial.C (2 : ℚ)).Monic) :
    minpoly ℚ m =
      ((Polynomial.X : Polynomial ℚ) ^ (3 : ℕ) - Polynomial.C (2 : ℚ)) := by

--- line 428649 ---
3. [THEOREM] Irreducibility of the Minimal Polynomial for Integral Elements
Module: Mathlib.FieldTheory.Minpoly.Basic
Name: minpoly.irreducible
Description: Let $A$ be a commutative ring and $B$ an $A$-algebra. For any element $x \in B$ that is integral over $A$, the minimal polynomial $\text{minpoly}_A(x)$ is irreducible in $A[X]$.
Signature:  (hx : IsIntegral A x) : Irreducible (minpoly A x)
[2026-09-11 15:46:13,995][src.models.HILBERTWorker][INFO] - ********************************************************************************
[2026-09-11 15:46:14,680][src.models.HILBERTWorker][INFO] - ********************************************************************************
[2026-09-11 15:46:14,680][src.models.HILBERTWorker][INFO] - Generated Informal Proof:
[2026-09-11 15:46:14,680][src.models.HILBERTWorker][INFO] - theorem h_mod_mathd_numbertheory_343 :
    (∏ k ∈ Finset.range 6, 2 * k + 1) ≡
      (1 * 3 * 5 * 7 * 9 * 1) [MOD 10] := by
  norm_num
[2026-09-11 15:46:14,680][src.models.HILBERTWorker][INFO] - ********************************************************************************
[2026-09-11 15:46:14,865][src.models.HILBERTWorker][INFO] - --------------------------------------------------------------------------------
[2026-09-11 15:46:14,865][src.models.HILBERTWorker][INFO] - Correction passes 1/6
[2026-09-11 15:46:14,865][src.models.HILBERTWorker][INFO] - --------------------------------------------------------------------------------
[2026-09-11 15:46:14,866][src.models.HILBERTWorker][INFO] - Error Message
[2026-09-11 15:46:14,866][src.models.HILBERTWorker][INFO] - 

The provided proof:
```lean4 
import Mathlib
import Aesop

set_option maxHeartbeats 0

open BigOperators Real Nat Topology Rat

theorem h_mod_mathd_numbertheory_343 :
    (∏ k ∈ Finset.range 6, 2 * k + 1) ≡
      (1 * 3 * 5 * 7 * 9 * 1) [MOD 10] := by
  norm_num
```


Error message from Lean: unsolved goals
⊢ 1 ≡ 945 [MOD 10]
The error was encountered while trying to process the following lines:

--- line 428669 ---
```lean4 
import Mathlib
import Aesop

set_option maxHeartbeats 0

open BigOperators Real Nat Topology Rat

theorem h_mod_mathd_numbertheory_343 :
    (∏ k ∈ Finset.range 6, 2 * k + 1) ≡
      (1 * 3 * 5 * 7 * 9 * 1) [MOD 10] := by
  norm_num
```


Error message from Lean: unsolved goals
⊢ 1 ≡ 945 [MOD 10]
The error was encountered while trying to process the following lines:
Error: line number out of range



[2026-09-11 15:46:14,866][src.models.HILBERTWorker][INFO] - --------------------------------------------------------------------------------
[2026-09-11 15:46:14,866][src.models.HILBERTWorker][INFO] - ********************************************************************************
[2026-09-11 15:46:14,866][src.models.HILBERTWorker][INFO] - OBTAINED USEFUL THEOREMS
[2026-09-11 15:46:14,866][src.models.HILBERTWorker][INFO] - 
1. [THEOREM] Ratio of consecutive product ranges equals last term
Module: Mathlib.Algebra.BigOperators.Intervals
Name: Finset.prod_range_succ_div_prod
Description: For any function $f$ from natural numbers to a division monoid and any natural number $n$, the ratio of the product of $f$ over $\{0, 1, \dots, n\}$ to the product of $f$ over $\{0, 1, \dots, n-1\}$ equals $f(n)$. In symbols:
\[
\frac{\prod_{i=0}^{n} f(i)}{\prod_{i=0}^{n-1} f(i)} = f(n)
\]
Signature:  : ((∏ i ∈ range (n + 1), f i) / ∏ i ∈ range n, f i) = f n

2. [THEOREM] Reminder equality under congruence and bound condition
Module: Mathlib.Data.Nat.ModEq
Name: Nat.mod_eq_of_modEq

--- line 428743 ---
8. [THEOREM] Congruence modulo $n$ from congruence modulo $n \cdot m$
Module: Mathlib.Data.Nat.ModEq
Name: Nat.ModEq.of_mul_right
Description: For natural numbers $a$, $b$, $n$, and $m$, if $a \equiv b \pmod{n \cdot m}$, then $a \equiv b \pmod{n}$.
Signature:  (m : ℕ) : a ≡ b [MOD n * m] → a ≡ b [MOD n]
[2026-09-11 15:46:14,867][src.models.HILBERTWorker][INFO] - ********************************************************************************
[2026-09-11 15:46:14,947][src.models.HILBERTWorker][INFO] - ********************************************************************************
[2026-09-11 15:46:14,948][src.models.HILBERTWorker][INFO] - Generated Informal Proof:
[2026-09-11 15:46:14,948][src.models.HILBERTWorker][INFO] - theorem h_mod_mathd_numbertheory_343 :
    (∏ k ∈ Finset.range 6, 2 * k + 1) ≡
      (1 * 3 * 5 * 7 * 9 * 1) [MOD 10] := by
  norm_num
[2026-09-11 15:46:14,948][src.models.HILBERTWorker][INFO] - ********************************************************************************
[2026-09-11 15:46:15,108][src.models.HILBERTWorker][INFO] - --------------------------------------------------------------------------------
[2026-09-11 15:46:15,108][src.models.HILBERTWorker][INFO] - Correction passes 1/6
[2026-09-11 15:46:15,109][src.models.HILBERTWorker][INFO] - --------------------------------------------------------------------------------
[2026-09-11 15:46:15,109][src.models.HILBERTWorker][INFO] - Error Message
[2026-09-11 15:46:15,109][src.models.HILBERTWorker][INFO] - 

The provided proof:
```lean4 
import Mathlib
import Aesop

set_option maxHeartbeats 0

open BigOperators Real Nat Topology Rat

theorem h_mod_mathd_numbertheory_343 :
    (∏ k ∈ Finset.range 6, 2 * k + 1) ≡
      (1 * 3 * 5 * 7 * 9 * 1) [MOD 10] := by
  norm_num
```


Error message from Lean: unsolved goals
⊢ 1 ≡ 945 [MOD 10]
The error was encountered while trying to process the following lines:

--- line 428763 ---
```lean4 
import Mathlib
import Aesop

set_option maxHeartbeats 0

open BigOperators Real Nat Topology Rat

theorem h_mod_mathd_numbertheory_343 :
    (∏ k ∈ Finset.range 6, 2 * k + 1) ≡
      (1 * 3 * 5 * 7 * 9 * 1) [MOD 10] := by
  norm_num
```


Error message from Lean: unsolved goals
⊢ 1 ≡ 945 [MOD 10]
The error was encountered while trying to process the following lines:
Error: line number out of range



[2026-09-11 15:46:15,109][src.models.HILBERTWorker][INFO] - --------------------------------------------------------------------------------
[2026-09-11 15:46:15,109][src.models.HILBERTWorker][INFO] - ********************************************************************************
[2026-09-11 15:46:15,109][src.models.HILBERTWorker][INFO] - OBTAINED USEFUL THEOREMS
[2026-09-11 15:46:15,110][src.models.HILBERTWorker][INFO] - 
1. [THEOREM] Ratio of consecutive product ranges equals last term
Module: Mathlib.Algebra.BigOperators.Intervals
Name: Finset.prod_range_succ_div_prod
Description: For any function $f$ from natural numbers to a division monoid and any natural number $n$, the ratio of the product of $f$ over $\{0, 1, \dots, n\}$ to the product of $f$ over $\{0, 1, \dots, n-1\}$ equals $f(n)$. In symbols:
\[
\frac{\prod_{i=0}^{n} f(i)}{\prod_{i=0}^{n-1} f(i)} = f(n)
\]
Signature:  : ((∏ i ∈ range (n + 1), f i) / ∏ i ∈ range n, f i) = f n

2. [THEOREM] Reminder equality under congruence and bound condition
Module: Mathlib.Data.Nat.ModEq
Name: Nat.mod_eq_of_modEq

--- line 429237 ---
3. [THEOREM] Degree of $X^n - C(a)$ is $n$ for $n > 0$
Module: Mathlib.Algebra.Polynomial.Degree.Operations
Name: Polynomial.degree_X_pow_sub_C
Description: For any positive natural number $n$ and any element $a$ in a semiring $R$, the degree of the polynomial $X^n - C(a)$ is equal to $n$.
Signature:  {n : ℕ} (hn : 0 < n) (a : R) : degree ((X : R[X]) ^ n - C a) = n
[2026-09-11 15:46:59,324][src.models.HILBERTWorker][INFO] - ********************************************************************************
[2026-09-11 15:47:02,491][src.models.HILBERTWorker][INFO] - ********************************************************************************
[2026-09-11 15:47:02,491][src.models.HILBERTWorker][INFO] - Generated Informal Proof:
[2026-09-11 15:47:02,491][src.models.HILBERTWorker][INFO] - theorem h_mod_mathd_numbertheory_343 :
    (∏ k ∈ Finset.range 6, 2 * k + 1) ≡
      (1 * 3 * 5 * 7 * 9 * 1) [MOD 10] := by
  -- 11 ≡ 1 (mod 10)
  have h11 : (2 * 5 + 1) ≡ (1 : ℕ) [MOD 10] := by
    norm_num
  -- product over the first five odd numbers
  have h5 :
      (∏ k ∈ Finset.range 5, 2 * k + 1) = (1 * 3 * 5 * 7 * 9) := by
    norm_num
  -- split the product over range 6
  have hprod :
      (∏ k ∈ Finset.range 6, 2 * k + 1) =
        (∏ k ∈ Finset.range 5, 2 * k + 1) * (2 * 5 + 1) := by
    simpa using (Finset.prod_range_succ (fun k => 2 * k + 1) 5)
  -- replace 11 by 1 using congruence
  have : (∏ k ∈ Finset.range 5, 2 * k + 1) * (2 * 5 + 1) ≡
        (∏ k ∈ Finset.range 5, 2 * k + 1) * (1 : ℕ) [MOD 10] :=
    Nat.ModEq.mul_left _ h11
  simpa [hprod, h5] using this
[2026-09-11 15:47:02,491][src.models.HILBERTWorker][INFO] - ********************************************************************************
[2026-09-11 15:47:03,036][src.models.HILBERTWorker][INFO] - --------------------------------------------------------------------------------
[2026-09-11 15:47:03,036][src.models.HILBERTWorker][INFO] - Correction passes 1/6
[2026-09-11 15:47:03,036][src.models.HILBERTWorker][INFO] - --------------------------------------------------------------------------------
[2026-09-11 15:47:03,036][src.models.HILBERTWorker][INFO] - Error Message
[2026-09-11 15:47:03,037][src.models.HILBERTWorker][INFO] - 

The provided proof:
```lean4 
import Mathlib

--- line 429273 ---
```lean4 
import Mathlib
import Aesop

set_option maxHeartbeats 0

open BigOperators Real Nat Topology Rat

theorem h_mod_mathd_numbertheory_343 :
    (∏ k ∈ Finset.range 6, 2 * k + 1) ≡
      (1 * 3 * 5 * 7 * 9 * 1) [MOD 10] := by
  -- 11 ≡ 1 (mod 10)
  have h11 : (2 * 5 + 1) ≡ (1 : ℕ) [MOD 10] := by
    norm_num
  -- product over the first five odd numbers
  have h5 :
      (∏ k ∈ Finset.range 5, 2 * k + 1) = (1 * 3 * 5 * 7 * 9) := by
    norm_num
  -- split the product over range 6
  have hprod :
      (∏ k ∈ Finset.range 6, 2 * k + 1) =
        (∏ k ∈ Finset.range 5, 2 * k + 1) * (2 * 5 + 1) := by
    simpa using (Finset.prod_range_succ (fun k => 2 * k + 1) 5)
  -- replace 11 by 1 using congruence
  have : (∏ k ∈ Finset.range 5, 2 * k + 1) * (2 * 5 + 1) ≡
        (∏ k ∈ Finset.range 5, 2 * k + 1) * (1 : ℕ) [MOD 10] :=
    Nat.ModEq.mul_left _ h11
  simpa [hprod, h5] using this
```


Error message from Lean: unsolved goals
⊢ 11 ≡ 1 [MOD 10]
The error was encountered while trying to process the following lines:
  have h5 :
      (∏ k ∈ Finset.range 5, 2 * k + 1) = (1 * 3 * 5 * 7 * 9) := by



--- line 429393 ---
```lean4 
import Mathlib
import Aesop

set_option maxHeartbeats 0

open BigOperators Real Nat Topology Rat

theorem h_mod_mathd_numbertheory_343 :
    (∏ k ∈ Finset.range 6, 2 * k + 1) ≡
      (1 * 3 * 5 * 7 * 9 * 1) [MOD 10] := by
  norm_num
```


Error message from Lean: unsolved goals
⊢ 1 ≡ 945 [MOD 10]
The error was encountered while trying to process the following lines:
Error: line number out of range



[2026-09-11 15:47:11,680][src.models.HILBERTWorker][INFO] - ```lean
by
  -- 11 is congruent to 1 modulo 10
  have h11 : (11 : ℕ) ≡ 1 [MOD 10] := by norm_num
  -- the product over the first five odd numbers
  have hprod : (∏ k ∈ Finset.range 5, 2 * k + 1) = 1 * 3 * 5 * 7 * 9 := by
    norm_num
  -- replace the factor 11 by 1 using the congruence h11
  have hmul :
      (∏ k ∈ Finset.range 5, 2 * k + 1) * 11 ≡
        (∏ k ∈ Finset.range 5, 2 * k + 1) * 1 [MOD 10] :=
    Nat.ModEq.mul_left _ h11
  -- rewrite the left‑hand side with `prod_range_succ` and finish
  simpa [Finset.prod_range_succ, hprod] using hmul
```
[2026-09-11 15:47:11,681][src.tools.lean_utils][INFO] - ????????????????????????????????????????????????????????????????????????????????????????????????????

--- line 429949 ---
    Irreducible ((Polynomial.X : Polynomial ℚ) ^ (3 : ℕ) - Polynomial.C (2 : ℚ)) := by
  have h₂ : (2 : ℚ) ≠ 0 := by norm_num
  simpa using Polynomial.irreducible_X_pow_sub_C (R := ℚ) (n := 3) (a := (2 : ℚ)) h₂
[2026-09-11 15:47:37,798][src.models.HILBERTWorker][INFO] - ********************************************************************************
[2026-09-11 15:47:37,846][src.models.HILBERTWorker][INFO] - ********************************************************************************
[2026-09-11 15:47:37,846][src.models.HILBERTWorker][INFO] - Full theorem statement response (attempt 1)
[2026-09-11 15:47:37,847][src.models.HILBERTWorker][INFO] - ********************************************************************************
[2026-09-11 15:47:37,847][src.models.HILBERTWorker][INFO] - ```lean
theorem h_mod_mathd_numbertheory_343 :
    (∏ k ∈ Finset.range 6, 2 * k + 1) ≡
      (1 * 3 * 5 * 7 * 9 * 1) [MOD 10] := by
  -- 11 is congruent to 1 modulo 10
  have h11 : (11 : ℕ) ≡ 1 [MOD 10] := by norm_num
  -- product of the first five odd numbers
  have hprod : (∏ k ∈ Finset.range 5, 2 * k + 1) = 1 * 3 * 5 * 7 * 9 := by
    norm_num
  -- multiply the congruence h11 by the product over the first five terms
  have hmul :
      (∏ k ∈ Finset.range 5, 2 * k + 1) * 11 ≡
        (∏ k ∈ Finset.range 5, 2 * k + 1) * 1 [MOD 10] :=
    Nat.ModEq.mul_left _ h11
  -- rewrite the left‑hand side using `prod_range_succ` and finish
  simpa [Finset.prod_range_succ, hprod] using hmul
```
[2026-09-11 15:47:37,847][src.models.HILBERTWorker][INFO] - ********************************************************************************
[2026-09-11 15:47:38,169][src.models.HILBERTWorker][INFO] - --------------------------------------------------------------------------------
[2026-09-11 15:47:38,169][src.models.HILBERTWorker][INFO] - Correction passes 1/6
[2026-09-11 15:47:38,169][src.models.HILBERTWorker][INFO] - --------------------------------------------------------------------------------
[2026-09-11 15:47:38,169][src.models.HILBERTWorker][INFO] - Error Message
[2026-09-11 15:47:38,170][src.models.HILBERTWorker][INFO] - 

The provided proof:
```lean4 
import Mathlib
import Aesop

set_option maxHeartbeats 0


--- line 430021 ---
```lean4 
import Mathlib
import Aesop

set_option maxHeartbeats 0

open BigOperators Real Nat Topology Rat

theorem h_mod_mathd_numbertheory_343 :
    (∏ k ∈ Finset.range 6, 2 * k + 1) ≡
      (1 * 3 * 5 * 7 * 9 * 1) [MOD 10] := by
  -- 11 is congruent to 1 modulo 10
  have h11 : (11 : ℕ) ≡ 1 [MOD 10] := by norm_num
  -- product of the first five odd numbers
  have hprod : (∏ k ∈ Finset.range 5, 2 * k + 1) = 1 * 3 * 5 * 7 * 9 := by
    norm_num
  -- multiply the congruence h11 by the product over the first five terms
  have hmul :
      (∏ k ∈ Finset.range 5, 2 * k + 1) * 11 ≡
        (∏ k ∈ Finset.range 5, 2 * k + 1) * 1 [MOD 10] :=
    Nat.ModEq.mul_left _ h11
  -- rewrite the left‑hand side using `prod_range_succ` and finish
  simpa [Finset.prod_range_succ, hprod] using hmul
```


Error message from Lean: unsolved goals
⊢ 11 ≡ 1 [MOD 10]
The error was encountered while trying to process the following lines:
    norm_num



Error message from Lean: unsolved goals
h11 : 11 ≡ 1 [MOD 10]
⊢ False
The error was encountered while trying to process the following lines:
  have hmul :

--- line 430331 ---
```lean4 
import Mathlib
import Aesop

set_option maxHeartbeats 0

open BigOperators Real Nat Topology Rat

theorem h_mod_mathd_numbertheory_343 :
    (∏ k ∈ Finset.range 6, 2 * k + 1) ≡
      (1 * 3 * 5 * 7 * 9 * 1) [MOD 10] := by
  norm_num
```


Error message from Lean: unsolved goals
⊢ 1 ≡ 945 [MOD 10]
The error was encountered while trying to process the following lines:
Error: line number out of range



[2026-09-11 15:47:49,176][src.models.HILBERTWorker][INFO] - ```lean
by
  -- 11 is congruent to 1 modulo 10
  have h11 : (2 * 5 + 1) ≡ (1 : ℕ) [MOD 10] := by
    norm_num
  -- multiply the congruence by the product of the first five factors
  have hmul := Nat.ModEq.mul_right (∏ k ∈ Finset.range 5, 2 * k + 1) h11
  -- evaluate the product over the first five odd numbers
  have hprod5 : (∏ k ∈ Finset.range 5, 2 * k + 1) = (1 * 3 * 5 * 7 * 9) := by
    norm_num
  -- rewrite the products to match the statement
  simpa [Finset.prod_range_succ, hprod5] using hmul
```
[2026-09-11 15:47:49,176][src.tools.lean_utils][INFO] - ????????????????????????????????????????????????????????????????????????????????????????????????????
[2026-09-11 15:47:49,177][src.tools.lean_utils][INFO] - Theorem does not have non-theorem lines
by

--- line 431021 ---
```lean4 
import Mathlib
import Aesop

set_option maxHeartbeats 0

open BigOperators Real Nat Topology Rat

theorem h_mod_mathd_numbertheory_343 :
    (∏ k ∈ Finset.range 6, 2 * k + 1) ≡
      (1 * 3 * 5 * 7 * 9 * 1) [MOD 10] := by
  -- 11 ≡ 1 (mod 10)
  have h11 : (2 * 5 + 1) ≡ (1 : ℕ) [MOD 10] := by
    norm_num
  -- product over the first five odd numbers
  have h5 :
      (∏ k ∈ Finset.range 5, 2 * k + 1) = (1 * 3 * 5 * 7 * 9) := by
    norm_num
  -- split the product over range 6
  have hprod :
      (∏ k ∈ Finset.range 6, 2 * k + 1) =
        (∏ k ∈ Finset.range 5, 2 * k + 1) * (2 * 5 + 1) := by
    simpa using (Finset.prod_range_succ (fun k => 2 * k + 1) 5)
  -- replace 11 by 1 using congruence
  have : (∏ k ∈ Finset.range 5, 2 * k + 1) * (2 * 5 + 1) ≡
        (∏ k ∈ Finset.range 5, 2 * k + 1) * (1 : ℕ) [MOD 10] :=
    Nat.ModEq.mul_left _ h11
  simpa [hprod, h5] using this
```


Error message from Lean: unsolved goals
⊢ 11 ≡ 1 [MOD 10]
The error was encountered while trying to process the following lines:
  have h5 :
      (∏ k ∈ Finset.range 5, 2 * k + 1) = (1 * 3 * 5 * 7 * 9) := by



--- line 431073 ---
but is expected to have type
  ∏ k ∈ Finset.range 6, 2 * k + 1 = (∏ k ∈ Finset.range 5, 2 * k + 1) * 11 : Prop
The error was encountered while trying to process the following lines:
        (∏ k ∈ Finset.range 5, 2 * k + 1) * (1 : ℕ) [MOD 10] :=



[2026-09-11 15:48:04,267][src.models.HILBERTWorker][INFO] - ```lean
theorem h_mod_mathd_numbertheory_343 :
    (∏ k in Finset.range 6, 2 * k + 1) ≡
      (1 * 3 * 5 * 7 * 9 * 1) [MOD 10] := by
  -- 11 ≡ 1 (mod 10)
  have h11 : (2 * 5 + 1) ≡ (1 : ℕ) [MOD 10] := by
    norm_num
  -- product of the first five odd numbers
  have h5 : (∏ k in Finset.range 5, 2 * k + 1) = (1 * 3 * 5 * 7 * 9) := by
    norm_num
  -- split the product over `range 6`
  have hprod :
      (∏ k in Finset.range 6, 2 * k + 1) =
        (∏ k in Finset.range 5, 2 * k + 1) * (2 * 5 + 1) := by
    simpa using (Finset.prod_range_succ (fun k => 2 * k + 1) 5)
  -- replace the last factor using the congruence `11 ≡ 1 (mod 10)`
  have : (∏ k in Finset.range 5, 2 * k + 1) * (2 * 5 + 1) ≡
        (∏ k in Finset.range 5, 2 * k + 1) * (1 : ℕ) [MOD 10] :=
    Nat.ModEq.mul_left _ h11
  simpa [hprod, h5] using this
```
[2026-09-11 15:48:04,840][src.models.HILBERTWorker][INFO] - RESULT: False
[2026-09-11 15:48:04,843][src.models.HILBERTWorker][INFO] - --------------------------------------------------------------------------------
[2026-09-11 15:48:04,844][src.models.HILBERTWorker][INFO] - Correction passes 2/6
[2026-09-11 15:48:04,844][src.models.HILBERTWorker][INFO] - --------------------------------------------------------------------------------
[2026-09-11 15:48:04,844][src.models.HILBERTWorker][INFO] - Error Message
[2026-09-11 15:48:04,844][src.models.HILBERTWorker][INFO] - 

The provided proof:
```lean4 
import Mathlib

--- line 431109 ---
```lean4 
import Mathlib
import Aesop

set_option maxHeartbeats 0

open BigOperators Real Nat Topology Rat

theorem h_mod_mathd_numbertheory_343 :
    (∏ k in Finset.range 6, 2 * k + 1) ≡
      (1 * 3 * 5 * 7 * 9 * 1) [MOD 10] := by
  -- 11 ≡ 1 (mod 10)
  have h11 : (2 * 5 + 1) ≡ (1 : ℕ) [MOD 10] := by
    norm_num
  -- product of the first five odd numbers
  have h5 : (∏ k in Finset.range 5, 2 * k + 1) = (1 * 3 * 5 * 7 * 9) := by
    norm_num
  -- split the product over `range 6`
  have hprod :
      (∏ k in Finset.range 6, 2 * k + 1) =
        (∏ k in Finset.range 5, 2 * k + 1) * (2 * 5 + 1) := by
    simpa using (Finset.prod_range_succ (fun k => 2 * k + 1) 5)
  -- replace the last factor using the congruence `11 ≡ 1 (mod 10)`
  have : (∏ k in Finset.range 5, 2 * k + 1) * (2 * 5 + 1) ≡
        (∏ k in Finset.range 5, 2 * k + 1) * (1 : ℕ) [MOD 10] :=
    Nat.ModEq.mul_left _ h11
  simpa [hprod, h5] using this
```


Error message from Lean: unsolved goals
⊢ 11 ≡ 1 [MOD 10]
The error was encountered while trying to process the following lines:
  have h5 : (∏ k in Finset.range 5, 2 * k + 1) = (1 * 3 * 5 * 7 * 9) := by
    norm_num




--- line 431305 ---
```lean4 
import Mathlib
import Aesop

set_option maxHeartbeats 0

open BigOperators Real Nat Topology Rat

theorem h_mod_mathd_numbertheory_343 :
    (∏ k ∈ Finset.range 6, 2 * k + 1) ≡
      (1 * 3 * 5 * 7 * 9 * 1) [MOD 10] := by
  -- 11 is congruent to 1 modulo 10
  have h11 : (11 : ℕ) ≡ 1 [MOD 10] := by norm_num
  -- product of the first five odd numbers
  have hprod : (∏ k ∈ Finset.range 5, 2 * k + 1) = 1 * 3 * 5 * 7 * 9 := by
    norm_num
  -- multiply the congruence h11 by the product over the first five terms
  have hmul :
      (∏ k ∈ Finset.range 5, 2 * k + 1) * 11 ≡
        (∏ k ∈ Finset.range 5, 2 * k + 1) * 1 [MOD 10] :=
    Nat.ModEq.mul_left _ h11
  -- rewrite the left‑hand side using `prod_range_succ` and finish
  simpa [Finset.prod_range_succ, hprod] using hmul
```


Error message from Lean: unsolved goals
⊢ 11 ≡ 1 [MOD 10]
The error was encountered while trying to process the following lines:
    norm_num



Error message from Lean: unsolved goals
h11 : 11 ≡ 1 [MOD 10]
⊢ False
The error was encountered while trying to process the following lines:
  have hmul :

--- line 431562 ---
Name: Polynomial.associated_of_dvd_of_degree_eq
Description: Let $K$ be a field and let $p, q \in K[X]$ be polynomials. If $p$ divides $q$ and the degrees of $p$ and $q$ are equal, then $p$ and $q$ are associated polynomials (i.e., they differ by multiplication by a unit).
Signature:  {K} [Field K] {p q : K[X]} (hpq : p ∣ q) (h₁ : p.degree = q.degree) : Associated p q
[2026-09-11 15:48:13,698][src.models.HILBERTWorker][INFO] - ********************************************************************************
[2026-09-11 15:48:14,969][src.models.HILBERTWorker][INFO] - ********************************************************************************
[2026-09-11 15:48:14,970][src.models.HILBERTWorker][INFO] - Full theorem statement response (attempt 1)
[2026-09-11 15:48:14,970][src.models.HILBERTWorker][INFO] - ********************************************************************************
[2026-09-11 15:48:14,971][src.models.HILBERTWorker][INFO] - ```lean
theorem h_mod_mathd_numbertheory_343 :
    (∏ k ∈ Finset.range 6, 2 * k + 1) ≡
      (1 * 3 * 5 * 7 * 9 * 1) [MOD 10] := by
  norm_num
```
[2026-09-11 15:48:14,971][src.models.HILBERTWorker][INFO] - ********************************************************************************
[2026-09-11 15:48:14,971][src.models.HILBERTWorker][INFO] - ********************************************************************************
[2026-09-11 15:48:14,971][src.models.HILBERTWorker][INFO] - Generated Informal Proof:
[2026-09-11 15:48:14,971][src.models.HILBERTWorker][INFO] - theorem h_mod_mathd_numbertheory_343 :
    (∏ k ∈ Finset.range 6, 2 * k + 1) ≡
      (1 * 3 * 5 * 7 * 9 * 1) [MOD 10] := by
  norm_num
[2026-09-11 15:48:14,971][src.models.HILBERTWorker][INFO] - ********************************************************************************
[2026-09-11 15:48:15,255][src.models.HILBERTWorker][INFO] - --------------------------------------------------------------------------------
[2026-09-11 15:48:15,255][src.models.HILBERTWorker][INFO] - Correction passes 1/6
[2026-09-11 15:48:15,256][src.models.HILBERTWorker][INFO] - --------------------------------------------------------------------------------
[2026-09-11 15:48:15,256][src.models.HILBERTWorker][INFO] - Error Message
[2026-09-11 15:48:15,256][src.models.HILBERTWorker][INFO] - 

The provided proof:
```lean4 
import Mathlib
import Aesop

set_option maxHeartbeats 0

open BigOperators Real Nat Topology Rat

theorem h_mod_mathd_numbertheory_343 :
    (∏ k ∈ Finset.range 6, 2 * k + 1) ≡

--- line 431570 ---
theorem h_mod_mathd_numbertheory_343 :
    (∏ k ∈ Finset.range 6, 2 * k + 1) ≡
      (1 * 3 * 5 * 7 * 9 * 1) [MOD 10] := by
  norm_num
```
[2026-09-11 15:48:14,971][src.models.HILBERTWorker][INFO] - ********************************************************************************
[2026-09-11 15:48:14,971][src.models.HILBERTWorker][INFO] - ********************************************************************************
[2026-09-11 15:48:14,971][src.models.HILBERTWorker][INFO] - Generated Informal Proof:
[2026-09-11 15:48:14,971][src.models.HILBERTWorker][INFO] - theorem h_mod_mathd_numbertheory_343 :
    (∏ k ∈ Finset.range 6, 2 * k + 1) ≡
      (1 * 3 * 5 * 7 * 9 * 1) [MOD 10] := by
  norm_num
[2026-09-11 15:48:14,971][src.models.HILBERTWorker][INFO] - ********************************************************************************
[2026-09-11 15:48:15,255][src.models.HILBERTWorker][INFO] - --------------------------------------------------------------------------------
[2026-09-11 15:48:15,255][src.models.HILBERTWorker][INFO] - Correction passes 1/6
[2026-09-11 15:48:15,256][src.models.HILBERTWorker][INFO] - --------------------------------------------------------------------------------
[2026-09-11 15:48:15,256][src.models.HILBERTWorker][INFO] - Error Message
[2026-09-11 15:48:15,256][src.models.HILBERTWorker][INFO] - 

The provided proof:
```lean4 
import Mathlib
import Aesop

set_option maxHeartbeats 0

open BigOperators Real Nat Topology Rat

theorem h_mod_mathd_numbertheory_343 :
    (∏ k ∈ Finset.range 6, 2 * k + 1) ≡
      (1 * 3 * 5 * 7 * 9 * 1) [MOD 10] := by
  norm_num
```


Error message from Lean: unsolved goals
⊢ 1 ≡ 945 [MOD 10]
The error was encountered while trying to process the following lines:

--- line 431590 ---
```lean4 
import Mathlib
import Aesop

set_option maxHeartbeats 0

open BigOperators Real Nat Topology Rat

theorem h_mod_mathd_numbertheory_343 :
    (∏ k ∈ Finset.range 6, 2 * k + 1) ≡
      (1 * 3 * 5 * 7 * 9 * 1) [MOD 10] := by
  norm_num
```


Error message from Lean: unsolved goals
⊢ 1 ≡ 945 [MOD 10]
The error was encountered while trying to process the following lines:
Error: line number out of range



[2026-09-11 15:48:15,256][src.models.HILBERTWorker][INFO] - --------------------------------------------------------------------------------
[2026-09-11 15:48:15,257][src.models.HILBERTWorker][INFO] - ********************************************************************************
[2026-09-11 15:48:15,257][src.models.HILBERTWorker][INFO] - OBTAINED USEFUL THEOREMS
[2026-09-11 15:48:15,257][src.models.HILBERTWorker][INFO] - 
1. [THEOREM] Ratio of consecutive product ranges equals last term
Module: Mathlib.Algebra.BigOperators.Intervals
Name: Finset.prod_range_succ_div_prod
Description: For any function $f$ from natural numbers to a division monoid and any natural number $n$, the ratio of the product of $f$ over $\{0, 1, \dots, n\}$ to the product of $f$ over $\{0, 1, \dots, n-1\}$ equals $f(n)$. In symbols:
\[
\frac{\prod_{i=0}^{n} f(i)}{\prod_{i=0}^{n-1} f(i)} = f(n)
\]
Signature:  : ((∏ i ∈ range (n + 1), f i) / ∏ i ∈ range n, f i) = f n

2. [THEOREM] Reminder equality under congruence and bound condition
Module: Mathlib.Data.Nat.ModEq
Name: Nat.mod_eq_of_modEq

--- line 431973 ---
Name: X_pow_sub_C_irreducible_of_prime
Description: Let $K$ be a field and $p$ a prime number. For any element $a \in K$ such that $a$ has no $p$-th root in $K$ (i.e., there does not exist $b \in K$ with $b^p = a$), the polynomial $X^p - a$ is irreducible over $K$.
Signature:  {p : ℕ} (hp : p.Prime) {a : K} (ha : ∀ b : K, b ^ p ≠ a) : Irreducible (X ^ p - C a)
[2026-09-11 15:48:22,197][src.models.HILBERTWorker][INFO] - ********************************************************************************
[2026-09-11 15:48:35,730][src.models.HILBERTWorker][INFO] - ********************************************************************************
[2026-09-11 15:48:35,731][src.models.HILBERTWorker][INFO] - Full theorem statement response (attempt 1)
[2026-09-11 15:48:35,731][src.models.HILBERTWorker][INFO] - ********************************************************************************
[2026-09-11 15:48:35,731][src.models.HILBERTWorker][INFO] - ```lean4
theorem h_mod_mathd_numbertheory_343 :
    (∏ k ∈ Finset.range 6, 2 * k + 1) ≡
      (1 * 3 * 5 * 7 * 9 * 1) [MOD 10] := by
  -- 11 is congruent to 1 modulo 10
  have h11 : (11 : ℕ) ≡ 1 [MOD 10] := by
    decide
  -- product of the first five odd numbers
  have hprod : (∏ k ∈ Finset.range 5, 2 * k + 1) = 1 * 3 * 5 * 7 * 9 := by
    norm_num
  -- multiply the congruence h11 by the product over the first five terms
  have hmul :
      (∏ k ∈ Finset.range 5, 2 * k + 1) * 11 ≡
        (∏ k ∈ Finset.range 5, 2 * k + 1) * 1 [MOD 10] :=
    Nat.ModEq.mul_left _ h11
  -- rewrite the left‑hand side using `prod_range_succ` and finish
  simpa [Finset.prod_range_succ, hprod] using hmul
```

[2026-09-11 15:48:35,731][src.models.HILBERTWorker][INFO] - ********************************************************************************
[2026-09-11 15:48:36,097][src.models.HILBERTWorker][INFO] - RESULT: False
[2026-09-11 15:48:36,099][src.models.HILBERTWorker][INFO] - --------------------------------------------------------------------------------
[2026-09-11 15:48:36,100][src.models.HILBERTWorker][INFO] - Correction passes 3/6
[2026-09-11 15:48:36,100][src.models.HILBERTWorker][INFO] - --------------------------------------------------------------------------------
[2026-09-11 15:48:36,100][src.models.HILBERTWorker][INFO] - Error Message
[2026-09-11 15:48:36,100][src.models.HILBERTWorker][INFO] - 

The provided proof:
```lean4 
import Mathlib
import Aesop

--- line 432008 ---
```lean4 
import Mathlib
import Aesop

set_option maxHeartbeats 0

open BigOperators Real Nat Topology Rat

theorem h_mod_mathd_numbertheory_343 :
    (∏ k ∈ Finset.range 6, 2 * k + 1) ≡
      (1 * 3 * 5 * 7 * 9 * 1) [MOD 10] := by
  -- 11 is congruent to 1 modulo 10
  have h11 : (11 : ℕ) ≡ 1 [MOD 10] := by
    decide
  -- product of the first five odd numbers
  have hprod : (∏ k ∈ Finset.range 5, 2 * k + 1) = 1 * 3 * 5 * 7 * 9 := by
    norm_num
  -- multiply the congruence h11 by the product over the first five terms
  have hmul :
      (∏ k ∈ Finset.range 5, 2 * k + 1) * 11 ≡
        (∏ k ∈ Finset.range 5, 2 * k + 1) * 1 [MOD 10] :=
    Nat.ModEq.mul_left _ h11
  -- rewrite the left‑hand side using `prod_range_succ` and finish
  simpa [Finset.prod_range_succ, hprod] using hmul
```


Error message from Lean: unsolved goals
h11 : 11 ≡ 1 [MOD 10]
⊢ False
The error was encountered while trying to process the following lines:
  have hmul :
      (∏ k ∈ Finset.range 5, 2 * k + 1) * 11 ≡



Error message from Lean: type mismatch, term
  hmul

--- line 432383 ---
```lean4 
import Mathlib
import Aesop

set_option maxHeartbeats 0

open BigOperators Real Nat Topology Rat

theorem h_mod_mathd_numbertheory_343 :
    (∏ k in Finset.range 6, 2 * k + 1) ≡
      (1 * 3 * 5 * 7 * 9 * 1) [MOD 10] := by
  -- 11 ≡ 1 (mod 10)
  have h11 : (2 * 5 + 1) ≡ (1 : ℕ) [MOD 10] := by
    norm_num
  -- product of the first five odd numbers
  have h5 : (∏ k in Finset.range 5, 2 * k + 1) = (1 * 3 * 5 * 7 * 9) := by
    norm_num
  -- split the product over `range 6`
  have hprod :
      (∏ k in Finset.range 6, 2 * k + 1) =
        (∏ k in Finset.range 5, 2 * k + 1) * (2 * 5 + 1) := by
    simpa using (Finset.prod_range_succ (fun k => 2 * k + 1) 5)
  -- replace the last factor using the congruence `11 ≡ 1 (mod 10)`
  have : (∏ k in Finset.range 5, 2 * k + 1) * (2 * 5 + 1) ≡
        (∏ k in Finset.range 5, 2 * k + 1) * (1 : ℕ) [MOD 10] :=
    Nat.ModEq.mul_left _ h11
  simpa [hprod, h5] using this
```


Error message from Lean: unsolved goals
⊢ 11 ≡ 1 [MOD 10]
The error was encountered while trying to process the following lines:
  have h5 : (∏ k in Finset.range 5, 2 * k + 1) = (1 * 3 * 5 * 7 * 9) := by
    norm_num




--- line 432434 ---
but is expected to have type
  ∏ k ∈ Finset.range 6, 2 * k + 1 = (∏ k ∈ Finset.range 5, 2 * k + 1) * 11 : Prop
The error was encountered while trying to process the following lines:
        (∏ k in Finset.range 5, 2 * k + 1) * (1 : ℕ) [MOD 10] :=



[2026-09-11 15:48:46,995][src.models.HILBERTWorker][INFO] - ```lean
theorem h_mod_mathd_numbertheory_343 :
    (∏ k in Finset.range 6, 2 * k + 1) ≡
      (1 * 3 * 5 * 7 * 9 * 1) [MOD 10] := by
  -- 11 ≡ 1 (mod 10)
  have h11 : (2 * 5 + 1) ≡ (1 : ℕ) [MOD 10] := by
    decide
  -- product of the first five odd numbers
  have h5 : (∏ k in Finset.range 5, 2 * k + 1) = (1 * 3 * 5 * 7 * 9) := by
    norm_num
  -- split the product over `range 6`
  have hprod :
      (∏ k in Finset.range 6, 2 * k + 1) =
        (∏ k in Finset.range 5, 2 * k + 1) * 11 := by
    simpa using (Finset.prod_range_succ (fun k => 2 * k + 1) 5)
  -- replace the last factor using the congruence `11 ≡ 1 (mod 10)`
  have hcongr :
      (∏ k in Finset.range 5, 2 * k + 1) * 11 ≡
        (∏ k in Finset.range 5, 2 * k + 1) * (1 : ℕ) [MOD 10] :=
    Nat.ModEq.mul_left _ h11
  simpa [hprod, h5] using hcongr
```
[2026-09-11 15:48:47,175][src.models.HILBERTWorker][INFO] - &&&&&&&&&&&&&&&&&&&&&&&&&&&&&&&&&&&&&&&&&&&&&&&&&&&&&&&&&&&&&&&&&&&&&&&&&&&&&&&&&&&&&&&&&&&&&&&&&&&&
[2026-09-11 15:48:47,175][src.models.HILBERTWorker][INFO] - Selected theorems answer
[2026-09-11 15:48:47,175][src.models.HILBERTWorker][INFO] - &&&&&&&&&&&&&&&&&&&&&&&&&&&&&&&&&&&&&&&&&&&&&&&&&&&&&&&&&&&&&&&&&&&&&&&&&&&&&&&&&&&&&&&&&&&&&&&&&&&&
[2026-09-11 15:48:47,175][src.models.HILBERTWorker][INFO] - <theorem>X_pow_sub_C_irreducible_of_prime</theorem>
<theorem>X_pow_sub_C_irreducible_iff_of_prime</theorem>
[2026-09-11 15:48:47,175][src.models.HILBERTWorker][INFO] - &&&&&&&&&&&&&&&&&&&&&&&&&&&&&&&&&&&&&&&&&&&&&&&&&&&&&&&&&&&&&&&&&&&&&&&&&&&&&&&&&&&&&&&&&&&&&&&&&&&&
[2026-09-11 15:48:47,175][src.models.HILBERTWorker][INFO] - ********************************************************************************
[2026-09-11 15:48:47,175][src.models.HILBERTWorker][INFO] - Selected Theorems
[2026-09-11 15:48:47,175][src.models.HILBERTWorker][INFO] - ['X_pow_sub_C_irreducible_of_prime', 'X_pow_sub_C_irreducible_iff_of_prime']

--- line 432576 ---
```lean4 
import Mathlib
import Aesop

set_option maxHeartbeats 0

open BigOperators Real Nat Topology Rat

theorem h_mod_mathd_numbertheory_343 :
    (∏ k in Finset.range 6, 2 * k + 1) ≡
      (1 * 3 * 5 * 7 * 9 * 1) [MOD 10] := by
  -- 11 ≡ 1 (mod 10)
  have h11 : (2 * 5 + 1) ≡ (1 : ℕ) [MOD 10] := by
    decide
  -- product of the first five odd numbers
  have h5 : (∏ k in Finset.range 5, 2 * k + 1) = (1 * 3 * 5 * 7 * 9) := by
    norm_num
  -- split the product over `range 6`
  have hprod :
      (∏ k in Finset.range 6, 2 * k + 1) =
        (∏ k in Finset.range 5, 2 * k + 1) * 11 := by
    simpa using (Finset.prod_range_succ (fun k => 2 * k + 1) 5)
  -- replace the last factor using the congruence `11 ≡ 1 (mod 10)`
  have hcongr :
      (∏ k in Finset.range 5, 2 * k + 1) * 11 ≡
        (∏ k in Finset.range 5, 2 * k + 1) * (1 : ℕ) [MOD 10] :=
    Nat.ModEq.mul_left _ h11
  simpa [hprod, h5] using hcongr
```


Error message from Lean: unsolved goals
h11 : 2 * 5 + 1 ≡ 1 [MOD 10]
⊢ False
The error was encountered while trying to process the following lines:
  have hprod :
      (∏ k in Finset.range 6, 2 * k + 1) =


--- line 432681 ---
Name: Nat.ModEq.of_mul_right
Description: For natural numbers $a$, $b$, $n$, and $m$, if $a \equiv b \pmod{n \cdot m}$, then $a \equiv b \pmod{n}$.
Signature:  (m : ℕ) : a ≡ b [MOD n * m] → a ≡ b [MOD n]
[2026-09-11 15:48:47,570][src.models.HILBERTWorker][INFO] - ********************************************************************************
[2026-09-11 15:48:51,090][src.models.HILBERTWorker][INFO] - ********************************************************************************
[2026-09-11 15:48:51,090][src.models.HILBERTWorker][INFO] - Full theorem statement response (attempt 1)
[2026-09-11 15:48:51,090][src.models.HILBERTWorker][INFO] - ********************************************************************************
[2026-09-11 15:48:51,090][src.models.HILBERTWorker][INFO] - ```lean4
theorem h_mod_mathd_numbertheory_343 :
    (∏ k ∈ Finset.range 6, 2 * k + 1) ≡
      (1 * 3 * 5 * 7 * 9 * 1) [MOD 10] := by
  -- evaluate the product over the range `0 … 5`
  have hprod : (∏ k ∈ Finset.range 6, 2 * k + 1) = (1 * 3 * 5 * 7 * 9 * 11) := by
    norm_num
  -- after rewriting, the congruence is between two explicit numbers;
  -- `norm_num` finishes the modular equality.
  simpa [hprod] using
    (by
      norm_num :
        (1 * 3 * 5 * 7 * 9 * 11) ≡ (1 * 3 * 5 * 7 * 9 * 1) [MOD 10])
```
[2026-09-11 15:48:51,091][src.models.HILBERTWorker][INFO] - ********************************************************************************
[2026-09-11 15:48:51,404][src.models.HILBERTWorker][INFO] - RESULT: False
[2026-09-11 15:48:51,406][src.models.HILBERTWorker][INFO] - --------------------------------------------------------------------------------
[2026-09-11 15:48:51,406][src.models.HILBERTWorker][INFO] - Correction passes 2/6
[2026-09-11 15:48:51,407][src.models.HILBERTWorker][INFO] - --------------------------------------------------------------------------------
[2026-09-11 15:48:51,407][src.models.HILBERTWorker][INFO] - Error Message
[2026-09-11 15:48:51,407][src.models.HILBERTWorker][INFO] - 

The provided proof:
```lean4 
import Mathlib
import Aesop

set_option maxHeartbeats 0

open BigOperators Real Nat Topology Rat


--- line 432711 ---
```lean4 
import Mathlib
import Aesop

set_option maxHeartbeats 0

open BigOperators Real Nat Topology Rat

theorem h_mod_mathd_numbertheory_343 :
    (∏ k ∈ Finset.range 6, 2 * k + 1) ≡
      (1 * 3 * 5 * 7 * 9 * 1) [MOD 10] := by
  -- evaluate the product over the range `0 … 5`
  have hprod : (∏ k ∈ Finset.range 6, 2 * k + 1) = (1 * 3 * 5 * 7 * 9 * 11) := by
    norm_num
  -- after rewriting, the congruence is between two explicit numbers;
  -- `norm_num` finishes the modular equality.
  simpa [hprod] using
    (by
      norm_num :
        (1 * 3 * 5 * 7 * 9 * 11) ≡ (1 * 3 * 5 * 7 * 9 * 1) [MOD 10])
```


Error message from Lean: unsolved goals
⊢ False
The error was encountered while trying to process the following lines:
  -- `norm_num` finishes the modular equality.
  simpa [hprod] using



Error message from Lean: unsolved goals
hprod : ∏ k ∈ Finset.range 6, 2 * k + 1 = 1 * 3 * 5 * 7 * 9 * 11
⊢ 10395 ≡ 945 [MOD 10]
The error was encountered while trying to process the following lines:
Error: line number out of range



--- line 433773 ---
```lean4 
import Mathlib
import Aesop

set_option maxHeartbeats 0

open BigOperators Real Nat Topology Rat

theorem h_mod_mathd_numbertheory_343 :
    (∏ k ∈ Finset.range 6, 2 * k + 1) ≡
      (1 * 3 * 5 * 7 * 9 * 1) [MOD 10] := by
  -- 11 is congruent to 1 modulo 10
  have h11 : (11 : ℕ) ≡ 1 [MOD 10] := by
    decide
  -- product of the first five odd numbers
  have hprod : (∏ k ∈ Finset.range 5, 2 * k + 1) = 1 * 3 * 5 * 7 * 9 := by
    norm_num
  -- multiply the congruence h11 by the product over the first five terms
  have hmul :
      (∏ k ∈ Finset.range 5, 2 * k + 1) * 11 ≡
        (∏ k ∈ Finset.range 5, 2 * k + 1) * 1 [MOD 10] :=
    Nat.ModEq.mul_left _ h11
  -- rewrite the left‑hand side using `prod_range_succ` and finish
  simpa [Finset.prod_range_succ, hprod] using hmul
```


Error message from Lean: unsolved goals
h11 : 11 ≡ 1 [MOD 10]
⊢ False
The error was encountered while trying to process the following lines:
  have hmul :
      (∏ k ∈ Finset.range 5, 2 * k + 1) * 11 ≡



Error message from Lean: type mismatch, term
  hmul

--- line 434051 ---
```lean4 
import Mathlib
import Aesop

set_option maxHeartbeats 0

open BigOperators Real Nat Topology Rat

theorem h_mod_mathd_numbertheory_343 :
    (∏ k ∈ Finset.range 6, 2 * k + 1) ≡
      (1 * 3 * 5 * 7 * 9 * 1) [MOD 10] := by
  -- evaluate the product over the range `0 … 5`
  have hprod : (∏ k ∈ Finset.range 6, 2 * k + 1) = (1 * 3 * 5 * 7 * 9 * 11) := by
    norm_num
  -- after rewriting, the congruence is between two explicit numbers;
  -- `norm_num` finishes the modular equality.
  simpa [hprod] using
    (by
      norm_num :
        (1 * 3 * 5 * 7 * 9 * 11) ≡ (1 * 3 * 5 * 7 * 9 * 1) [MOD 10])
```


Error message from Lean: unsolved goals
⊢ False
The error was encountered while trying to process the following lines:
  -- `norm_num` finishes the modular equality.
  simpa [hprod] using



Error message from Lean: unsolved goals
hprod : ∏ k ∈ Finset.range 6, 2 * k + 1 = 1 * 3 * 5 * 7 * 9 * 11
⊢ 10395 ≡ 945 [MOD 10]
The error was encountered while trying to process the following lines:
Error: line number out of range



--- line 434167 ---
```lean4 
import Mathlib
import Aesop

set_option maxHeartbeats 0

open BigOperators Real Nat Topology Rat

theorem h_mod_mathd_numbertheory_343 :
    (∏ k ∈ Finset.range 6, 2 * k + 1) ≡
      (1 * 3 * 5 * 7 * 9 * 1) [MOD 10] := by
  norm_num
```


Error message from Lean: unsolved goals
⊢ 1 ≡ 945 [MOD 10]
The error was encountered while trying to process the following lines:
Error: line number out of range



[2026-09-11 15:49:30,712][src.models.HILBERTWorker][INFO] - ```lean
theorem h_mod_mathd_numbertheory_343 :
    (∏ k ∈ Finset.range 6, 2 * k + 1) ≡
      (1 * 3 * 5 * 7 * 9 * 1) [MOD 10] := by
  -- 11 is congruent to 1 modulo 10
  have h11 : (11 : ℕ) ≡ 1 [MOD 10] := by norm_num
  -- multiply this congruence by the product of the first five factors
  have h :=
    (Nat.ModEq.mul_right
        (∏ k ∈ Finset.range 5, 2 * k + 1) h11)
  -- rewrite the right‑hand side of the goal as a product
  have hRHS :
      (1 * 3 * 5 * 7 * 9 * 1) =
        (∏ k ∈ Finset.range 5, 2 * k + 1) * 1 := by
    norm_num
  -- finish by rewriting both sides with `prod_range_succ` and the lemma above

--- line 434182 ---
Error message from Lean: unsolved goals
⊢ 1 ≡ 945 [MOD 10]
The error was encountered while trying to process the following lines:
Error: line number out of range



[2026-09-11 15:49:30,712][src.models.HILBERTWorker][INFO] - ```lean
theorem h_mod_mathd_numbertheory_343 :
    (∏ k ∈ Finset.range 6, 2 * k + 1) ≡
      (1 * 3 * 5 * 7 * 9 * 1) [MOD 10] := by
  -- 11 is congruent to 1 modulo 10
  have h11 : (11 : ℕ) ≡ 1 [MOD 10] := by norm_num
  -- multiply this congruence by the product of the first five factors
  have h :=
    (Nat.ModEq.mul_right
        (∏ k ∈ Finset.range 5, 2 * k + 1) h11)
  -- rewrite the right‑hand side of the goal as a product
  have hRHS :
      (1 * 3 * 5 * 7 * 9 * 1) =
        (∏ k ∈ Finset.range 5, 2 * k + 1) * 1 := by
    norm_num
  -- finish by rewriting both sides with `prod_range_succ` and the lemma above
  simpa [Finset.prod_range_succ, hRHS] using h
```
[2026-09-11 15:49:31,075][src.models.HILBERTWorker][INFO] - RESULT: False
[2026-09-11 15:49:31,079][src.models.HILBERTWorker][INFO] - --------------------------------------------------------------------------------
[2026-09-11 15:49:31,079][src.models.HILBERTWorker][INFO] - Correction passes 2/6
[2026-09-11 15:49:31,079][src.models.HILBERTWorker][INFO] - --------------------------------------------------------------------------------
[2026-09-11 15:49:31,080][src.models.HILBERTWorker][INFO] - Error Message
[2026-09-11 15:49:31,080][src.models.HILBERTWorker][INFO] - 

The provided proof:
```lean4 
import Mathlib
import Aesop

set_option maxHeartbeats 0

--- line 434215 ---
```lean4 
import Mathlib
import Aesop

set_option maxHeartbeats 0

open BigOperators Real Nat Topology Rat

theorem h_mod_mathd_numbertheory_343 :
    (∏ k ∈ Finset.range 6, 2 * k + 1) ≡
      (1 * 3 * 5 * 7 * 9 * 1) [MOD 10] := by
  -- 11 is congruent to 1 modulo 10
  have h11 : (11 : ℕ) ≡ 1 [MOD 10] := by norm_num
  -- multiply this congruence by the product of the first five factors
  have h :=
    (Nat.ModEq.mul_right
        (∏ k ∈ Finset.range 5, 2 * k + 1) h11)
  -- rewrite the right‑hand side of the goal as a product
  have hRHS :
      (1 * 3 * 5 * 7 * 9 * 1) =
        (∏ k ∈ Finset.range 5, 2 * k + 1) * 1 := by
    norm_num
  -- finish by rewriting both sides with `prod_range_succ` and the lemma above
  simpa [Finset.prod_range_succ, hRHS] using h
```


Error message from Lean: unsolved goals
⊢ 11 ≡ 1 [MOD 10]
The error was encountered while trying to process the following lines:
    (Nat.ModEq.mul_right



Error message from Lean: unsolved goals
h11 : 11 ≡ 1 [MOD 10]
h : 11 * (∏ k ∈ Finset.range 5, 2 * k + 1) ≡ 1 * (∏ k ∈ Finset.range 5, 2 * k + 1) [MOD 10]
⊢ False

--- line 434505 ---
Name: Polynomial.associated_of_dvd_of_degree_eq
Description: Let $K$ be a field and let $p, q \in K[X]$ be polynomials. If $p$ divides $q$ and the degrees of $p$ and $q$ are equal, then $p$ and $q$ are associated polynomials (i.e., they differ by multiplication by a unit).
Signature:  {K} [Field K] {p q : K[X]} (hpq : p ∣ q) (h₁ : p.degree = q.degree) : Associated p q
[2026-09-11 15:49:34,691][src.models.HILBERTWorker][INFO] - ********************************************************************************
[2026-09-11 15:49:35,673][src.models.HILBERTWorker][INFO] - ********************************************************************************
[2026-09-11 15:49:35,674][src.models.HILBERTWorker][INFO] - Full theorem statement response (attempt 1)
[2026-09-11 15:49:35,674][src.models.HILBERTWorker][INFO] - ********************************************************************************
[2026-09-11 15:49:35,674][src.models.HILBERTWorker][INFO] - ```lean4
theorem h_mod_mathd_numbertheory_343 :
    (∏ k ∈ Finset.range 6, 2 * k + 1) ≡
      (1 * 3 * 5 * 7 * 9 * 1) [MOD 10] := by
  -- 11 is congruent to 1 modulo 10
  have h11 : (11 : ℕ) ≡ 1 [MOD 10] := by
    norm_num
  -- product of the first five odd numbers
  have hprod : (∏ k ∈ Finset.range 5, 2 * k + 1) = 1 * 3 * 5 * 7 * 9 := by
    norm_num
  -- multiply the congruence h11 by the product over the first five terms
  have hmul :
      (∏ k ∈ Finset.range 5, 2 * k + 1) * 11 ≡
        (∏ k ∈ Finset.range 5, 2 * k + 1) * 1 [MOD 10] :=
    Nat.ModEq.mul_left _ h11
  -- rewrite the left‑hand side using `prod_range_succ` and finish
  simpa [Finset.prod_range_succ, hprod] using hmul
```
[2026-09-11 15:49:35,674][src.models.HILBERTWorker][INFO] - ********************************************************************************
[2026-09-11 15:49:36,030][src.models.HILBERTWorker][INFO] - RESULT: False
[2026-09-11 15:49:36,032][src.models.HILBERTWorker][INFO] - --------------------------------------------------------------------------------
[2026-09-11 15:49:36,033][src.models.HILBERTWorker][INFO] - Correction passes 4/6
[2026-09-11 15:49:36,033][src.models.HILBERTWorker][INFO] - --------------------------------------------------------------------------------
[2026-09-11 15:49:36,033][src.models.HILBERTWorker][INFO] - Error Message
[2026-09-11 15:49:36,033][src.models.HILBERTWorker][INFO] - 

The provided proof:
```lean4 
import Mathlib
import Aesop


--- line 434539 ---
```lean4 
import Mathlib
import Aesop

set_option maxHeartbeats 0

open BigOperators Real Nat Topology Rat

theorem h_mod_mathd_numbertheory_343 :
    (∏ k ∈ Finset.range 6, 2 * k + 1) ≡
      (1 * 3 * 5 * 7 * 9 * 1) [MOD 10] := by
  -- 11 is congruent to 1 modulo 10
  have h11 : (11 : ℕ) ≡ 1 [MOD 10] := by
    norm_num
  -- product of the first five odd numbers
  have hprod : (∏ k ∈ Finset.range 5, 2 * k + 1) = 1 * 3 * 5 * 7 * 9 := by
    norm_num
  -- multiply the congruence h11 by the product over the first five terms
  have hmul :
      (∏ k ∈ Finset.range 5, 2 * k + 1) * 11 ≡
        (∏ k ∈ Finset.range 5, 2 * k + 1) * 1 [MOD 10] :=
    Nat.ModEq.mul_left _ h11
  -- rewrite the left‑hand side using `prod_range_succ` and finish
  simpa [Finset.prod_range_succ, hprod] using hmul
```


Error message from Lean: unsolved goals
⊢ 11 ≡ 1 [MOD 10]
The error was encountered while trying to process the following lines:
  have hprod : (∏ k ∈ Finset.range 5, 2 * k + 1) = 1 * 3 * 5 * 7 * 9 := by
    norm_num



Error message from Lean: unsolved goals
h11 : 11 ≡ 1 [MOD 10]
⊢ False

--- line 434939 ---
```lean4 
import Mathlib
import Aesop

set_option maxHeartbeats 0

open BigOperators Real Nat Topology Rat

theorem h_mod_mathd_numbertheory_343 :
    (∏ k in Finset.range 6, 2 * k + 1) ≡
      (1 * 3 * 5 * 7 * 9 * 1) [MOD 10] := by
  -- 11 ≡ 1 (mod 10)
  have h11 : (2 * 5 + 1) ≡ (1 : ℕ) [MOD 10] := by
    decide
  -- product of the first five odd numbers
  have h5 : (∏ k in Finset.range 5, 2 * k + 1) = (1 * 3 * 5 * 7 * 9) := by
    norm_num
  -- split the product over `range 6`
  have hprod :
      (∏ k in Finset.range 6, 2 * k + 1) =
        (∏ k in Finset.range 5, 2 * k + 1) * 11 := by
    simpa using (Finset.prod_range_succ (fun k => 2 * k + 1) 5)
  -- replace the last factor using the congruence `11 ≡ 1 (mod 10)`
  have hcongr :
      (∏ k in Finset.range 5, 2 * k + 1) * 11 ≡
        (∏ k in Finset.range 5, 2 * k + 1) * (1 : ℕ) [MOD 10] :=
    Nat.ModEq.mul_left _ h11
  simpa [hprod, h5] using hcongr
```


Error message from Lean: unsolved goals
h11 : 2 * 5 + 1 ≡ 1 [MOD 10]
⊢ False
The error was encountered while trying to process the following lines:
  have hprod :
      (∏ k in Finset.range 6, 2 * k + 1) =


--- line 434983 ---
but is expected to have type
  ∏ k ∈ Finset.range 6, 2 * k + 1 = (∏ k ∈ Finset.range 5, 2 * k + 1) * 11 : Prop
The error was encountered while trying to process the following lines:
      (∏ k in Finset.range 5, 2 * k + 1) * 11 ≡



[2026-09-11 15:49:47,850][src.models.HILBERTWorker][INFO] - ```lean
theorem h_mod_mathd_numbertheory_343 :
    (∏ k in Finset.range 6, 2 * k + 1) ≡
      (1 * 3 * 5 * 7 * 9 * 1) [MOD 10] := by
  -- 11 ≡ 1 (mod 10)
  have h11 : (2 * 5 + 1) ≡ (1 : ℕ) [MOD 10] := by
    norm_num
  -- product of the first five odd numbers
  have h5 : (∏ k in Finset.range 5, 2 * k + 1) = (1 * 3 * 5 * 7 * 9) := by
    norm_num
  -- split the product over `range 6`
  have hprod :
      (∏ k in Finset.range 6, 2 * k + 1) =
        (∏ k in Finset.range 5, 2 * k + 1) * (2 * 5 + 1) := by
    simpa using (Finset.prod_range_succ (fun k => 2 * k + 1) 5)
  -- replace the last factor using the congruence `11 ≡ 1 (mod 10)`
  have hcongr :
      (∏ k in Finset.range 5, 2 * k + 1) * (2 * 5 + 1) ≡
        (∏ k in Finset.range 5, 2 * k + 1) * (1 : ℕ) [MOD 10] :=
    Nat.ModEq.mul_left _ h11
  simpa [hprod, h5] using hcongr
```
[2026-09-11 15:49:48,416][src.models.HILBERTWorker][INFO] - RESULT: False
[2026-09-11 15:49:48,419][src.models.HILBERTWorker][INFO] - --------------------------------------------------------------------------------
[2026-09-11 15:49:48,419][src.models.HILBERTWorker][INFO] - Correction passes 4/6
[2026-09-11 15:49:48,419][src.models.HILBERTWorker][INFO] - --------------------------------------------------------------------------------
[2026-09-11 15:49:48,420][src.models.HILBERTWorker][INFO] - Error Message
[2026-09-11 15:49:48,420][src.models.HILBERTWorker][INFO] - 

The provided proof:
```lean4 

--- line 435020 ---
```lean4 
import Mathlib
import Aesop

set_option maxHeartbeats 0

open BigOperators Real Nat Topology Rat

theorem h_mod_mathd_numbertheory_343 :
    (∏ k in Finset.range 6, 2 * k + 1) ≡
      (1 * 3 * 5 * 7 * 9 * 1) [MOD 10] := by
  -- 11 ≡ 1 (mod 10)
  have h11 : (2 * 5 + 1) ≡ (1 : ℕ) [MOD 10] := by
    norm_num
  -- product of the first five odd numbers
  have h5 : (∏ k in Finset.range 5, 2 * k + 1) = (1 * 3 * 5 * 7 * 9) := by
    norm_num
  -- split the product over `range 6`
  have hprod :
      (∏ k in Finset.range 6, 2 * k + 1) =
        (∏ k in Finset.range 5, 2 * k + 1) * (2 * 5 + 1) := by
    simpa using (Finset.prod_range_succ (fun k => 2 * k + 1) 5)
  -- replace the last factor using the congruence `11 ≡ 1 (mod 10)`
  have hcongr :
      (∏ k in Finset.range 5, 2 * k + 1) * (2 * 5 + 1) ≡
        (∏ k in Finset.range 5, 2 * k + 1) * (1 : ℕ) [MOD 10] :=
    Nat.ModEq.mul_left _ h11
  simpa [hprod, h5] using hcongr
```


Error message from Lean: unsolved goals
⊢ 11 ≡ 1 [MOD 10]
The error was encountered while trying to process the following lines:
  have h5 : (∏ k in Finset.range 5, 2 * k + 1) = (1 * 3 * 5 * 7 * 9) := by
    norm_num



--- line 435538 ---
[2026-09-11 15:50:08,714][src.tools.lean_utils][INFO] - ????????????????????????????????????????????????????????????????????????????????????????????????????
[2026-09-11 15:50:08,715][src.models.HILBERTWorker][INFO] - ****************************************************************************************************
[2026-09-11 15:50:08,715][src.models.HILBERTWorker][INFO] - Trying to obtain the full theorem statement, attempt 1/3
[2026-09-11 15:50:08,715][src.models.HILBERTWorker][INFO] - ****************************************************************************************************
[2026-09-11 15:50:12,188][src.models.HILBERTWorker][INFO] - ********************************************************************************
[2026-09-11 15:50:12,188][src.models.HILBERTWorker][INFO] - Full theorem statement response (attempt 1)
[2026-09-11 15:50:12,188][src.models.HILBERTWorker][INFO] - ********************************************************************************
[2026-09-11 15:50:12,188][src.models.HILBERTWorker][INFO] - ```lean4
theorem h_mod_mathd_numbertheory_343 :
    (∏ k ∈ Finset.range 6, 2 * k + 1) ≡
      (1 * 3 * 5 * 7 * 9 * 1) [MOD 10] := by
  -- 11 is congruent to 1 modulo 10
  have h11 : (2 * 5 + 1) ≡ (1 : ℕ) [MOD 10] := by
    norm_num
  -- the product of the first five odd numbers
  have h5 : (∏ k ∈ Finset.range 5, 2 * k + 1) = (1 * 3 * 5 * 7 * 9) := by
    norm_num
  -- multiply the congruence by the product of the first five terms
  have hmul :
      (∏ k ∈ Finset.range 5, 2 * k + 1) * (2 * 5 + 1) ≡
        (∏ k ∈ Finset.range 5, 2 * k + 1) * 1 [MOD 10] :=
    Nat.ModEq.mul_right _ h11
  -- rewrite the left‑hand side as the product over `range 6`
  simpa [Finset.prod_range_succ, h5] using hmul
```
[2026-09-11 15:50:12,189][src.models.HILBERTWorker][INFO] - ********************************************************************************
[2026-09-11 15:50:12,285][src.models.HILBERTWorker][INFO] - ********************************************************************************
[2026-09-11 15:50:12,285][src.models.HILBERTWorker][INFO] - Full theorem statement response (attempt 1)
[2026-09-11 15:50:12,285][src.models.HILBERTWorker][INFO] - ********************************************************************************
[2026-09-11 15:50:12,286][src.models.HILBERTWorker][INFO] - ```lean
theorem h_irred_q_h_eq_h_eq_h_minpoly_eq_h_lin_ind_algebra_apbmpcneq0_aeq0anbeq0anceq0 {m : ℝ}
    (h_dvd :
        minpoly ℚ m ∣
          ((Polynomial.X : Polynomial ℚ) ^ (3 : ℕ) - Polynomial.C (2 : ℚ)))
    (h_monic_minpoly : (minpoly ℚ m).Monic)
    (h_monic_X :
        ((Polynomial.X : Polynomial ℚ) ^ (3 : ℕ) - Polynomial.C (2 : ℚ)).Monic) :
    Irreducible ((Polynomial.X : Polynomial ℚ) ^ (3 : ℕ) - Polynomial.C (2 : ℚ)) := by

--- line 435621 ---
```lean4 
import Mathlib
import Aesop

set_option maxHeartbeats 0

open BigOperators Real Nat Topology Rat

theorem h_mod_mathd_numbertheory_343 :
    (∏ k ∈ Finset.range 6, 2 * k + 1) ≡
      (1 * 3 * 5 * 7 * 9 * 1) [MOD 10] := by
  -- 11 is congruent to 1 modulo 10
  have h11 : (2 * 5 + 1) ≡ (1 : ℕ) [MOD 10] := by
    norm_num
  -- the product of the first five odd numbers
  have h5 : (∏ k ∈ Finset.range 5, 2 * k + 1) = (1 * 3 * 5 * 7 * 9) := by
    norm_num
  -- multiply the congruence by the product of the first five terms
  have hmul :
      (∏ k ∈ Finset.range 5, 2 * k + 1) * (2 * 5 + 1) ≡
        (∏ k ∈ Finset.range 5, 2 * k + 1) * 1 [MOD 10] :=
    Nat.ModEq.mul_right _ h11
  -- rewrite the left‑hand side as the product over `range 6`
  simpa [Finset.prod_range_succ, h5] using hmul
```


Error message from Lean: unsolved goals
⊢ 11 ≡ 1 [MOD 10]
The error was encountered while trying to process the following lines:
  have h5 : (∏ k ∈ Finset.range 5, 2 * k + 1) = (1 * 3 * 5 * 7 * 9) := by
    norm_num



Error message from Lean: unsolved goals
h11 : 2 * 5 + 1 ≡ 1 [MOD 10]
⊢ False

--- line 435971 ---
```lean4 
import Mathlib
import Aesop

set_option maxHeartbeats 0

open BigOperators Real Nat Topology Rat

theorem h_mod_mathd_numbertheory_343 :
    (∏ k ∈ Finset.range 6, 2 * k + 1) ≡
      (1 * 3 * 5 * 7 * 9 * 1) [MOD 10] := by
  -- 11 is congruent to 1 modulo 10
  have h11 : (11 : ℕ) ≡ 1 [MOD 10] := by
    norm_num
  -- product of the first five odd numbers
  have hprod : (∏ k ∈ Finset.range 5, 2 * k + 1) = 1 * 3 * 5 * 7 * 9 := by
    norm_num
  -- multiply the congruence h11 by the product over the first five terms
  have hmul :
      (∏ k ∈ Finset.range 5, 2 * k + 1) * 11 ≡
        (∏ k ∈ Finset.range 5, 2 * k + 1) * 1 [MOD 10] :=
    Nat.ModEq.mul_left _ h11
  -- rewrite the left‑hand side using `prod_range_succ` and finish
  simpa [Finset.prod_range_succ, hprod] using hmul
```


Error message from Lean: unsolved goals
⊢ 11 ≡ 1 [MOD 10]
The error was encountered while trying to process the following lines:
  have hprod : (∏ k ∈ Finset.range 5, 2 * k + 1) = 1 * 3 * 5 * 7 * 9 := by
    norm_num



Error message from Lean: unsolved goals
h11 : 11 ≡ 1 [MOD 10]
⊢ False

--- line 436064 ---
```lean4 
import Mathlib
import Aesop

set_option maxHeartbeats 0

open BigOperators Real Nat Topology Rat

theorem h_mod_mathd_numbertheory_343 :
    (∏ k in Finset.range 6, 2 * k + 1) ≡
      (1 * 3 * 5 * 7 * 9 * 1) [MOD 10] := by
  -- 11 ≡ 1 (mod 10)
  have h11 : (2 * 5 + 1) ≡ (1 : ℕ) [MOD 10] := by
    norm_num
  -- product of the first five odd numbers
  have h5 : (∏ k in Finset.range 5, 2 * k + 1) = (1 * 3 * 5 * 7 * 9) := by
    norm_num
  -- split the product over `range 6`
  have hprod :
      (∏ k in Finset.range 6, 2 * k + 1) =
        (∏ k in Finset.range 5, 2 * k + 1) * (2 * 5 + 1) := by
    simpa using (Finset.prod_range_succ (fun k => 2 * k + 1) 5)
  -- replace the last factor using the congruence `11 ≡ 1 (mod 10)`
  have hcongr :
      (∏ k in Finset.range 5, 2 * k + 1) * (2 * 5 + 1) ≡
        (∏ k in Finset.range 5, 2 * k + 1) * (1 : ℕ) [MOD 10] :=
    Nat.ModEq.mul_left _ h11
  simpa [hprod, h5] using hcongr
```


Error message from Lean: unsolved goals
⊢ 11 ≡ 1 [MOD 10]
The error was encountered while trying to process the following lines:
  have h5 : (∏ k in Finset.range 5, 2 * k + 1) = (1 * 3 * 5 * 7 * 9) := by
    norm_num



--- line 436116 ---
but is expected to have type
  ∏ k ∈ Finset.range 6, 2 * k + 1 = (∏ k ∈ Finset.range 5, 2 * k + 1) * 11 : Prop
The error was encountered while trying to process the following lines:
      (∏ k in Finset.range 5, 2 * k + 1) * (2 * 5 + 1) ≡



[2026-09-11 15:50:24,035][src.models.HILBERTWorker][INFO] - ```lean
theorem h_mod_mathd_numbertheory_343 :
    (∏ k in Finset.range 6, 2 * k + 1) ≡
      (1 * 3 * 5 * 7 * 9 * 1) [MOD 10] := by
  -- 11 ≡ 1 (mod 10)
  have h11 : (2 * 5 + 1) ≡ (1 : ℕ) [MOD 10] := by
    decide
  -- product of the first five odd numbers
  have h5 : (∏ k in Finset.range 5, 2 * k + 1) = (1 * 3 * 5 * 7 * 9) := by
    norm_num
  -- split the product over `range 6`
  have hprod :
      (∏ k in Finset.range 6, 2 * k + 1) =
        (∏ k in Finset.range 5, 2 * k + 1) * (2 * 5 + 1) := by
    simpa using (Finset.prod_range_succ (fun k => 2 * k + 1) 5)
  -- replace the last factor using the congruence `11 ≡ 1 (mod 10)`
  have hcongr :
      (∏ k in Finset.range 5, 2 * k + 1) * (2 * 5 + 1) ≡
        (∏ k in Finset.range 5, 2 * k + 1) * (1 : ℕ) [MOD 10] :=
    Nat.ModEq.mul_left _ h11
  simpa [hprod, h5] using hcongr
```
[2026-09-11 15:50:24,524][src.models.HILBERTWorker][INFO] - RESULT: False
[2026-09-11 15:50:24,527][src.models.HILBERTWorker][INFO] - --------------------------------------------------------------------------------
[2026-09-11 15:50:24,528][src.models.HILBERTWorker][INFO] - Correction passes 5/6
[2026-09-11 15:50:24,528][src.models.HILBERTWorker][INFO] - --------------------------------------------------------------------------------
[2026-09-11 15:50:24,528][src.models.HILBERTWorker][INFO] - Error Message
[2026-09-11 15:50:24,528][src.models.HILBERTWorker][INFO] - 

The provided proof:
```lean4 

--- line 436153 ---
```lean4 
import Mathlib
import Aesop

set_option maxHeartbeats 0

open BigOperators Real Nat Topology Rat

theorem h_mod_mathd_numbertheory_343 :
    (∏ k in Finset.range 6, 2 * k + 1) ≡
      (1 * 3 * 5 * 7 * 9 * 1) [MOD 10] := by
  -- 11 ≡ 1 (mod 10)
  have h11 : (2 * 5 + 1) ≡ (1 : ℕ) [MOD 10] := by
    decide
  -- product of the first five odd numbers
  have h5 : (∏ k in Finset.range 5, 2 * k + 1) = (1 * 3 * 5 * 7 * 9) := by
    norm_num
  -- split the product over `range 6`
  have hprod :
      (∏ k in Finset.range 6, 2 * k + 1) =
        (∏ k in Finset.range 5, 2 * k + 1) * (2 * 5 + 1) := by
    simpa using (Finset.prod_range_succ (fun k => 2 * k + 1) 5)
  -- replace the last factor using the congruence `11 ≡ 1 (mod 10)`
  have hcongr :
      (∏ k in Finset.range 5, 2 * k + 1) * (2 * 5 + 1) ≡
        (∏ k in Finset.range 5, 2 * k + 1) * (1 : ℕ) [MOD 10] :=
    Nat.ModEq.mul_left _ h11
  simpa [hprod, h5] using hcongr
```


Error message from Lean: unsolved goals
h11 : 2 * 5 + 1 ≡ 1 [MOD 10]
⊢ False
The error was encountered while trying to process the following lines:
  have hprod :
      (∏ k in Finset.range 6, 2 * k + 1) =


--- line 436395 ---
```lean4 
import Mathlib
import Aesop

set_option maxHeartbeats 0

open BigOperators Real Nat Topology Rat

theorem h_mod_mathd_numbertheory_343 :
    (∏ k ∈ Finset.range 6, 2 * k + 1) ≡
      (1 * 3 * 5 * 7 * 9 * 1) [MOD 10] := by
  -- 11 is congruent to 1 modulo 10
  have h11 : (11 : ℕ) ≡ 1 [MOD 10] := by norm_num
  -- multiply this congruence by the product of the first five factors
  have h :=
    (Nat.ModEq.mul_right
        (∏ k ∈ Finset.range 5, 2 * k + 1) h11)
  -- rewrite the right‑hand side of the goal as a product
  have hRHS :
      (1 * 3 * 5 * 7 * 9 * 1) =
        (∏ k ∈ Finset.range 5, 2 * k + 1) * 1 := by
    norm_num
  -- finish by rewriting both sides with `prod_range_succ` and the lemma above
  simpa [Finset.prod_range_succ, hRHS] using h
```


Error message from Lean: unsolved goals
⊢ 11 ≡ 1 [MOD 10]
The error was encountered while trying to process the following lines:
    (Nat.ModEq.mul_right



Error message from Lean: unsolved goals
h11 : 11 ≡ 1 [MOD 10]
h : 11 * (∏ k ∈ Finset.range 5, 2 * k + 1) ≡ 1 * (∏ k ∈ Finset.range 5, 2 * k + 1) [MOD 10]
⊢ False

--- line 436431 ---
h : 11 * (∏ k ∈ Finset.range 5, 2 * k + 1) ≡ 1 * (∏ k ∈ Finset.range 5, 2 * k + 1) [MOD 10]
⊢ False
The error was encountered while trying to process the following lines:
  simpa [Finset.prod_range_succ, hRHS] using h



[2026-09-11 15:50:35,152][src.models.HILBERTWorker][INFO] - ```lean
theorem h_mod_mathd_numbertheory_343 :
    (∏ k ∈ Finset.range 6, 2 * k + 1) ≡
      (1 * 3 * 5 * 7 * 9 * 1) [MOD 10] := by
  -- 11 is congruent to 1 modulo 10
  have h11 : (11 : ℕ) ≡ 1 [MOD 10] := by decide
  -- multiply the congruence by the product of the first five factors
  have h :=
    Nat.ModEq.mul_left (∏ k ∈ Finset.range 5, 2 * k + 1) h11
  -- rewrite the left‑hand side using `prod_range_succ`; the right‑hand side matches
  simpa [Finset.prod_range_succ] using h
```
[2026-09-11 15:50:35,419][src.models.HILBERTWorker][INFO] - RESULT: False
[2026-09-11 15:50:35,421][src.models.HILBERTWorker][INFO] - --------------------------------------------------------------------------------
[2026-09-11 15:50:35,421][src.models.HILBERTWorker][INFO] - Correction passes 3/6
[2026-09-11 15:50:35,422][src.models.HILBERTWorker][INFO] - --------------------------------------------------------------------------------
[2026-09-11 15:50:35,422][src.models.HILBERTWorker][INFO] - Error Message
[2026-09-11 15:50:35,422][src.models.HILBERTWorker][INFO] - 

The provided proof:
```lean4 
import Mathlib
import Aesop

set_option maxHeartbeats 0

open BigOperators Real Nat Topology Rat

theorem h_mod_mathd_numbertheory_343 :
    (∏ k ∈ Finset.range 6, 2 * k + 1) ≡
      (1 * 3 * 5 * 7 * 9 * 1) [MOD 10] := by

--- line 436458 ---
```lean4 
import Mathlib
import Aesop

set_option maxHeartbeats 0

open BigOperators Real Nat Topology Rat

theorem h_mod_mathd_numbertheory_343 :
    (∏ k ∈ Finset.range 6, 2 * k + 1) ≡
      (1 * 3 * 5 * 7 * 9 * 1) [MOD 10] := by
  -- 11 is congruent to 1 modulo 10
  have h11 : (11 : ℕ) ≡ 1 [MOD 10] := by decide
  -- multiply the congruence by the product of the first five factors
  have h :=
    Nat.ModEq.mul_left (∏ k ∈ Finset.range 5, 2 * k + 1) h11
  -- rewrite the left‑hand side using `prod_range_succ`; the right‑hand side matches
  simpa [Finset.prod_range_succ] using h
```


Error message from Lean: type mismatch, term
  h
after simplification has type
  11 ≡ 1 [MOD 10] : Prop
but is expected to have type
  1 ≡ 945 [MOD 10] : Prop
The error was encountered while trying to process the following lines:
Error: line number out of range



[2026-09-11 15:50:35,422][src.models.HILBERTWorker][INFO] - --------------------------------------------------------------------------------
[2026-09-11 15:50:35,423][src.models.HILBERTWorker][INFO] - ********************************************************************************
[2026-09-11 15:50:35,423][src.models.HILBERTWorker][INFO] - OBTAINED USEFUL THEOREMS
[2026-09-11 15:50:35,423][src.models.HILBERTWorker][INFO] - 
1. [THEOREM] Ratio of consecutive product ranges equals last term
Module: Mathlib.Algebra.BigOperators.Intervals

--- line 436736 ---
[2026-09-11 15:50:45,604][src.models.HILBERTWorker][INFO] - ********************************************************************************
[2026-09-11 15:50:45,604][src.models.HILBERTWorker][INFO] - Using conversational search for missing identifiers
[2026-09-11 15:50:45,604][src.models.HILBERTWorker][INFO] - Missing identifiers: ['eq_of_monic_of_dvd_of_degree_le']
[2026-09-11 15:50:45,604][src.models.HILBERTWorker][INFO] - ********************************************************************************
[2026-09-11 15:50:46,256][src.models.HILBERTWorker][INFO] - ********************************************************************************
[2026-09-11 15:50:46,256][src.models.HILBERTWorker][INFO] - Full theorem statement response (attempt 1)
[2026-09-11 15:50:46,256][src.models.HILBERTWorker][INFO] - ********************************************************************************
[2026-09-11 15:50:46,257][src.models.HILBERTWorker][INFO] - ```lean4
theorem h_mod_mathd_numbertheory_343 :
    (∏ k ∈ Finset.range 6, 2 * k + 1) ≡
      (1 * 3 * 5 * 7 * 9 * 1) [MOD 10] := by
  -- 11 is congruent to 1 modulo 10
  have h11 : (11 : ℕ) ≡ 1 [MOD 10] := by
    decide
  -- product of the first five odd numbers
  have hprod : (∏ k ∈ Finset.range 5, 2 * k + 1) = 1 * 3 * 5 * 7 * 9 := by
    norm_num
  -- multiply the congruence h11 by the product over the first five terms
  have hmul :
      (∏ k ∈ Finset.range 5, 2 * k + 1) * 11 ≡
        (∏ k ∈ Finset.range 5, 2 * k + 1) * 1 [MOD 10] :=
    Nat.ModEq.mul_left _ h11
  -- rewrite the left‑hand side using `prod_range_succ` and finish
  simpa [Finset.prod_range_succ, hprod] using hmul
```
[2026-09-11 15:50:46,257][src.models.HILBERTWorker][INFO] - ********************************************************************************
[2026-09-11 15:50:46,729][src.models.HILBERTWorker][INFO] - RESULT: False
[2026-09-11 15:50:46,732][src.models.HILBERTWorker][INFO] - --------------------------------------------------------------------------------
[2026-09-11 15:50:46,732][src.models.HILBERTWorker][INFO] - Correction passes 5/6
[2026-09-11 15:50:46,733][src.models.HILBERTWorker][INFO] - --------------------------------------------------------------------------------
[2026-09-11 15:50:46,733][src.models.HILBERTWorker][INFO] - Error Message
[2026-09-11 15:50:46,733][src.models.HILBERTWorker][INFO] - 

The provided proof:
```lean4 
import Mathlib
import Aesop


--- line 436770 ---
```lean4 
import Mathlib
import Aesop

set_option maxHeartbeats 0

open BigOperators Real Nat Topology Rat

theorem h_mod_mathd_numbertheory_343 :
    (∏ k ∈ Finset.range 6, 2 * k + 1) ≡
      (1 * 3 * 5 * 7 * 9 * 1) [MOD 10] := by
  -- 11 is congruent to 1 modulo 10
  have h11 : (11 : ℕ) ≡ 1 [MOD 10] := by
    decide
  -- product of the first five odd numbers
  have hprod : (∏ k ∈ Finset.range 5, 2 * k + 1) = 1 * 3 * 5 * 7 * 9 := by
    norm_num
  -- multiply the congruence h11 by the product over the first five terms
  have hmul :
      (∏ k ∈ Finset.range 5, 2 * k + 1) * 11 ≡
        (∏ k ∈ Finset.range 5, 2 * k + 1) * 1 [MOD 10] :=
    Nat.ModEq.mul_left _ h11
  -- rewrite the left‑hand side using `prod_range_succ` and finish
  simpa [Finset.prod_range_succ, hprod] using hmul
```


Error message from Lean: unsolved goals
h11 : 11 ≡ 1 [MOD 10]
⊢ False
The error was encountered while trying to process the following lines:
  have hmul :
      (∏ k ∈ Finset.range 5, 2 * k + 1) * 11 ≡



Error message from Lean: type mismatch, term
  hmul

--- line 437745 ---
```lean4 
import Mathlib
import Aesop

set_option maxHeartbeats 0

open BigOperators Real Nat Topology Rat

theorem h_mod_mathd_numbertheory_343 :
    (∏ k in Finset.range 6, 2 * k + 1) ≡
      (1 * 3 * 5 * 7 * 9 * 1) [MOD 10] := by
  -- 11 ≡ 1 (mod 10)
  have h11 : (2 * 5 + 1) ≡ (1 : ℕ) [MOD 10] := by
    decide
  -- product of the first five odd numbers
  have h5 : (∏ k in Finset.range 5, 2 * k + 1) = (1 * 3 * 5 * 7 * 9) := by
    norm_num
  -- split the product over `range 6`
  have hprod :
      (∏ k in Finset.range 6, 2 * k + 1) =
        (∏ k in Finset.range 5, 2 * k + 1) * (2 * 5 + 1) := by
    simpa using (Finset.prod_range_succ (fun k => 2 * k + 1) 5)
  -- replace the last factor using the congruence `11 ≡ 1 (mod 10)`
  have hcongr :
      (∏ k in Finset.range 5, 2 * k + 1) * (2 * 5 + 1) ≡
        (∏ k in Finset.range 5, 2 * k + 1) * (1 : ℕ) [MOD 10] :=
    Nat.ModEq.mul_left _ h11
  simpa [hprod, h5] using hcongr
```


Error message from Lean: unsolved goals
h11 : 2 * 5 + 1 ≡ 1 [MOD 10]
⊢ False
The error was encountered while trying to process the following lines:
  have hprod :
      (∏ k in Finset.range 6, 2 * k + 1) =


--- line 437789 ---
but is expected to have type
  ∏ k ∈ Finset.range 6, 2 * k + 1 = (∏ k ∈ Finset.range 5, 2 * k + 1) * 11 : Prop
The error was encountered while trying to process the following lines:
      (∏ k in Finset.range 5, 2 * k + 1) * (2 * 5 + 1) ≡



[2026-09-11 15:51:11,117][src.models.HILBERTWorker][INFO] - ```lean
theorem h_mod_mathd_numbertheory_343 :
    (∏ k in Finset.range 6, 2 * k + 1) ≡
      (1 * 3 * 5 * 7 * 9 * 1) [MOD 10] := by
  -- 11 ≡ 1 (mod 10)
  have h11 : (2 * 5 + 1) ≡ (1 : ℕ) [MOD 10] := by
    norm_num
  -- product of the first five odd numbers
  have h5 : (∏ k in Finset.range 5, 2 * k + 1) = (1 * 3 * 5 * 7 * 9) := by
    norm_num
  -- split the product over `range 6`
  have hprod :
      (∏ k in Finset.range 6, 2 * k + 1) =
        (∏ k in Finset.range 5, 2 * k + 1) * (2 * 5 + 1) := by
    simpa using (Finset.prod_range_succ (fun k => 2 * k + 1) 5)
  -- replace the last factor using the congruence `11 ≡ 1 (mod 10)`
  have hcongr :
      (∏ k in Finset.range 5, 2 * k + 1) * (2 * 5 + 1) ≡
        (∏ k in Finset.range 5, 2 * k + 1) * (1 : ℕ) [MOD 10] :=
    Nat.ModEq.mul_left _ h11
  simpa [hprod, h5] using hcongr
```
[2026-09-11 15:51:11,710][src.models.HILBERTWorker][INFO] - RESULT: False
[2026-09-11 15:51:11,712][src.models.HILBERTWorker][INFO] - --------------------------------------------------------------------------------
[2026-09-11 15:51:11,712][src.models.HILBERTWorker][INFO] - Correction passes 6/6
[2026-09-11 15:51:11,712][src.models.HILBERTWorker][INFO] - --------------------------------------------------------------------------------
[2026-09-11 15:51:11,712][src.models.HILBERTWorker][INFO] - Error Message
[2026-09-11 15:51:11,712][src.models.HILBERTWorker][INFO] - 

The provided proof:
```lean4 

--- line 437826 ---
```lean4 
import Mathlib
import Aesop

set_option maxHeartbeats 0

open BigOperators Real Nat Topology Rat

theorem h_mod_mathd_numbertheory_343 :
    (∏ k in Finset.range 6, 2 * k + 1) ≡
      (1 * 3 * 5 * 7 * 9 * 1) [MOD 10] := by
  -- 11 ≡ 1 (mod 10)
  have h11 : (2 * 5 + 1) ≡ (1 : ℕ) [MOD 10] := by
    norm_num
  -- product of the first five odd numbers
  have h5 : (∏ k in Finset.range 5, 2 * k + 1) = (1 * 3 * 5 * 7 * 9) := by
    norm_num
  -- split the product over `range 6`
  have hprod :
      (∏ k in Finset.range 6, 2 * k + 1) =
        (∏ k in Finset.range 5, 2 * k + 1) * (2 * 5 + 1) := by
    simpa using (Finset.prod_range_succ (fun k => 2 * k + 1) 5)
  -- replace the last factor using the congruence `11 ≡ 1 (mod 10)`
  have hcongr :
      (∏ k in Finset.range 5, 2 * k + 1) * (2 * 5 + 1) ≡
        (∏ k in Finset.range 5, 2 * k + 1) * (1 : ℕ) [MOD 10] :=
    Nat.ModEq.mul_left _ h11
  simpa [hprod, h5] using hcongr
```


Error message from Lean: unsolved goals
⊢ 11 ≡ 1 [MOD 10]
The error was encountered while trying to process the following lines:
  have h5 : (∏ k in Finset.range 5, 2 * k + 1) = (1 * 3 * 5 * 7 * 9) := by
    norm_num



--- line 438166 ---
```lean4 
import Mathlib
import Aesop

set_option maxHeartbeats 0

open BigOperators Real Nat Topology Rat

theorem h_mod_mathd_numbertheory_343 :
    (∏ k ∈ Finset.range 6, 2 * k + 1) ≡
      (1 * 3 * 5 * 7 * 9 * 1) [MOD 10] := by
  -- 11 is congruent to 1 modulo 10
  have h11 : (2 * 5 + 1) ≡ (1 : ℕ) [MOD 10] := by
    norm_num
  -- the product of the first five odd numbers
  have h5 : (∏ k ∈ Finset.range 5, 2 * k + 1) = (1 * 3 * 5 * 7 * 9) := by
    norm_num
  -- multiply the congruence by the product of the first five terms
  have hmul :
      (∏ k ∈ Finset.range 5, 2 * k + 1) * (2 * 5 + 1) ≡
        (∏ k ∈ Finset.range 5, 2 * k + 1) * 1 [MOD 10] :=
    Nat.ModEq.mul_right _ h11
  -- rewrite the left‑hand side as the product over `range 6`
  simpa [Finset.prod_range_succ, h5] using hmul
```


Error message from Lean: unsolved goals
⊢ 11 ≡ 1 [MOD 10]
The error was encountered while trying to process the following lines:
  have h5 : (∏ k ∈ Finset.range 5, 2 * k + 1) = (1 * 3 * 5 * 7 * 9) := by
    norm_num



Error message from Lean: unsolved goals
h11 : 2 * 5 + 1 ≡ 1 [MOD 10]
⊢ False

--- line 439072 ---
```lean4 
import Mathlib
import Aesop

set_option maxHeartbeats 0

open BigOperators Real Nat Topology Rat

theorem h_mod_mathd_numbertheory_343 :
    (∏ k ∈ Finset.range 6, 2 * k + 1) ≡
      (1 * 3 * 5 * 7 * 9 * 1) [MOD 10] := by
  -- 11 is congruent to 1 modulo 10
  have h11 : (11 : ℕ) ≡ 1 [MOD 10] := by
    decide
  -- product of the first five odd numbers
  have hprod : (∏ k ∈ Finset.range 5, 2 * k + 1) = 1 * 3 * 5 * 7 * 9 := by
    norm_num
  -- multiply the congruence h11 by the product over the first five terms
  have hmul :
      (∏ k ∈ Finset.range 5, 2 * k + 1) * 11 ≡
        (∏ k ∈ Finset.range 5, 2 * k + 1) * 1 [MOD 10] :=
    Nat.ModEq.mul_left _ h11
  -- rewrite the left‑hand side using `prod_range_succ` and finish
  simpa [Finset.prod_range_succ, hprod] using hmul
```


Error message from Lean: unsolved goals
h11 : 11 ≡ 1 [MOD 10]
⊢ False
The error was encountered while trying to process the following lines:
  have hmul :
      (∏ k ∈ Finset.range 5, 2 * k + 1) * 11 ≡



Error message from Lean: type mismatch, term
  hmul

--- line 439142 ---
[2026-09-11 15:51:51,492][src.tools.lean_utils][INFO] - ????????????????????????????????????????????????????????????????????????????????????????????????????
[2026-09-11 15:51:51,492][src.models.HILBERTWorker][INFO] - ****************************************************************************************************
[2026-09-11 15:51:51,492][src.models.HILBERTWorker][INFO] - Trying to obtain the full theorem statement, attempt 1/3
[2026-09-11 15:51:51,492][src.models.HILBERTWorker][INFO] - ****************************************************************************************************
[2026-09-11 15:51:54,093][src.models.HILBERTWorker][INFO] - ********************************************************************************
[2026-09-11 15:51:54,094][src.models.HILBERTWorker][INFO] - Full theorem statement response (attempt 1)
[2026-09-11 15:51:54,094][src.models.HILBERTWorker][INFO] - ********************************************************************************
[2026-09-11 15:51:54,094][src.models.HILBERTWorker][INFO] - ```lean4
theorem h_mod_mathd_numbertheory_343 :
    (∏ k ∈ Finset.range 6, 2 * k + 1) ≡
      (1 * 3 * 5 * 7 * 9 * 1) [MOD 10] := by
  -- 11 is congruent to 1 modulo 10
  have h11 : (2 * 5 + 1) ≡ (1 : ℕ) [MOD 10] := by
    norm_num
  -- the product of the first five odd numbers
  have h5 : (∏ k ∈ Finset.range 5, 2 * k + 1) = (1 * 3 * 5 * 7 * 9) := by
    norm_num
  -- multiply the congruence by the product of the first five terms on the left
  have hmul :
      (∏ k ∈ Finset.range 5, 2 * k + 1) * (2 * 5 + 1) ≡
        (∏ k ∈ Finset.range 5, 2 * k + 1) * 1 [MOD 10] :=
    Nat.ModEq.mul_left _ h11
  -- rewrite the left‑hand side as the product over `range 6` and simplify
  simpa [Finset.prod_range_succ, h5] using hmul
```
[2026-09-11 15:51:54,095][src.models.HILBERTWorker][INFO] - ********************************************************************************
[2026-09-11 15:51:54,476][src.models.HILBERTWorker][INFO] - RESULT: False
[2026-09-11 15:51:54,478][src.models.HILBERTWorker][INFO] - --------------------------------------------------------------------------------
[2026-09-11 15:51:54,479][src.models.HILBERTWorker][INFO] - Correction passes 4/6
[2026-09-11 15:51:54,479][src.models.HILBERTWorker][INFO] - --------------------------------------------------------------------------------
[2026-09-11 15:51:54,479][src.models.HILBERTWorker][INFO] - Error Message
[2026-09-11 15:51:54,479][src.models.HILBERTWorker][INFO] - 

The provided proof:
```lean4 
import Mathlib
import Aesop


--- line 439176 ---
```lean4 
import Mathlib
import Aesop

set_option maxHeartbeats 0

open BigOperators Real Nat Topology Rat

theorem h_mod_mathd_numbertheory_343 :
    (∏ k ∈ Finset.range 6, 2 * k + 1) ≡
      (1 * 3 * 5 * 7 * 9 * 1) [MOD 10] := by
  -- 11 is congruent to 1 modulo 10
  have h11 : (2 * 5 + 1) ≡ (1 : ℕ) [MOD 10] := by
    norm_num
  -- the product of the first five odd numbers
  have h5 : (∏ k ∈ Finset.range 5, 2 * k + 1) = (1 * 3 * 5 * 7 * 9) := by
    norm_num
  -- multiply the congruence by the product of the first five terms on the left
  have hmul :
      (∏ k ∈ Finset.range 5, 2 * k + 1) * (2 * 5 + 1) ≡
        (∏ k ∈ Finset.range 5, 2 * k + 1) * 1 [MOD 10] :=
    Nat.ModEq.mul_left _ h11
  -- rewrite the left‑hand side as the product over `range 6` and simplify
  simpa [Finset.prod_range_succ, h5] using hmul
```


Error message from Lean: unsolved goals
⊢ 11 ≡ 1 [MOD 10]
The error was encountered while trying to process the following lines:
  have h5 : (∏ k ∈ Finset.range 5, 2 * k + 1) = (1 * 3 * 5 * 7 * 9) := by
    norm_num



Error message from Lean: unsolved goals
h11 : 2 * 5 + 1 ≡ 1 [MOD 10]
⊢ False

--- line 439598 ---
[2026-09-11 15:52:01,972][src.tools.lean_utils][INFO] - ????????????????????????????????????????????????????????????????????????????????????????????????????
[2026-09-11 15:52:01,972][src.models.HILBERTWorker][INFO] - ****************************************************************************************************
[2026-09-11 15:52:01,972][src.models.HILBERTWorker][INFO] - Trying to obtain the full theorem statement, attempt 1/3
[2026-09-11 15:52:01,972][src.models.HILBERTWorker][INFO] - ****************************************************************************************************
[2026-09-11 15:52:04,360][src.models.HILBERTWorker][INFO] - ********************************************************************************
[2026-09-11 15:52:04,361][src.models.HILBERTWorker][INFO] - Full theorem statement response (attempt 1)
[2026-09-11 15:52:04,361][src.models.HILBERTWorker][INFO] - ********************************************************************************
[2026-09-11 15:52:04,361][src.models.HILBERTWorker][INFO] - ```lean4
theorem h_mod_mathd_numbertheory_343 :
    (∏ k ∈ Finset.range 6, 2 * k + 1) ≡
      (1 * 3 * 5 * 7 * 9 * 1) [MOD 10] := by
  -- 11 is congruent to 1 modulo 10
  have h11 : (11 : ℕ) ≡ 1 [MOD 10] := by
    norm_num
  -- product of the first five odd numbers
  have hprod : (∏ k ∈ Finset.range 5, 2 * k + 1) = 1 * 3 * 5 * 7 * 9 := by
    norm_num
  -- multiply the congruence h11 by the product over the first five terms
  have hmul :
      (∏ k ∈ Finset.range 5, 2 * k + 1) * 11 ≡
        (∏ k ∈ Finset.range 5, 2 * k + 1) * 1 [MOD 10] :=
    Nat.ModEq.mul_left (∏ k ∈ Finset.range 5, 2 * k + 1) h11
  -- rewrite the left‑hand side using `prod_range_succ` and finish
  simpa [Finset.prod_range_succ, hprod] using hmul
```
[2026-09-11 15:52:04,361][src.models.HILBERTWorker][INFO] - ********************************************************************************
[2026-09-11 15:52:04,748][src.models.HILBERTWorker][INFO] - RESULT: False
[2026-09-11 15:52:04,751][src.models.HILBERTWorker][INFO] - --------------------------------------------------------------------------------
[2026-09-11 15:52:04,751][src.models.HILBERTWorker][INFO] - Correction passes 6/6
[2026-09-11 15:52:04,751][src.models.HILBERTWorker][INFO] - --------------------------------------------------------------------------------
[2026-09-11 15:52:04,751][src.models.HILBERTWorker][INFO] - Error Message
[2026-09-11 15:52:04,751][src.models.HILBERTWorker][INFO] - 

The provided proof:
```lean4 
import Mathlib
import Aesop


--- line 439632 ---
```lean4 
import Mathlib
import Aesop

set_option maxHeartbeats 0

open BigOperators Real Nat Topology Rat

theorem h_mod_mathd_numbertheory_343 :
    (∏ k ∈ Finset.range 6, 2 * k + 1) ≡
      (1 * 3 * 5 * 7 * 9 * 1) [MOD 10] := by
  -- 11 is congruent to 1 modulo 10
  have h11 : (11 : ℕ) ≡ 1 [MOD 10] := by
    norm_num
  -- product of the first five odd numbers
  have hprod : (∏ k ∈ Finset.range 5, 2 * k + 1) = 1 * 3 * 5 * 7 * 9 := by
    norm_num
  -- multiply the congruence h11 by the product over the first five terms
  have hmul :
      (∏ k ∈ Finset.range 5, 2 * k + 1) * 11 ≡
        (∏ k ∈ Finset.range 5, 2 * k + 1) * 1 [MOD 10] :=
    Nat.ModEq.mul_left (∏ k ∈ Finset.range 5, 2 * k + 1) h11
  -- rewrite the left‑hand side using `prod_range_succ` and finish
  simpa [Finset.prod_range_succ, hprod] using hmul
```


Error message from Lean: unsolved goals
⊢ 11 ≡ 1 [MOD 10]
The error was encountered while trying to process the following lines:
  have hprod : (∏ k ∈ Finset.range 5, 2 * k + 1) = 1 * 3 * 5 * 7 * 9 := by
    norm_num



Error message from Lean: unsolved goals
h11 : 11 ≡ 1 [MOD 10]
⊢ False

--- line 440078 ---
```lean4 
import Mathlib
import Aesop

set_option maxHeartbeats 0

open BigOperators Real Nat Topology Rat

theorem h_mod_mathd_numbertheory_343 :
    (∏ k ∈ Finset.range 6, 2 * k + 1) ≡
      (1 * 3 * 5 * 7 * 9 * 1) [MOD 10] := by
  -- 11 is congruent to 1 modulo 10
  have h11 : (11 : ℕ) ≡ 1 [MOD 10] := by decide
  -- multiply the congruence by the product of the first five factors
  have h :=
    Nat.ModEq.mul_left (∏ k ∈ Finset.range 5, 2 * k + 1) h11
  -- rewrite the left‑hand side using `prod_range_succ`; the right‑hand side matches
  simpa [Finset.prod_range_succ] using h
```


Error message from Lean: type mismatch, term
  h
after simplification has type
  11 ≡ 1 [MOD 10] : Prop
but is expected to have type
  1 ≡ 945 [MOD 10] : Prop
The error was encountered while trying to process the following lines:
Error: line number out of range



[2026-09-11 15:52:16,517][src.models.HILBERTWorker][INFO] - ```lean
theorem h_mod_mathd_numbertheory_343 :
    (∏ k ∈ Finset.range 6, 2 * k + 1) ≡
      (1 * 3 * 5 * 7 * 9 * 1) [MOD 10] := by
  have h11 : (11 : ℕ) ≡ 1 [MOD 10] := by norm_num
  have h :=

--- line 440103 ---
but is expected to have type
  1 ≡ 945 [MOD 10] : Prop
The error was encountered while trying to process the following lines:
Error: line number out of range



[2026-09-11 15:52:16,517][src.models.HILBERTWorker][INFO] - ```lean
theorem h_mod_mathd_numbertheory_343 :
    (∏ k ∈ Finset.range 6, 2 * k + 1) ≡
      (1 * 3 * 5 * 7 * 9 * 1) [MOD 10] := by
  have h11 : (11 : ℕ) ≡ 1 [MOD 10] := by norm_num
  have h :=
    Nat.ModEq.mul_left (∏ k ∈ Finset.range 5, 2 * k + 1) h11
  simpa [Finset.prod_range_succ, mul_comm, mul_left_comm, mul_assoc] using h
```
[2026-09-11 15:52:16,864][src.models.HILBERTWorker][INFO] - RESULT: False
[2026-09-11 15:52:16,866][src.models.HILBERTWorker][INFO] - --------------------------------------------------------------------------------
[2026-09-11 15:52:16,867][src.models.HILBERTWorker][INFO] - Correction passes 4/6
[2026-09-11 15:52:16,867][src.models.HILBERTWorker][INFO] - --------------------------------------------------------------------------------
[2026-09-11 15:52:16,867][src.models.HILBERTWorker][INFO] - Error Message
[2026-09-11 15:52:16,867][src.models.HILBERTWorker][INFO] - 

The provided proof:
```lean4 
import Mathlib
import Aesop

set_option maxHeartbeats 0

open BigOperators Real Nat Topology Rat

theorem h_mod_mathd_numbertheory_343 :
    (∏ k ∈ Finset.range 6, 2 * k + 1) ≡
      (1 * 3 * 5 * 7 * 9 * 1) [MOD 10] := by
  have h11 : (11 : ℕ) ≡ 1 [MOD 10] := by norm_num
  have h :=
    Nat.ModEq.mul_left (∏ k ∈ Finset.range 5, 2 * k + 1) h11

--- line 440127 ---
```lean4 
import Mathlib
import Aesop

set_option maxHeartbeats 0

open BigOperators Real Nat Topology Rat

theorem h_mod_mathd_numbertheory_343 :
    (∏ k ∈ Finset.range 6, 2 * k + 1) ≡
      (1 * 3 * 5 * 7 * 9 * 1) [MOD 10] := by
  have h11 : (11 : ℕ) ≡ 1 [MOD 10] := by norm_num
  have h :=
    Nat.ModEq.mul_left (∏ k ∈ Finset.range 5, 2 * k + 1) h11
  simpa [Finset.prod_range_succ, mul_comm, mul_left_comm, mul_assoc] using h
```


Error message from Lean: unsolved goals
⊢ 11 ≡ 1 [MOD 10]
The error was encountered while trying to process the following lines:
  simpa [Finset.prod_range_succ, mul_comm, mul_left_comm, mul_assoc] using h



Error message from Lean: type mismatch, term
  h
after simplification has type
  11 ≡ 1 [MOD 10] : Prop
but is expected to have type
  1 ≡ 945 [MOD 10] : Prop
The error was encountered while trying to process the following lines:
Error: line number out of range



[2026-09-11 15:52:16,867][src.models.HILBERTWorker][INFO] - --------------------------------------------------------------------------------
[2026-09-11 15:52:16,868][src.models.HILBERTWorker][INFO] - ********************************************************************************

--- line 440391 ---
```lean4 
import Mathlib
import Aesop

set_option maxHeartbeats 0

open BigOperators Real Nat Topology Rat

theorem h_mod_mathd_numbertheory_343 :
    (∏ k in Finset.range 6, 2 * k + 1) ≡
      (1 * 3 * 5 * 7 * 9 * 1) [MOD 10] := by
  -- 11 ≡ 1 (mod 10)
  have h11 : (2 * 5 + 1) ≡ (1 : ℕ) [MOD 10] := by
    norm_num
  -- product of the first five odd numbers
  have h5 : (∏ k in Finset.range 5, 2 * k + 1) = (1 * 3 * 5 * 7 * 9) := by
    norm_num
  -- split the product over `range 6`
  have hprod :
      (∏ k in Finset.range 6, 2 * k + 1) =
        (∏ k in Finset.range 5, 2 * k + 1) * (2 * 5 + 1) := by
    simpa using (Finset.prod_range_succ (fun k => 2 * k + 1) 5)
  -- replace the last factor using the congruence `11 ≡ 1 (mod 10)`
  have hcongr :
      (∏ k in Finset.range 5, 2 * k + 1) * (2 * 5 + 1) ≡
        (∏ k in Finset.range 5, 2 * k + 1) * (1 : ℕ) [MOD 10] :=
    Nat.ModEq.mul_left _ h11
  simpa [hprod, h5] using hcongr
```


Error message from Lean: unsolved goals
⊢ 11 ≡ 1 [MOD 10]
The error was encountered while trying to process the following lines:
  have h5 : (∏ k in Finset.range 5, 2 * k + 1) = (1 * 3 * 5 * 7 * 9) := by
    norm_num



--- line 440443 ---
but is expected to have type
  ∏ k ∈ Finset.range 6, 2 * k + 1 = (∏ k ∈ Finset.range 5, 2 * k + 1) * 11 : Prop
The error was encountered while trying to process the following lines:
      (∏ k in Finset.range 5, 2 * k + 1) * (2 * 5 + 1) ≡



[2026-09-11 15:52:27,931][src.models.HILBERTWorker][INFO] - ```lean
theorem h_mod_mathd_numbertheory_343 :
    (∏ k in Finset.range 6, 2 * k + 1) ≡
      (1 * 3 * 5 * 7 * 9 * 1) [MOD 10] := by
  -- 11 ≡ 1 (mod 10)
  have h11 : (2 * 5 + 1) ≡ (1 : ℕ) [MOD 10] := by
    norm_num
  -- product of the first five odd numbers
  have h5 : (∏ k in Finset.range 5, 2 * k + 1) = (1 * 3 * 5 * 7 * 9) := by
    norm_num
  -- split the product over `range 6`
  have hprod :
      (∏ k in Finset.range 6, 2 * k + 1) =
        (∏ k in Finset.range 5, 2 * k + 1) * (2 * 5 + 1) := by
    norm_num
  -- replace the last factor using the congruence `11 ≡ 1 (mod 10)`
  have hcongr :
      (∏ k in Finset.range 5, 2 * k + 1) * (2 * 5 + 1) ≡
        (∏ k in Finset.range 5, 2 * k + 1) * (1 : ℕ) [MOD 10] :=
    Nat.ModEq.mul_left _ h11
  simpa [hprod, h5] using hcongr
```
[2026-09-11 15:52:28,405][src.models.HILBERTWorker][INFO] - RESULT: False
[2026-09-11 15:52:28,408][src.tools.AsyncJobPool][INFO] - ✅ Job 'Task-3844' finished
[2026-09-11 15:52:28,434][src.models.HILBERTWorker][INFO] - PRODUCED ANSWER for error message: 

The provided proof:
```lean4 
import Mathlib
import Aesop


--- line 441075 ---
```lean4 
import Mathlib
import Aesop

set_option maxHeartbeats 0

open BigOperators Real Nat Topology Rat

theorem h_mod_mathd_numbertheory_343 :
    (∏ k ∈ Finset.range 6, 2 * k + 1) ≡
      (1 * 3 * 5 * 7 * 9 * 1) [MOD 10] := by
  -- 11 is congruent to 1 modulo 10
  have h11 : (2 * 5 + 1) ≡ (1 : ℕ) [MOD 10] := by
    norm_num
  -- the product of the first five odd numbers
  have h5 : (∏ k ∈ Finset.range 5, 2 * k + 1) = (1 * 3 * 5 * 7 * 9) := by
    norm_num
  -- multiply the congruence by the product of the first five terms on the left
  have hmul :
      (∏ k ∈ Finset.range 5, 2 * k + 1) * (2 * 5 + 1) ≡
        (∏ k ∈ Finset.range 5, 2 * k + 1) * 1 [MOD 10] :=
    Nat.ModEq.mul_left _ h11
  -- rewrite the left‑hand side as the product over `range 6` and simplify
  simpa [Finset.prod_range_succ, h5] using hmul
```


Error message from Lean: unsolved goals
⊢ 11 ≡ 1 [MOD 10]
The error was encountered while trying to process the following lines:
  have h5 : (∏ k ∈ Finset.range 5, 2 * k + 1) = (1 * 3 * 5 * 7 * 9) := by
    norm_num



Error message from Lean: unsolved goals
h11 : 2 * 5 + 1 ≡ 1 [MOD 10]
⊢ False

--- line 441169 ---
```lean4 
import Mathlib
import Aesop

set_option maxHeartbeats 0

open BigOperators Real Nat Topology Rat

theorem h_mod_mathd_numbertheory_343 :
    (∏ k ∈ Finset.range 6, 2 * k + 1) ≡
      (1 * 3 * 5 * 7 * 9 * 1) [MOD 10] := by
  -- 11 is congruent to 1 modulo 10
  have h11 : (11 : ℕ) ≡ 1 [MOD 10] := by
    norm_num
  -- product of the first five odd numbers
  have hprod : (∏ k ∈ Finset.range 5, 2 * k + 1) = 1 * 3 * 5 * 7 * 9 := by
    norm_num
  -- multiply the congruence h11 by the product over the first five terms
  have hmul :
      (∏ k ∈ Finset.range 5, 2 * k + 1) * 11 ≡
        (∏ k ∈ Finset.range 5, 2 * k + 1) * 1 [MOD 10] :=
    Nat.ModEq.mul_left (∏ k ∈ Finset.range 5, 2 * k + 1) h11
  -- rewrite the left‑hand side using `prod_range_succ` and finish
  simpa [Finset.prod_range_succ, hprod] using hmul
```


Error message from Lean: unsolved goals
⊢ 11 ≡ 1 [MOD 10]
The error was encountered while trying to process the following lines:
  have hprod : (∏ k ∈ Finset.range 5, 2 * k + 1) = 1 * 3 * 5 * 7 * 9 := by
    norm_num



Error message from Lean: unsolved goals
h11 : 11 ≡ 1 [MOD 10]
⊢ False

--- line 441392 ---
```lean4 
import Mathlib
import Aesop

set_option maxHeartbeats 0

open BigOperators Real Nat Topology Rat

theorem h_mod_mathd_numbertheory_343 :
    (∏ k ∈ Finset.range 6, 2 * k + 1) ≡
      (1 * 3 * 5 * 7 * 9 * 1) [MOD 10] := by
  have h11 : (11 : ℕ) ≡ 1 [MOD 10] := by norm_num
  have h :=
    Nat.ModEq.mul_left (∏ k ∈ Finset.range 5, 2 * k + 1) h11
  simpa [Finset.prod_range_succ, mul_comm, mul_left_comm, mul_assoc] using h
```


Error message from Lean: unsolved goals
⊢ 11 ≡ 1 [MOD 10]
The error was encountered while trying to process the following lines:
  simpa [Finset.prod_range_succ, mul_comm, mul_left_comm, mul_assoc] using h



Error message from Lean: type mismatch, term
  h
after simplification has type
  11 ≡ 1 [MOD 10] : Prop
but is expected to have type
  1 ≡ 945 [MOD 10] : Prop
The error was encountered while trying to process the following lines:
Error: line number out of range



[2026-09-11 15:52:59,975][src.models.HILBERTWorker][INFO] - ```lean
theorem h_mod_mathd_numbertheory_343 :

--- line 441421 ---
but is expected to have type
  1 ≡ 945 [MOD 10] : Prop
The error was encountered while trying to process the following lines:
Error: line number out of range



[2026-09-11 15:52:59,975][src.models.HILBERTWorker][INFO] - ```lean
theorem h_mod_mathd_numbertheory_343 :
    (∏ k ∈ Finset.range 6, 2 * k + 1) ≡
      (1 * 3 * 5 * 7 * 9 * 1) [MOD 10] := by
  have h11 : (11 : ℕ) ≡ 1 [MOD 10] := by norm_num
  have h :=
    Nat.ModEq.mul_left (∏ k ∈ Finset.range 5, 2 * k + 1) h11
  simpa [Finset.prod_range_succ] using h
```
[2026-09-11 15:53:00,257][src.models.HILBERTWorker][INFO] - RESULT: False
[2026-09-11 15:53:00,260][src.models.HILBERTWorker][INFO] - --------------------------------------------------------------------------------
[2026-09-11 15:53:00,260][src.models.HILBERTWorker][INFO] - Correction passes 5/6
[2026-09-11 15:53:00,260][src.models.HILBERTWorker][INFO] - --------------------------------------------------------------------------------
[2026-09-11 15:53:00,260][src.models.HILBERTWorker][INFO] - Error Message
[2026-09-11 15:53:00,261][src.models.HILBERTWorker][INFO] - 

The provided proof:
```lean4 
import Mathlib
import Aesop

set_option maxHeartbeats 0

open BigOperators Real Nat Topology Rat

theorem h_mod_mathd_numbertheory_343 :
    (∏ k ∈ Finset.range 6, 2 * k + 1) ≡
      (1 * 3 * 5 * 7 * 9 * 1) [MOD 10] := by
  have h11 : (11 : ℕ) ≡ 1 [MOD 10] := by norm_num
  have h :=
    Nat.ModEq.mul_left (∏ k ∈ Finset.range 5, 2 * k + 1) h11

--- line 441445 ---
```lean4 
import Mathlib
import Aesop

set_option maxHeartbeats 0

open BigOperators Real Nat Topology Rat

theorem h_mod_mathd_numbertheory_343 :
    (∏ k ∈ Finset.range 6, 2 * k + 1) ≡
      (1 * 3 * 5 * 7 * 9 * 1) [MOD 10] := by
  have h11 : (11 : ℕ) ≡ 1 [MOD 10] := by norm_num
  have h :=
    Nat.ModEq.mul_left (∏ k ∈ Finset.range 5, 2 * k + 1) h11
  simpa [Finset.prod_range_succ] using h
```


Error message from Lean: unsolved goals
⊢ 11 ≡ 1 [MOD 10]
The error was encountered while trying to process the following lines:
  simpa [Finset.prod_range_succ] using h



Error message from Lean: type mismatch, term
  h
after simplification has type
  11 ≡ 1 [MOD 10] : Prop
but is expected to have type
  1 ≡ 945 [MOD 10] : Prop
The error was encountered while trying to process the following lines:
Error: line number out of range



[2026-09-11 15:53:00,261][src.models.HILBERTWorker][INFO] - --------------------------------------------------------------------------------
[2026-09-11 15:53:00,261][src.models.HILBERTWorker][INFO] - ********************************************************************************

--- line 441783 ---
[2026-09-11 15:53:07,143][src.tools.lean_utils][INFO] - ????????????????????????????????????????????????????????????????????????????????????????????????????
[2026-09-11 15:53:07,143][src.models.HILBERTWorker][INFO] - ****************************************************************************************************
[2026-09-11 15:53:07,143][src.models.HILBERTWorker][INFO] - Trying to obtain the full theorem statement, attempt 1/3
[2026-09-11 15:53:07,143][src.models.HILBERTWorker][INFO] - ****************************************************************************************************
[2026-09-11 15:53:08,849][src.models.HILBERTWorker][INFO] - ********************************************************************************
[2026-09-11 15:53:08,849][src.models.HILBERTWorker][INFO] - Full theorem statement response (attempt 1)
[2026-09-11 15:53:08,850][src.models.HILBERTWorker][INFO] - ********************************************************************************
[2026-09-11 15:53:08,850][src.models.HILBERTWorker][INFO] - ```lean4
theorem h_mod_mathd_numbertheory_343 :
    (∏ k ∈ Finset.range 6, 2 * k + 1) ≡
      (1 * 3 * 5 * 7 * 9 * 1) [MOD 10] := by
  -- 11 is congruent to 1 modulo 10
  have h11 : (2 * 5 + 1) ≡ (1 : ℕ) [MOD 10] := by
    norm_num
  -- the product of the first five odd numbers
  have h5 : (∏ k ∈ Finset.range 5, 2 * k + 1) = (1 * 3 * 5 * 7 * 9) := by
    norm_num
  -- multiply the congruence by that product on the left
  have hmul :
      (∏ k ∈ Finset.range 5, 2 * k + 1) * (2 * 5 + 1) ≡
        (∏ k ∈ Finset.range 5, 2 * k + 1) * 1 [MOD 10] :=
    Nat.ModEq.mul_left _ h11
  -- rewrite the left‑hand side as the product over `range 6` and simplify
  simpa [Finset.prod_range_succ, h5] using hmul
```

[2026-09-11 15:53:08,850][src.models.HILBERTWorker][INFO] - ********************************************************************************
[2026-09-11 15:53:09,235][src.models.HILBERTWorker][INFO] - RESULT: False
[2026-09-11 15:53:09,240][src.models.HILBERTWorker][INFO] - --------------------------------------------------------------------------------
[2026-09-11 15:53:09,241][src.models.HILBERTWorker][INFO] - Correction passes 5/6
[2026-09-11 15:53:09,241][src.models.HILBERTWorker][INFO] - --------------------------------------------------------------------------------
[2026-09-11 15:53:09,242][src.models.HILBERTWorker][INFO] - Error Message
[2026-09-11 15:53:09,242][src.models.HILBERTWorker][INFO] - 

The provided proof:
```lean4 
import Mathlib
import Aesop

--- line 441818 ---
```lean4 
import Mathlib
import Aesop

set_option maxHeartbeats 0

open BigOperators Real Nat Topology Rat

theorem h_mod_mathd_numbertheory_343 :
    (∏ k ∈ Finset.range 6, 2 * k + 1) ≡
      (1 * 3 * 5 * 7 * 9 * 1) [MOD 10] := by
  -- 11 is congruent to 1 modulo 10
  have h11 : (2 * 5 + 1) ≡ (1 : ℕ) [MOD 10] := by
    norm_num
  -- the product of the first five odd numbers
  have h5 : (∏ k ∈ Finset.range 5, 2 * k + 1) = (1 * 3 * 5 * 7 * 9) := by
    norm_num
  -- multiply the congruence by that product on the left
  have hmul :
      (∏ k ∈ Finset.range 5, 2 * k + 1) * (2 * 5 + 1) ≡
        (∏ k ∈ Finset.range 5, 2 * k + 1) * 1 [MOD 10] :=
    Nat.ModEq.mul_left _ h11
  -- rewrite the left‑hand side as the product over `range 6` and simplify
  simpa [Finset.prod_range_succ, h5] using hmul
```


Error message from Lean: unsolved goals
⊢ 11 ≡ 1 [MOD 10]
The error was encountered while trying to process the following lines:
  have h5 : (∏ k ∈ Finset.range 5, 2 * k + 1) = (1 * 3 * 5 * 7 * 9) := by
    norm_num



Error message from Lean: unsolved goals
h11 : 2 * 5 + 1 ≡ 1 [MOD 10]
⊢ False

--- line 441927 ---
Name: Nat.ModEq.of_mul_right
Description: For natural numbers $a$, $b$, $n$, and $m$, if $a \equiv b \pmod{n \cdot m}$, then $a \equiv b \pmod{n}$.
Signature:  (m : ℕ) : a ≡ b [MOD n * m] → a ≡ b [MOD n]
[2026-09-11 15:53:09,246][src.models.HILBERTWorker][INFO] - ********************************************************************************
[2026-09-11 15:53:16,503][src.models.HILBERTWorker][INFO] - ********************************************************************************
[2026-09-11 15:53:16,504][src.models.HILBERTWorker][INFO] - Full theorem statement response (attempt 1)
[2026-09-11 15:53:16,504][src.models.HILBERTWorker][INFO] - ********************************************************************************
[2026-09-11 15:53:16,504][src.models.HILBERTWorker][INFO] - ```lean4
theorem h_mod_mathd_numbertheory_343 :
    (∏ k ∈ Finset.range 6, 2 * k + 1) ≡
      (1 * 3 * 5 * 7 * 9 * 1) [MOD 10] := by
  have h11 : (11 : ℕ) ≡ 1 [MOD 10] := by
    decide
  have hprod : (∏ k ∈ Finset.range 5, 2 * k + 1) = 1 * 3 * 5 * 7 * 9 := by
    norm_num
  have hmul :
      (∏ k ∈ Finset.range 5, 2 * k + 1) * 11 ≡
        (∏ k ∈ Finset.range 5, 2 * k + 1) * 1 [MOD 10] :=
    Nat.ModEq.mul_left _ h11
  simpa [Finset.prod_range_succ, hprod, mul_comm, mul_left_comm, mul_assoc] using hmul
```
[2026-09-11 15:53:16,504][src.models.HILBERTWorker][INFO] - ********************************************************************************
[2026-09-11 15:53:16,934][src.models.HILBERTWorker][INFO] - ********************************************************************************
[2026-09-11 15:53:16,934][src.models.HILBERTWorker][INFO] - Full theorem statement response (attempt 1)
[2026-09-11 15:53:16,934][src.models.HILBERTWorker][INFO] - ********************************************************************************
[2026-09-11 15:53:16,934][src.models.HILBERTWorker][INFO] - ```lean4
theorem h_eq_up_to_unit_h_eq_h_eq_h_minpoly_eq_h_lin_ind_algebra_apbmpcneq0_aeq0anbeq0anceq0 {m : ℝ}
    (h_dvd :
        minpoly ℚ m ∣
          ((Polynomial.X : Polynomial ℚ) ^ (3 : ℕ) - Polynomial.C (2 : ℚ)))
    (h_monic_minpoly : (minpoly ℚ m).Monic)
    (h_monic_X :
        ((Polynomial.X : Polynomial ℚ) ^ (3 : ℕ) - Polynomial.C (2 : ℚ)).Monic)
    (h_q_ne_zero :
        ((Polynomial.X : Polynomial ℚ) ^ (3 : ℕ) - Polynomial.C (2 : ℚ)) ≠ 0)
    (h_deg_q :
        Polynomial.degree ((Polynomial.X : Polynomial ℚ) ^ (3 : ℕ) - Polynomial.C (2 : ℚ)) =
          (3 : WithBot ℕ))

--- line 443837 ---
```lean4 
import Mathlib
import Aesop

set_option maxHeartbeats 0

open BigOperators Real Nat Topology Rat

theorem h_mod_mathd_numbertheory_343 :
    (∏ k ∈ Finset.range 6, 2 * k + 1) ≡
      (1 * 3 * 5 * 7 * 9 * 1) [MOD 10] := by
  have h11 : (11 : ℕ) ≡ 1 [MOD 10] := by norm_num
  have h :=
    Nat.ModEq.mul_left (∏ k ∈ Finset.range 5, 2 * k + 1) h11
  simpa [Finset.prod_range_succ] using h
```


Error message from Lean: unsolved goals
⊢ 11 ≡ 1 [MOD 10]
The error was encountered while trying to process the following lines:
  simpa [Finset.prod_range_succ] using h



Error message from Lean: type mismatch, term
  h
after simplification has type
  11 ≡ 1 [MOD 10] : Prop
but is expected to have type
  1 ≡ 945 [MOD 10] : Prop
The error was encountered while trying to process the following lines:
Error: line number out of range



[2026-09-11 15:54:13,559][src.models.HILBERTWorker][INFO] - ```lean
theorem h_mod_mathd_numbertheory_343 :

--- line 443866 ---
but is expected to have type
  1 ≡ 945 [MOD 10] : Prop
The error was encountered while trying to process the following lines:
Error: line number out of range



[2026-09-11 15:54:13,559][src.models.HILBERTWorker][INFO] - ```lean
theorem h_mod_mathd_numbertheory_343 :
    (∏ k ∈ Finset.range 6, 2 * k + 1) ≡
      (1 * 3 * 5 * 7 * 9 * 1) [MOD 10] := by
  have h11 : (11 : ℕ) ≡ 1 [MOD 10] := by norm_num
  have h :=
    Nat.ModEq.mul_left (∏ k ∈ Finset.range 5, 2 * k + 1) h11
  have hRHS : (1 * 3 * 5 * 7 * 9 * 1) = ∏ k ∈ Finset.range 5, 2 * k + 1 := by
    norm_num
  simpa [Finset.prod_range_succ, hRHS] using h
```
[2026-09-11 15:54:13,915][src.models.HILBERTWorker][INFO] - RESULT: False
[2026-09-11 15:54:13,917][src.models.HILBERTWorker][INFO] - --------------------------------------------------------------------------------
[2026-09-11 15:54:13,918][src.models.HILBERTWorker][INFO] - Correction passes 6/6
[2026-09-11 15:54:13,918][src.models.HILBERTWorker][INFO] - --------------------------------------------------------------------------------
[2026-09-11 15:54:13,918][src.models.HILBERTWorker][INFO] - Error Message
[2026-09-11 15:54:13,918][src.models.HILBERTWorker][INFO] - 

The provided proof:
```lean4 
import Mathlib
import Aesop

set_option maxHeartbeats 0

open BigOperators Real Nat Topology Rat

theorem h_mod_mathd_numbertheory_343 :
    (∏ k ∈ Finset.range 6, 2 * k + 1) ≡
      (1 * 3 * 5 * 7 * 9 * 1) [MOD 10] := by
  have h11 : (11 : ℕ) ≡ 1 [MOD 10] := by norm_num

--- line 443892 ---
```lean4 
import Mathlib
import Aesop

set_option maxHeartbeats 0

open BigOperators Real Nat Topology Rat

theorem h_mod_mathd_numbertheory_343 :
    (∏ k ∈ Finset.range 6, 2 * k + 1) ≡
      (1 * 3 * 5 * 7 * 9 * 1) [MOD 10] := by
  have h11 : (11 : ℕ) ≡ 1 [MOD 10] := by norm_num
  have h :=
    Nat.ModEq.mul_left (∏ k ∈ Finset.range 5, 2 * k + 1) h11
  have hRHS : (1 * 3 * 5 * 7 * 9 * 1) = ∏ k ∈ Finset.range 5, 2 * k + 1 := by
    norm_num
  simpa [Finset.prod_range_succ, hRHS] using h
```


Error message from Lean: unsolved goals
⊢ 11 ≡ 1 [MOD 10]
The error was encountered while trying to process the following lines:
  have hRHS : (1 * 3 * 5 * 7 * 9 * 1) = ∏ k ∈ Finset.range 5, 2 * k + 1 := by



Error message from Lean: unsolved goals
h11 : 11 ≡ 1 [MOD 10]
h : (∏ k ∈ Finset.range 5, 2 * k + 1) * 11 ≡ (∏ k ∈ Finset.range 5, 2 * k + 1) * 1 [MOD 10]
⊢ False
The error was encountered while trying to process the following lines:
Error: line number out of range



[2026-09-11 15:54:13,918][src.models.HILBERTWorker][INFO] - --------------------------------------------------------------------------------
[2026-09-11 15:54:13,919][src.models.HILBERTWorker][INFO] - ********************************************************************************

--- line 444306 ---
```lean4 
import Mathlib
import Aesop

set_option maxHeartbeats 0

open BigOperators Real Nat Topology Rat

theorem h_mod_mathd_numbertheory_343 :
    (∏ k ∈ Finset.range 6, 2 * k + 1) ≡
      (1 * 3 * 5 * 7 * 9 * 1) [MOD 10] := by
  -- 11 is congruent to 1 modulo 10
  have h11 : (2 * 5 + 1) ≡ (1 : ℕ) [MOD 10] := by
    norm_num
  -- the product of the first five odd numbers
  have h5 : (∏ k ∈ Finset.range 5, 2 * k + 1) = (1 * 3 * 5 * 7 * 9) := by
    norm_num
  -- multiply the congruence by that product on the left
  have hmul :
      (∏ k ∈ Finset.range 5, 2 * k + 1) * (2 * 5 + 1) ≡
        (∏ k ∈ Finset.range 5, 2 * k + 1) * 1 [MOD 10] :=
    Nat.ModEq.mul_left _ h11
  -- rewrite the left‑hand side as the product over `range 6` and simplify
  simpa [Finset.prod_range_succ, h5] using hmul
```


Error message from Lean: unsolved goals
⊢ 11 ≡ 1 [MOD 10]
The error was encountered while trying to process the following lines:
  have h5 : (∏ k ∈ Finset.range 5, 2 * k + 1) = (1 * 3 * 5 * 7 * 9) := by
    norm_num



Error message from Lean: unsolved goals
h11 : 2 * 5 + 1 ≡ 1 [MOD 10]
⊢ False

--- line 444662 ---
[2026-09-11 15:54:36,167][src.models.HILBERTWorker][INFO] - ********************************************************************************
[2026-09-11 15:54:36,167][src.models.HILBERTWorker][INFO] - Using conversational search for missing identifiers
[2026-09-11 15:54:36,168][src.models.HILBERTWorker][INFO] - Missing identifiers: ['minpoly.isIntegral']
[2026-09-11 15:54:36,168][src.models.HILBERTWorker][INFO] - ********************************************************************************
[2026-09-11 15:54:38,644][src.models.HILBERTWorker][INFO] - ********************************************************************************
[2026-09-11 15:54:38,644][src.models.HILBERTWorker][INFO] - Full theorem statement response (attempt 1)
[2026-09-11 15:54:38,645][src.models.HILBERTWorker][INFO] - ********************************************************************************
[2026-09-11 15:54:38,645][src.models.HILBERTWorker][INFO] - ```lean4
theorem h_mod_mathd_numbertheory_343 :
    (∏ k ∈ Finset.range 6, 2 * k + 1) ≡
      (1 * 3 * 5 * 7 * 9 * 1) [MOD 10] := by
  -- 11 is congruent to 1 modulo 10
  have h11 : (2 * 5 + 1) ≡ (1 : ℕ) [MOD 10] := by
    norm_num
  -- product of the first five odd numbers
  have h5 : (∏ k ∈ Finset.range 5, 2 * k + 1) = (1 * 3 * 5 * 7 * 9) := by
    norm_num
  -- multiply the congruence by that product on the left
  have hmul :
      (∏ k ∈ Finset.range 5, 2 * k + 1) * (2 * 5 + 1) ≡
        (∏ k ∈ Finset.range 5, 2 * k + 1) * 1 [MOD 10] :=
    Nat.ModEq.mul_left _ h11
  -- rewrite the left‑hand side as the product over `range 6` and simplify
  simpa [Finset.prod_range_succ, h5] using hmul
```
[2026-09-11 15:54:38,645][src.models.HILBERTWorker][INFO] - ********************************************************************************
[2026-09-11 15:54:39,163][src.models.HILBERTWorker][INFO] - RESULT: False
[2026-09-11 15:54:39,164][src.models.HILBERTWorker][INFO] - --------------------------------------------------------------------------------
[2026-09-11 15:54:39,164][src.models.HILBERTWorker][INFO] - Correction passes 6/6
[2026-09-11 15:54:39,164][src.models.HILBERTWorker][INFO] - --------------------------------------------------------------------------------
[2026-09-11 15:54:39,164][src.models.HILBERTWorker][INFO] - Error Message
[2026-09-11 15:54:39,164][src.models.HILBERTWorker][INFO] - 

The provided proof:
```lean4 
import Mathlib
import Aesop


--- line 444696 ---
```lean4 
import Mathlib
import Aesop

set_option maxHeartbeats 0

open BigOperators Real Nat Topology Rat

theorem h_mod_mathd_numbertheory_343 :
    (∏ k ∈ Finset.range 6, 2 * k + 1) ≡
      (1 * 3 * 5 * 7 * 9 * 1) [MOD 10] := by
  -- 11 is congruent to 1 modulo 10
  have h11 : (2 * 5 + 1) ≡ (1 : ℕ) [MOD 10] := by
    norm_num
  -- product of the first five odd numbers
  have h5 : (∏ k ∈ Finset.range 5, 2 * k + 1) = (1 * 3 * 5 * 7 * 9) := by
    norm_num
  -- multiply the congruence by that product on the left
  have hmul :
      (∏ k ∈ Finset.range 5, 2 * k + 1) * (2 * 5 + 1) ≡
        (∏ k ∈ Finset.range 5, 2 * k + 1) * 1 [MOD 10] :=
    Nat.ModEq.mul_left _ h11
  -- rewrite the left‑hand side as the product over `range 6` and simplify
  simpa [Finset.prod_range_succ, h5] using hmul
```


Error message from Lean: unsolved goals
⊢ 11 ≡ 1 [MOD 10]
The error was encountered while trying to process the following lines:
  have h5 : (∏ k ∈ Finset.range 5, 2 * k + 1) = (1 * 3 * 5 * 7 * 9) := by
    norm_num



Error message from Lean: unsolved goals
h11 : 2 * 5 + 1 ≡ 1 [MOD 10]
⊢ False

--- line 445090 ---
```lean4 
import Mathlib
import Aesop

set_option maxHeartbeats 0

open BigOperators Real Nat Topology Rat

theorem h_mod_mathd_numbertheory_343 :
    (∏ k ∈ Finset.range 6, 2 * k + 1) ≡
      (1 * 3 * 5 * 7 * 9 * 1) [MOD 10] := by
  have h11 : (11 : ℕ) ≡ 1 [MOD 10] := by norm_num
  have h :=
    Nat.ModEq.mul_left (∏ k ∈ Finset.range 5, 2 * k + 1) h11
  have hRHS : (1 * 3 * 5 * 7 * 9 * 1) = ∏ k ∈ Finset.range 5, 2 * k + 1 := by
    norm_num
  simpa [Finset.prod_range_succ, hRHS] using h
```


Error message from Lean: unsolved goals
⊢ 11 ≡ 1 [MOD 10]
The error was encountered while trying to process the following lines:
  have hRHS : (1 * 3 * 5 * 7 * 9 * 1) = ∏ k ∈ Finset.range 5, 2 * k + 1 := by



Error message from Lean: unsolved goals
h11 : 11 ≡ 1 [MOD 10]
h : (∏ k ∈ Finset.range 5, 2 * k + 1) * 11 ≡ (∏ k ∈ Finset.range 5, 2 * k + 1) * 1 [MOD 10]
⊢ False
The error was encountered while trying to process the following lines:
Error: line number out of range



[2026-09-11 15:54:52,314][src.models.HILBERTWorker][INFO] - ```lean
theorem h_mod_mathd_numbertheory_343 :

--- line 445119 ---
h : (∏ k ∈ Finset.range 5, 2 * k + 1) * 11 ≡ (∏ k ∈ Finset.range 5, 2 * k + 1) * 1 [MOD 10]
⊢ False
The error was encountered while trying to process the following lines:
Error: line number out of range



[2026-09-11 15:54:52,314][src.models.HILBERTWorker][INFO] - ```lean
theorem h_mod_mathd_numbertheory_343 :
    (∏ k ∈ Finset.range 6, 2 * k + 1) ≡
      (1 * 3 * 5 * 7 * 9 * 1) [MOD 10] := by
  have h11 : (11 : ℕ) ≡ 1 [MOD 10] := by decide
  have h :=
    Nat.ModEq.mul_left (∏ k ∈ Finset.range 5, 2 * k + 1) h11
  have hRHS : (1 * 3 * 5 * 7 * 9 * 1) = ∏ k ∈ Finset.range 5, 2 * k + 1 := by
    norm_num
  simpa [Finset.prod_range_succ, hRHS] using h
```
[2026-09-11 15:54:52,609][src.models.HILBERTWorker][INFO] - RESULT: False
[2026-09-11 15:54:52,609][src.models.HILBERTWorker][INFO] - --------------------------------------------------------------------------------
[2026-09-11 15:54:52,610][src.models.HILBERTWorker][INFO] - Correction passes 5/6
[2026-09-11 15:54:52,610][src.models.HILBERTWorker][INFO] - --------------------------------------------------------------------------------
[2026-09-11 15:54:52,610][src.models.HILBERTWorker][INFO] - Error Message
[2026-09-11 15:54:52,610][src.models.HILBERTWorker][INFO] - 

The provided proof:
```lean4 
import Mathlib
import Aesop

set_option maxHeartbeats 0

open BigOperators Real Nat Topology Rat

theorem h_irred_q_h_eq_h_eq_h_minpoly_eq_h_lin_ind_algebra_apbmpcneq0_aeq0anbeq0anceq0 {m : ℝ}
    (h_dvd :
        minpoly ℚ m ∣
          ((Polynomial.X : Polynomial ℚ) ^ (3 : ℕ) - Polynomial.C (2 : ℚ)))

--- line 445702 ---
```lean4 
import Mathlib
import Aesop

set_option maxHeartbeats 0

open BigOperators Real Nat Topology Rat

theorem h_mod_mathd_numbertheory_343 :
    (∏ k ∈ Finset.range 6, 2 * k + 1) ≡
      (1 * 3 * 5 * 7 * 9 * 1) [MOD 10] := by
  -- 11 is congruent to 1 modulo 10
  have h11 : (2 * 5 + 1) ≡ (1 : ℕ) [MOD 10] := by
    norm_num
  -- product of the first five odd numbers
  have h5 : (∏ k ∈ Finset.range 5, 2 * k + 1) = (1 * 3 * 5 * 7 * 9) := by
    norm_num
  -- multiply the congruence by that product on the left
  have hmul :
      (∏ k ∈ Finset.range 5, 2 * k + 1) * (2 * 5 + 1) ≡
        (∏ k ∈ Finset.range 5, 2 * k + 1) * 1 [MOD 10] :=
    Nat.ModEq.mul_left _ h11
  -- rewrite the left‑hand side as the product over `range 6` and simplify
  simpa [Finset.prod_range_succ, h5] using hmul
```


Error message from Lean: unsolved goals
⊢ 11 ≡ 1 [MOD 10]
The error was encountered while trying to process the following lines:
  have h5 : (∏ k ∈ Finset.range 5, 2 * k + 1) = (1 * 3 * 5 * 7 * 9) := by
    norm_num



Error message from Lean: unsolved goals
h11 : 2 * 5 + 1 ≡ 1 [MOD 10]
⊢ False

--- line 446342 ---
[2026-09-11 15:55:32,733][src.models.HILBERTWorker][INFO] - RESULT: False
[2026-09-11 15:55:32,735][src.tools.AsyncJobPool][INFO] - ✅ Job 'Task-3861' finished
[2026-09-11 15:55:34,146][src.models.HILBERTWorker][INFO] - ********************************************************************************
[2026-09-11 15:55:34,147][src.models.HILBERTWorker][INFO] - Full theorem statement response (attempt 1)
[2026-09-11 15:55:34,147][src.models.HILBERTWorker][INFO] - ********************************************************************************
[2026-09-11 15:55:34,147][src.models.HILBERTWorker][INFO] - ```lean
open scoped BigOperators

theorem h_mod_mathd_numbertheory_343 :
    (∏ k ∈ Finset.range 6, 2 * k + 1) ≡
      (1 * 3 * 5 * 7 * 9 * 1) [MOD 10] := by
  -- 11 is congruent to 1 modulo 10
  have h11 : (2 * 5 + 1) ≡ (1 : ℕ) [MOD 10] := by
    decide
  -- product of the first five odd numbers
  have h5 : (∏ k ∈ Finset.range 5, 2 * k + 1) = (1 * 3 * 5 * 7 * 9) := by
    decide
  -- multiply the congruence by that product on the left
  have hmul :
      (∏ k ∈ Finset.range 5, 2 * k + 1) * (2 * 5 + 1) ≡
        (∏ k ∈ Finset.range 5, 2 * k + 1) * 1 [MOD 10] :=
    Nat.ModEq.mul_left _ h11
  -- rewrite the left‑hand side as the product over `range 6` and simplify
  simpa [Finset.prod_range_succ, h5] using hmul
```
[2026-09-11 15:55:34,147][src.models.HILBERTWorker][INFO] - ********************************************************************************
[2026-09-11 15:55:34,500][src.models.HILBERTWorker][INFO] - RESULT: False
[2026-09-11 15:55:34,503][src.tools.AsyncJobPool][INFO] - ✅ Job 'Task-3847' finished
[2026-09-11 15:55:34,504][src.tools.AsyncJobPool][INFO] - 
All jobs completed, no truthy result found.
[2026-09-11 15:55:34,504][src.models.HILBERTWorker][INFO] - 
================================================================================
[2026-09-11 15:55:34,504][src.models.HILBERTWorker][INFO] - PROOF PROGRESS TREE
[2026-09-11 15:55:34,504][src.models.HILBERTWorker][INFO] - ================================================================================
[2026-09-11 15:55:34,504][src.models.HILBERTWorker][INFO] - └─ 🔄 mathd_numbertheory_343: theorem mathd_numbertheory_343 : (∏ k ∈ Finset.range 6, 2 * k + 1) % 10 = 5 := by ... [SUBGOAL_DECOMP]
    ├─ ✅ h_rem_mathd_numbertheory_343: theorem h_rem_mathd_numbertheory_343 :     (1 * 3 * 5 * 7 * 9 * 1) % 10 = 5 := by   sorry... (depth 1)
    ├─ ✅ h_eq_mod_mathd_numbertheory_343: theorem h_eq_mod_mathd_numbertheory_343 (h_mod :     (∏ k ∈ Finset.range 6, 2 * k + 1) ≡       (1 * ... (depth 1)
    └─ 🔄 h_mod_mathd_numbertheory_343: theorem h_mod_mathd_numbertheory_343 :     (∏ k ∈ Finset.range 6, 2 * k + 1) ≡       (1 * 3 * 5 * 7 ... [SHALLOW_SOLVE] (depth 1)
