--- line 173548 ---
  sorry
[2026-09-11 11:38:40,601][src.tools.AsyncJobPool][INFO] - 
🏁 All 7 jobs completed.
[2026-09-11 11:38:55,058][src.models.HILBERTWorker][INFO] - ****************************************************************************************************
[2026-09-11 11:38:55,058][src.models.HILBERTWorker][INFO] - Response from model for sketch use
[2026-09-11 11:38:55,059][src.models.HILBERTWorker][INFO] - ****************************************************************************************************
[2026-09-11 11:38:55,059][src.models.HILBERTWorker][INFO] - by
  have hS₁ : (∑ k ∈ Finset.range 8, 2 * k + 1) = 64 := by
    exact hS₁_mathd_algebra_158
  have hS₂ : (∑ k ∈ Finset.range 5, a + 2 * k) = 5 * a + 20 := by
    exact hS₂_mathd_algebra_158 a
  have h_eq :
      (↑(∑ k ∈ Finset.range 8, 2 * k + 1) : ℤ) -
        (↑(∑ k ∈ Finset.range 5, a + 2 * k) : ℤ) = (4 : ℤ) := by
    exact h_eq_mathd_algebra_158 a h₁
  have h_int : (64 : ℤ) - (5 * a + 20 : ℤ) = (4 : ℤ) := by
    exact h_int_mathd_algebra_158 a h_eq hS₁ hS₂
  have h_mul : (5 * a : ℤ) = (40 : ℤ) := by
    exact h_mul_mathd_algebra_158 a h_int
  have h_mul_nat : 5 * a = 40 := by
    exact h_mul_nat_mathd_algebra_158 a h_mul
  have h_a : a = 8 := by
    exact h_a_mathd_algebra_158 a h₀ h_mul_nat
  exact h_a
[2026-09-11 11:38:55,059][src.models.HILBERTWorker][INFO] - ****************************************************************************************************
[2026-09-11 11:38:55,059][src.tools.string][INFO] - No code fence; the response itself looks like Lean. Using it as-is.
[2026-09-11 11:38:55,060][src.tools.lean_utils][INFO] - ????????????????????????????????????????????????????????????????????????????????????????????????????
[2026-09-11 11:38:55,060][src.tools.lean_utils][INFO] - Theorem does not have non-theorem lines
by
  have hS₁ : (∑ k ∈ Finset.range 8, 2 * k + 1) = 64 := by
    exact hS₁_mathd_algebra_158
  have hS₂ : (∑ k ∈ Finset.range 5, a + 2 * k) = 5 * a + 20 := by
    exact hS₂_mathd_algebra_158 a
  have h_eq :
      (↑(∑ k ∈ Finset.range 8, 2 * k + 1) : ℤ) -
        (↑(∑ k ∈ Finset.range 5, a + 2 * k) : ℤ) = (4 : ℤ) := by
    exact h_eq_mathd_algebra_158 a h₁
  have h_int : (64 : ℤ) - (5 * a + 20 : ℤ) = (4 : ℤ) := by

--- line 173550 ---
🏁 All 7 jobs completed.
[2026-09-11 11:38:55,058][src.models.HILBERTWorker][INFO] - ****************************************************************************************************
[2026-09-11 11:38:55,058][src.models.HILBERTWorker][INFO] - Response from model for sketch use
[2026-09-11 11:38:55,059][src.models.HILBERTWorker][INFO] - ****************************************************************************************************
[2026-09-11 11:38:55,059][src.models.HILBERTWorker][INFO] - by
  have hS₁ : (∑ k ∈ Finset.range 8, 2 * k + 1) = 64 := by
    exact hS₁_mathd_algebra_158
  have hS₂ : (∑ k ∈ Finset.range 5, a + 2 * k) = 5 * a + 20 := by
    exact hS₂_mathd_algebra_158 a
  have h_eq :
      (↑(∑ k ∈ Finset.range 8, 2 * k + 1) : ℤ) -
        (↑(∑ k ∈ Finset.range 5, a + 2 * k) : ℤ) = (4 : ℤ) := by
    exact h_eq_mathd_algebra_158 a h₁
  have h_int : (64 : ℤ) - (5 * a + 20 : ℤ) = (4 : ℤ) := by
    exact h_int_mathd_algebra_158 a h_eq hS₁ hS₂
  have h_mul : (5 * a : ℤ) = (40 : ℤ) := by
    exact h_mul_mathd_algebra_158 a h_int
  have h_mul_nat : 5 * a = 40 := by
    exact h_mul_nat_mathd_algebra_158 a h_mul
  have h_a : a = 8 := by
    exact h_a_mathd_algebra_158 a h₀ h_mul_nat
  exact h_a
[2026-09-11 11:38:55,059][src.models.HILBERTWorker][INFO] - ****************************************************************************************************
[2026-09-11 11:38:55,059][src.tools.string][INFO] - No code fence; the response itself looks like Lean. Using it as-is.
[2026-09-11 11:38:55,060][src.tools.lean_utils][INFO] - ????????????????????????????????????????????????????????????????????????????????????????????????????
[2026-09-11 11:38:55,060][src.tools.lean_utils][INFO] - Theorem does not have non-theorem lines
by
  have hS₁ : (∑ k ∈ Finset.range 8, 2 * k + 1) = 64 := by
    exact hS₁_mathd_algebra_158
  have hS₂ : (∑ k ∈ Finset.range 5, a + 2 * k) = 5 * a + 20 := by
    exact hS₂_mathd_algebra_158 a
  have h_eq :
      (↑(∑ k ∈ Finset.range 8, 2 * k + 1) : ℤ) -
        (↑(∑ k ∈ Finset.range 5, a + 2 * k) : ℤ) = (4 : ℤ) := by
    exact h_eq_mathd_algebra_158 a h₁
  have h_int : (64 : ℤ) - (5 * a + 20 : ℤ) = (4 : ℤ) := by
    exact h_int_mathd_algebra_158 a h_eq hS₁ hS₂
  have h_mul : (5 * a : ℤ) = (40 : ℤ) := by

--- line 173570 ---
    exact h_a_mathd_algebra_158 a h₀ h_mul_nat
  exact h_a
[2026-09-11 11:38:55,059][src.models.HILBERTWorker][INFO] - ****************************************************************************************************
[2026-09-11 11:38:55,059][src.tools.string][INFO] - No code fence; the response itself looks like Lean. Using it as-is.
[2026-09-11 11:38:55,060][src.tools.lean_utils][INFO] - ????????????????????????????????????????????????????????????????????????????????????????????????????
[2026-09-11 11:38:55,060][src.tools.lean_utils][INFO] - Theorem does not have non-theorem lines
by
  have hS₁ : (∑ k ∈ Finset.range 8, 2 * k + 1) = 64 := by
    exact hS₁_mathd_algebra_158
  have hS₂ : (∑ k ∈ Finset.range 5, a + 2 * k) = 5 * a + 20 := by
    exact hS₂_mathd_algebra_158 a
  have h_eq :
      (↑(∑ k ∈ Finset.range 8, 2 * k + 1) : ℤ) -
        (↑(∑ k ∈ Finset.range 5, a + 2 * k) : ℤ) = (4 : ℤ) := by
    exact h_eq_mathd_algebra_158 a h₁
  have h_int : (64 : ℤ) - (5 * a + 20 : ℤ) = (4 : ℤ) := by
    exact h_int_mathd_algebra_158 a h_eq hS₁ hS₂
  have h_mul : (5 * a : ℤ) = (40 : ℤ) := by
    exact h_mul_mathd_algebra_158 a h_int
  have h_mul_nat : 5 * a = 40 := by
    exact h_mul_nat_mathd_algebra_158 a h_mul
  have h_a : a = 8 := by
    exact h_a_mathd_algebra_158 a h₀ h_mul_nat
  exact h_a
[2026-09-11 11:38:55,060][src.tools.lean_utils][INFO] - ????????????????????????????????????????????????????????????????????????????????????????????????????
[2026-09-11 11:38:55,060][src.models.HILBERTWorker][INFO] - ****************************************************************************************************
[2026-09-11 11:38:55,061][src.models.HILBERTWorker][INFO] - Trying to obtain the full theorem statement, attempt 1/3
[2026-09-11 11:38:55,061][src.models.HILBERTWorker][INFO] - ****************************************************************************************************
[2026-09-11 11:38:59,201][src.models.HILBERTWorker][INFO] - ********************************************************************************
[2026-09-11 11:38:59,201][src.models.HILBERTWorker][INFO] - Full theorem statement response (attempt 1)
[2026-09-11 11:38:59,202][src.models.HILBERTWorker][INFO] - ********************************************************************************
[2026-09-11 11:38:59,202][src.models.HILBERTWorker][INFO] - ```lean4
theorem mathd_algebra_158 (a : ℕ) (h₀ : Even a)
    (h₁ : (↑(∑ k ∈ Finset.range 8, 2 * k + 1) : ℤ) -
        (↑(∑ k ∈ Finset.range 5, a + 2 * k) : ℤ) = (4 : ℤ)) :
    a = 8 := by
  have hS₁ : (∑ k ∈ Finset.range 8, 2 * k + 1) = 64 := by
    exact hS₁_mathd_algebra_158

--- line 173572 ---
[2026-09-11 11:38:55,059][src.models.HILBERTWorker][INFO] - ****************************************************************************************************
[2026-09-11 11:38:55,059][src.tools.string][INFO] - No code fence; the response itself looks like Lean. Using it as-is.
[2026-09-11 11:38:55,060][src.tools.lean_utils][INFO] - ????????????????????????????????????????????????????????????????????????????????????????????????????
[2026-09-11 11:38:55,060][src.tools.lean_utils][INFO] - Theorem does not have non-theorem lines
by
  have hS₁ : (∑ k ∈ Finset.range 8, 2 * k + 1) = 64 := by
    exact hS₁_mathd_algebra_158
  have hS₂ : (∑ k ∈ Finset.range 5, a + 2 * k) = 5 * a + 20 := by
    exact hS₂_mathd_algebra_158 a
  have h_eq :
      (↑(∑ k ∈ Finset.range 8, 2 * k + 1) : ℤ) -
        (↑(∑ k ∈ Finset.range 5, a + 2 * k) : ℤ) = (4 : ℤ) := by
    exact h_eq_mathd_algebra_158 a h₁
  have h_int : (64 : ℤ) - (5 * a + 20 : ℤ) = (4 : ℤ) := by
    exact h_int_mathd_algebra_158 a h_eq hS₁ hS₂
  have h_mul : (5 * a : ℤ) = (40 : ℤ) := by
    exact h_mul_mathd_algebra_158 a h_int
  have h_mul_nat : 5 * a = 40 := by
    exact h_mul_nat_mathd_algebra_158 a h_mul
  have h_a : a = 8 := by
    exact h_a_mathd_algebra_158 a h₀ h_mul_nat
  exact h_a
[2026-09-11 11:38:55,060][src.tools.lean_utils][INFO] - ????????????????????????????????????????????????????????????????????????????????????????????????????
[2026-09-11 11:38:55,060][src.models.HILBERTWorker][INFO] - ****************************************************************************************************
[2026-09-11 11:38:55,061][src.models.HILBERTWorker][INFO] - Trying to obtain the full theorem statement, attempt 1/3
[2026-09-11 11:38:55,061][src.models.HILBERTWorker][INFO] - ****************************************************************************************************
[2026-09-11 11:38:59,201][src.models.HILBERTWorker][INFO] - ********************************************************************************
[2026-09-11 11:38:59,201][src.models.HILBERTWorker][INFO] - Full theorem statement response (attempt 1)
[2026-09-11 11:38:59,202][src.models.HILBERTWorker][INFO] - ********************************************************************************
[2026-09-11 11:38:59,202][src.models.HILBERTWorker][INFO] - ```lean4
theorem mathd_algebra_158 (a : ℕ) (h₀ : Even a)
    (h₁ : (↑(∑ k ∈ Finset.range 8, 2 * k + 1) : ℤ) -
        (↑(∑ k ∈ Finset.range 5, a + 2 * k) : ℤ) = (4 : ℤ)) :
    a = 8 := by
  have hS₁ : (∑ k ∈ Finset.range 8, 2 * k + 1) = 64 := by
    exact hS₁_mathd_algebra_158
  have hS₂ : (∑ k ∈ Finset.range 5, a + 2 * k) = 5 * a + 20 := by
    exact hS₂_mathd_algebra_158 a

--- line 173599 ---
[2026-09-11 11:38:59,201][src.models.HILBERTWorker][INFO] - Full theorem statement response (attempt 1)
[2026-09-11 11:38:59,202][src.models.HILBERTWorker][INFO] - ********************************************************************************
[2026-09-11 11:38:59,202][src.models.HILBERTWorker][INFO] - ```lean4
theorem mathd_algebra_158 (a : ℕ) (h₀ : Even a)
    (h₁ : (↑(∑ k ∈ Finset.range 8, 2 * k + 1) : ℤ) -
        (↑(∑ k ∈ Finset.range 5, a + 2 * k) : ℤ) = (4 : ℤ)) :
    a = 8 := by
  have hS₁ : (∑ k ∈ Finset.range 8, 2 * k + 1) = 64 := by
    exact hS₁_mathd_algebra_158
  have hS₂ : (∑ k ∈ Finset.range 5, a + 2 * k) = 5 * a + 20 := by
    exact hS₂_mathd_algebra_158 a
  have h_eq :
      (↑(∑ k ∈ Finset.range 8, 2 * k + 1) : ℤ) -
        (↑(∑ k ∈ Finset.range 5, a + 2 * k) : ℤ) = (4 : ℤ) := by
    exact h_eq_mathd_algebra_158 a h₁
  have h_int : (64 : ℤ) - (5 * a + 20 : ℤ) = (4 : ℤ) := by
    exact h_int_mathd_algebra_158 a h_eq hS₁ hS₂
  have h_mul : (5 * a : ℤ) = (40 : ℤ) := by
    exact h_mul_mathd_algebra_158 a h_int
  have h_mul_nat : 5 * a = 40 := by
    exact h_mul_nat_mathd_algebra_158 a h_mul
  have h_a : a = 8 := by
    exact h_a_mathd_algebra_158 a h₀ h_mul_nat
  exact h_a
```

[2026-09-11 11:38:59,202][src.models.HILBERTWorker][INFO] - ********************************************************************************
[2026-09-11 11:38:59,202][src.models.HILBERTWorker][INFO] - VERIFYING PROOF
[2026-09-11 11:38:59,202][src.models.HILBERTWorker][INFO] - Generated proof
[2026-09-11 11:38:59,203][src.models.HILBERTWorker][INFO] - import Mathlib
import Aesop

set_option maxHeartbeats 0

open BigOperators Real Nat Topology Rat

theorem hS₁_mathd_algebra_158 : (∑ k ∈ Finset.range 8, 2 * k + 1) = 64 := by
  sorry

--- line 173601 ---
[2026-09-11 11:38:59,202][src.models.HILBERTWorker][INFO] - ```lean4
theorem mathd_algebra_158 (a : ℕ) (h₀ : Even a)
    (h₁ : (↑(∑ k ∈ Finset.range 8, 2 * k + 1) : ℤ) -
        (↑(∑ k ∈ Finset.range 5, a + 2 * k) : ℤ) = (4 : ℤ)) :
    a = 8 := by
  have hS₁ : (∑ k ∈ Finset.range 8, 2 * k + 1) = 64 := by
    exact hS₁_mathd_algebra_158
  have hS₂ : (∑ k ∈ Finset.range 5, a + 2 * k) = 5 * a + 20 := by
    exact hS₂_mathd_algebra_158 a
  have h_eq :
      (↑(∑ k ∈ Finset.range 8, 2 * k + 1) : ℤ) -
        (↑(∑ k ∈ Finset.range 5, a + 2 * k) : ℤ) = (4 : ℤ) := by
    exact h_eq_mathd_algebra_158 a h₁
  have h_int : (64 : ℤ) - (5 * a + 20 : ℤ) = (4 : ℤ) := by
    exact h_int_mathd_algebra_158 a h_eq hS₁ hS₂
  have h_mul : (5 * a : ℤ) = (40 : ℤ) := by
    exact h_mul_mathd_algebra_158 a h_int
  have h_mul_nat : 5 * a = 40 := by
    exact h_mul_nat_mathd_algebra_158 a h_mul
  have h_a : a = 8 := by
    exact h_a_mathd_algebra_158 a h₀ h_mul_nat
  exact h_a
```

[2026-09-11 11:38:59,202][src.models.HILBERTWorker][INFO] - ********************************************************************************
[2026-09-11 11:38:59,202][src.models.HILBERTWorker][INFO] - VERIFYING PROOF
[2026-09-11 11:38:59,202][src.models.HILBERTWorker][INFO] - Generated proof
[2026-09-11 11:38:59,203][src.models.HILBERTWorker][INFO] - import Mathlib
import Aesop

set_option maxHeartbeats 0

open BigOperators Real Nat Topology Rat

theorem hS₁_mathd_algebra_158 : (∑ k ∈ Finset.range 8, 2 * k + 1) = 64 := by
  sorry

theorem hS₂_mathd_algebra_158 (a : ℕ) : (∑ k ∈ Finset.range 5, a + 2 * k) = 5 * a + 20 := by

--- line 173627 ---
[2026-09-11 11:38:59,202][src.models.HILBERTWorker][INFO] - Generated proof
[2026-09-11 11:38:59,203][src.models.HILBERTWorker][INFO] - import Mathlib
import Aesop

set_option maxHeartbeats 0

open BigOperators Real Nat Topology Rat

theorem hS₁_mathd_algebra_158 : (∑ k ∈ Finset.range 8, 2 * k + 1) = 64 := by
  sorry

theorem hS₂_mathd_algebra_158 (a : ℕ) : (∑ k ∈ Finset.range 5, a + 2 * k) = 5 * a + 20 := by
  sorry

theorem h_eq_mathd_algebra_158 (a : ℕ)
    (h₁ : (↑(∑ k ∈ Finset.range 8, 2 * k + 1) : ℤ) -
        (↑(∑ k ∈ Finset.range 5, a + 2 * k) : ℤ) = (4 : ℤ)) :
    (↑(∑ k ∈ Finset.range 8, 2 * k + 1) : ℤ) -
      (↑(∑ k ∈ Finset.range 5, a + 2 * k) : ℤ) = (4 : ℤ) := by
  sorry

theorem h_int_mathd_algebra_158 (a : ℕ)
    (h_eq :
      (↑(∑ k ∈ Finset.range 8, 2 * k + 1) : ℤ) -
        (↑(∑ k ∈ Finset.range 5, a + 2 * k) : ℤ) = (4 : ℤ))
    (hS₁ : (∑ k ∈ Finset.range 8, 2 * k + 1) = 64)
    (hS₂ : (∑ k ∈ Finset.range 5, a + 2 * k) = 5 * a + 20) :
    (64 : ℤ) - (5 * a + 20 : ℤ) = (4 : ℤ) := by
  sorry

theorem h_mul_mathd_algebra_158 (a : ℕ)
    (h_int : (64 : ℤ) - (5 * a + 20 : ℤ) = (4 : ℤ)) :
    (5 * a : ℤ) = (40 : ℤ) := by
  sorry

theorem h_mul_nat_mathd_algebra_158 (a : ℕ)
    (h_mul : (5 * a : ℤ) = (40 : ℤ)) :
    5 * a = 40 := by

--- line 173630 ---

set_option maxHeartbeats 0

open BigOperators Real Nat Topology Rat

theorem hS₁_mathd_algebra_158 : (∑ k ∈ Finset.range 8, 2 * k + 1) = 64 := by
  sorry

theorem hS₂_mathd_algebra_158 (a : ℕ) : (∑ k ∈ Finset.range 5, a + 2 * k) = 5 * a + 20 := by
  sorry

theorem h_eq_mathd_algebra_158 (a : ℕ)
    (h₁ : (↑(∑ k ∈ Finset.range 8, 2 * k + 1) : ℤ) -
        (↑(∑ k ∈ Finset.range 5, a + 2 * k) : ℤ) = (4 : ℤ)) :
    (↑(∑ k ∈ Finset.range 8, 2 * k + 1) : ℤ) -
      (↑(∑ k ∈ Finset.range 5, a + 2 * k) : ℤ) = (4 : ℤ) := by
  sorry

theorem h_int_mathd_algebra_158 (a : ℕ)
    (h_eq :
      (↑(∑ k ∈ Finset.range 8, 2 * k + 1) : ℤ) -
        (↑(∑ k ∈ Finset.range 5, a + 2 * k) : ℤ) = (4 : ℤ))
    (hS₁ : (∑ k ∈ Finset.range 8, 2 * k + 1) = 64)
    (hS₂ : (∑ k ∈ Finset.range 5, a + 2 * k) = 5 * a + 20) :
    (64 : ℤ) - (5 * a + 20 : ℤ) = (4 : ℤ) := by
  sorry

theorem h_mul_mathd_algebra_158 (a : ℕ)
    (h_int : (64 : ℤ) - (5 * a + 20 : ℤ) = (4 : ℤ)) :
    (5 * a : ℤ) = (40 : ℤ) := by
  sorry

theorem h_mul_nat_mathd_algebra_158 (a : ℕ)
    (h_mul : (5 * a : ℤ) = (40 : ℤ)) :
    5 * a = 40 := by
  sorry

theorem h_a_mathd_algebra_158 (a : ℕ) (h₀ : Even a) (h_mul_nat : 5 * a = 40) :

--- line 173668 ---
    a = 8 := by
  sorry

theorem mathd_algebra_158 (a : ℕ) (h₀ : Even a)
    (h₁ : (↑(∑ k ∈ Finset.range 8, 2 * k + 1) : ℤ) -
        (↑(∑ k ∈ Finset.range 5, a + 2 * k) : ℤ) = (4 : ℤ)) :
    a = 8 := by
  have hS₁ : (∑ k ∈ Finset.range 8, 2 * k + 1) = 64 := by
    exact hS₁_mathd_algebra_158
  have hS₂ : (∑ k ∈ Finset.range 5, a + 2 * k) = 5 * a + 20 := by
    exact hS₂_mathd_algebra_158 a
  have h_eq :
      (↑(∑ k ∈ Finset.range 8, 2 * k + 1) : ℤ) -
        (↑(∑ k ∈ Finset.range 5, a + 2 * k) : ℤ) = (4 : ℤ) := by
    exact h_eq_mathd_algebra_158 a h₁
  have h_int : (64 : ℤ) - (5 * a + 20 : ℤ) = (4 : ℤ) := by
    exact h_int_mathd_algebra_158 a h_eq hS₁ hS₂
  have h_mul : (5 * a : ℤ) = (40 : ℤ) := by
    exact h_mul_mathd_algebra_158 a h_int
  have h_mul_nat : 5 * a = 40 := by
    exact h_mul_nat_mathd_algebra_158 a h_mul
  have h_a : a = 8 := by
    exact h_a_mathd_algebra_158 a h₀ h_mul_nat
  exact h_a
[2026-09-11 11:39:00,205][src.models.HILBERTWorker][INFO] - Status: True
[2026-09-11 11:39:00,205][src.models.HILBERTWorker][INFO] - ERROR MESSAGE: None
[2026-09-11 11:39:00,210][src.tools.lean_utils][INFO] - SIGNATURE ONE: theorem mathd_algebra_158(a:ℕ)(h₀:Even a)(h₁:(↑(∑k∈Finset.range 8,2*k+1):ℤ)-(↑(∑k∈Finset.range 5,a+2*k):ℤ)=(4:ℤ)):a=8
[2026-09-11 11:39:00,210][src.tools.lean_utils][INFO] - SIGNATURE TWO: theorem mathd_algebra_158(a:ℕ)(h₀:Even a)(h₁:↑(∑k∈Finset.range 8,2*k+1)-↑(∑k∈Finset.range 5,a+2*k)=(4:ℤ)):a=8
[2026-09-11 11:39:00,210][src.models.HILBERTWorker][INFO] - ()()()()()()()()()()()()()()()()()()()()()()()()()()()()()()()()()()()()()()()()()()()()()()()()()()()()()()()()()()()()()()()()()()()()()()()()()()()()()()()()()()()()()()()()()()()()()()()()()()()()
[2026-09-11 11:39:00,210][src.models.HILBERTWorker][INFO] - Theorem signatures did not match
[2026-09-11 11:39:00,213][src.models.HILBERTWorker][INFO] - sig1: theorem mathd_algebra_158 (a : ℕ) (h₀ : Even a)
    (h₁ : ↑(∑ k ∈ Finset.range 8, 2 * k + 1) - ↑(∑ k ∈ Finset.range 5, a + 2 * k) = (4 : ℤ)) :
    a = 8
[2026-09-11 11:39:00,213][src.models.HILBERTWorker][INFO] - sig2: theorem mathd_algebra_158 (a : ℕ) (h₀ : Even a)
    (h₁ : (↑(∑ k ∈ Finset.range 8, 2 * k + 1) : ℤ) -
        (↑(∑ k ∈ Finset.range 5, a + 2 * k) : ℤ) = (4 : ℤ)) :
    a = 8
[2026-09-11 11:39:00,214][src.models.HILBERTWorker][INFO] - ()()()()()()()()()()()()()()()()()()()()()()()()()()()()()()()()()()()()()()()()()()()()()()()()()()()()()()()()()()()()()()()()()()()()()()()()()()()()()()()()()()()()()()()()()()()()()()()()()()()()

--- line 173670 ---

theorem mathd_algebra_158 (a : ℕ) (h₀ : Even a)
    (h₁ : (↑(∑ k ∈ Finset.range 8, 2 * k + 1) : ℤ) -
        (↑(∑ k ∈ Finset.range 5, a + 2 * k) : ℤ) = (4 : ℤ)) :
    a = 8 := by
  have hS₁ : (∑ k ∈ Finset.range 8, 2 * k + 1) = 64 := by
    exact hS₁_mathd_algebra_158
  have hS₂ : (∑ k ∈ Finset.range 5, a + 2 * k) = 5 * a + 20 := by
    exact hS₂_mathd_algebra_158 a
  have h_eq :
      (↑(∑ k ∈ Finset.range 8, 2 * k + 1) : ℤ) -
        (↑(∑ k ∈ Finset.range 5, a + 2 * k) : ℤ) = (4 : ℤ) := by
    exact h_eq_mathd_algebra_158 a h₁
  have h_int : (64 : ℤ) - (5 * a + 20 : ℤ) = (4 : ℤ) := by
    exact h_int_mathd_algebra_158 a h_eq hS₁ hS₂
  have h_mul : (5 * a : ℤ) = (40 : ℤ) := by
    exact h_mul_mathd_algebra_158 a h_int
  have h_mul_nat : 5 * a = 40 := by
    exact h_mul_nat_mathd_algebra_158 a h_mul
  have h_a : a = 8 := by
    exact h_a_mathd_algebra_158 a h₀ h_mul_nat
  exact h_a
[2026-09-11 11:39:00,205][src.models.HILBERTWorker][INFO] - Status: True
[2026-09-11 11:39:00,205][src.models.HILBERTWorker][INFO] - ERROR MESSAGE: None
[2026-09-11 11:39:00,210][src.tools.lean_utils][INFO] - SIGNATURE ONE: theorem mathd_algebra_158(a:ℕ)(h₀:Even a)(h₁:(↑(∑k∈Finset.range 8,2*k+1):ℤ)-(↑(∑k∈Finset.range 5,a+2*k):ℤ)=(4:ℤ)):a=8
[2026-09-11 11:39:00,210][src.tools.lean_utils][INFO] - SIGNATURE TWO: theorem mathd_algebra_158(a:ℕ)(h₀:Even a)(h₁:↑(∑k∈Finset.range 8,2*k+1)-↑(∑k∈Finset.range 5,a+2*k)=(4:ℤ)):a=8
[2026-09-11 11:39:00,210][src.models.HILBERTWorker][INFO] - ()()()()()()()()()()()()()()()()()()()()()()()()()()()()()()()()()()()()()()()()()()()()()()()()()()()()()()()()()()()()()()()()()()()()()()()()()()()()()()()()()()()()()()()()()()()()()()()()()()()()
[2026-09-11 11:39:00,210][src.models.HILBERTWorker][INFO] - Theorem signatures did not match
[2026-09-11 11:39:00,213][src.models.HILBERTWorker][INFO] - sig1: theorem mathd_algebra_158 (a : ℕ) (h₀ : Even a)
    (h₁ : ↑(∑ k ∈ Finset.range 8, 2 * k + 1) - ↑(∑ k ∈ Finset.range 5, a + 2 * k) = (4 : ℤ)) :
    a = 8
[2026-09-11 11:39:00,213][src.models.HILBERTWorker][INFO] - sig2: theorem mathd_algebra_158 (a : ℕ) (h₀ : Even a)
    (h₁ : (↑(∑ k ∈ Finset.range 8, 2 * k + 1) : ℤ) -
        (↑(∑ k ∈ Finset.range 5, a + 2 * k) : ℤ) = (4 : ℤ)) :
    a = 8
[2026-09-11 11:39:00,214][src.models.HILBERTWorker][INFO] - ()()()()()()()()()()()()()()()()()()()()()()()()()()()()()()()()()()()()()()()()()()()()()()()()()()()()()()()()()()()()()()()()()()()()()()()()()()()()()()()()()()()()()()()()()()()()()()()()()()()()
[2026-09-11 11:39:00,214][src.models.HILBERTWorker][INFO] - --------------------------------------------------------------------------------
[2026-09-11 11:39:00,215][src.models.HILBERTWorker][INFO] - Proof sketch correction passes 1/6

--- line 173709 ---
[2026-09-11 11:39:00,215][src.models.HILBERTWorker][INFO] - Error Message
[2026-09-11 11:39:00,215][src.models.HILBERTWorker][INFO] - The provided proof contains a Lean code block with a theorem signature that does not match the given theorem signature. Please provide your response again with the Lean code block properly matching the given theorem signature.
Provided Proof:
theorem mathd_algebra_158 (a : ℕ) (h₀ : Even a)
    (h₁ : (↑(∑ k ∈ Finset.range 8, 2 * k + 1) : ℤ) -
        (↑(∑ k ∈ Finset.range 5, a + 2 * k) : ℤ) = (4 : ℤ)) :
    a = 8 := by
  have hS₁ : (∑ k ∈ Finset.range 8, 2 * k + 1) = 64 := by
    exact hS₁_mathd_algebra_158
  have hS₂ : (∑ k ∈ Finset.range 5, a + 2 * k) = 5 * a + 20 := by
    exact hS₂_mathd_algebra_158 a
  have h_eq :
      (↑(∑ k ∈ Finset.range 8, 2 * k + 1) : ℤ) -
        (↑(∑ k ∈ Finset.range 5, a + 2 * k) : ℤ) = (4 : ℤ) := by
    exact h_eq_mathd_algebra_158 a h₁
  have h_int : (64 : ℤ) - (5 * a + 20 : ℤ) = (4 : ℤ) := by
    exact h_int_mathd_algebra_158 a h_eq hS₁ hS₂
  have h_mul : (5 * a : ℤ) = (40 : ℤ) := by
    exact h_mul_mathd_algebra_158 a h_int
  have h_mul_nat : 5 * a = 40 := by
    exact h_mul_nat_mathd_algebra_158 a h_mul
  have h_a : a = 8 := by
    exact h_a_mathd_algebra_158 a h₀ h_mul_nat
  exact h_a.

ERROR: The theorem statement in the proof does not match the given theorem statement:
theorem mathd_algebra_158 (a : ℕ) (h₀ : Even a)
    (h₁ : ↑(∑ k ∈ Finset.range 8, 2 * k + 1) - ↑(∑ k ∈ Finset.range 5, a + 2 * k) = (4 : ℤ)) :
    a = 8 := by


Signature for the provided proof: theorem mathd_algebra_158 (a : ℕ) (h₀ : Even a)
    (h₁ : (↑(∑ k ∈ Finset.range 8, 2 * k + 1) : ℤ) -
        (↑(∑ k ∈ Finset.range 5, a + 2 * k) : ℤ) = (4 : ℤ)) :
    a = 8
Signature for the given theorem: theorem mathd_algebra_158 (a : ℕ) (h₀ : Even a)
    (h₁ : ↑(∑ k ∈ Finset.range 8, 2 * k + 1) - ↑(∑ k ∈ Finset.range 5, a + 2 * k) = (4 : ℤ)) :
    a = 8

--- line 173711 ---
Provided Proof:
theorem mathd_algebra_158 (a : ℕ) (h₀ : Even a)
    (h₁ : (↑(∑ k ∈ Finset.range 8, 2 * k + 1) : ℤ) -
        (↑(∑ k ∈ Finset.range 5, a + 2 * k) : ℤ) = (4 : ℤ)) :
    a = 8 := by
  have hS₁ : (∑ k ∈ Finset.range 8, 2 * k + 1) = 64 := by
    exact hS₁_mathd_algebra_158
  have hS₂ : (∑ k ∈ Finset.range 5, a + 2 * k) = 5 * a + 20 := by
    exact hS₂_mathd_algebra_158 a
  have h_eq :
      (↑(∑ k ∈ Finset.range 8, 2 * k + 1) : ℤ) -
        (↑(∑ k ∈ Finset.range 5, a + 2 * k) : ℤ) = (4 : ℤ) := by
    exact h_eq_mathd_algebra_158 a h₁
  have h_int : (64 : ℤ) - (5 * a + 20 : ℤ) = (4 : ℤ) := by
    exact h_int_mathd_algebra_158 a h_eq hS₁ hS₂
  have h_mul : (5 * a : ℤ) = (40 : ℤ) := by
    exact h_mul_mathd_algebra_158 a h_int
  have h_mul_nat : 5 * a = 40 := by
    exact h_mul_nat_mathd_algebra_158 a h_mul
  have h_a : a = 8 := by
    exact h_a_mathd_algebra_158 a h₀ h_mul_nat
  exact h_a.

ERROR: The theorem statement in the proof does not match the given theorem statement:
theorem mathd_algebra_158 (a : ℕ) (h₀ : Even a)
    (h₁ : ↑(∑ k ∈ Finset.range 8, 2 * k + 1) - ↑(∑ k ∈ Finset.range 5, a + 2 * k) = (4 : ℤ)) :
    a = 8 := by


Signature for the provided proof: theorem mathd_algebra_158 (a : ℕ) (h₀ : Even a)
    (h₁ : (↑(∑ k ∈ Finset.range 8, 2 * k + 1) : ℤ) -
        (↑(∑ k ∈ Finset.range 5, a + 2 * k) : ℤ) = (4 : ℤ)) :
    a = 8
Signature for the given theorem: theorem mathd_algebra_158 (a : ℕ) (h₀ : Even a)
    (h₁ : ↑(∑ k ∈ Finset.range 8, 2 * k + 1) - ↑(∑ k ∈ Finset.range 5, a + 2 * k) = (4 : ℤ)) :
    a = 8

[2026-09-11 11:39:00,215][src.models.HILBERTWorker][INFO] - --------------------------------------------------------------------------------

--- line 173748 ---
[2026-09-11 11:39:00,215][src.models.HILBERTWorker][INFO] - --------------------------------------------------------------------------------
[2026-09-11 11:39:09,758][src.models.HILBERTWorker][INFO] - PRODUCED ANSWER for error message: The provided proof contains a Lean code block with a theorem signature that does not match the given theorem signature. Please provide your response again with the Lean code block properly matching the given theorem signature.
Provided Proof:
theorem mathd_algebra_158 (a : ℕ) (h₀ : Even a)
    (h₁ : (↑(∑ k ∈ Finset.range 8, 2 * k + 1) : ℤ) -
        (↑(∑ k ∈ Finset.range 5, a + 2 * k) : ℤ) = (4 : ℤ)) :
    a = 8 := by
  have hS₁ : (∑ k ∈ Finset.range 8, 2 * k + 1) = 64 := by
    exact hS₁_mathd_algebra_158
  have hS₂ : (∑ k ∈ Finset.range 5, a + 2 * k) = 5 * a + 20 := by
    exact hS₂_mathd_algebra_158 a
  have h_eq :
      (↑(∑ k ∈ Finset.range 8, 2 * k + 1) : ℤ) -
        (↑(∑ k ∈ Finset.range 5, a + 2 * k) : ℤ) = (4 : ℤ) := by
    exact h_eq_mathd_algebra_158 a h₁
  have h_int : (64 : ℤ) - (5 * a + 20 : ℤ) = (4 : ℤ) := by
    exact h_int_mathd_algebra_158 a h_eq hS₁ hS₂
  have h_mul : (5 * a : ℤ) = (40 : ℤ) := by
    exact h_mul_mathd_algebra_158 a h_int
  have h_mul_nat : 5 * a = 40 := by
    exact h_mul_nat_mathd_algebra_158 a h_mul
  have h_a : a = 8 := by
    exact h_a_mathd_algebra_158 a h₀ h_mul_nat
  exact h_a.

ERROR: The theorem statement in the proof does not match the given theorem statement:
theorem mathd_algebra_158 (a : ℕ) (h₀ : Even a)
    (h₁ : ↑(∑ k ∈ Finset.range 8, 2 * k + 1) - ↑(∑ k ∈ Finset.range 5, a + 2 * k) = (4 : ℤ)) :
    a = 8 := by


Signature for the provided proof: theorem mathd_algebra_158 (a : ℕ) (h₀ : Even a)
    (h₁ : (↑(∑ k ∈ Finset.range 8, 2 * k + 1) : ℤ) -
        (↑(∑ k ∈ Finset.range 5, a + 2 * k) : ℤ) = (4 : ℤ)) :
    a = 8
Signature for the given theorem: theorem mathd_algebra_158 (a : ℕ) (h₀ : Even a)
    (h₁ : ↑(∑ k ∈ Finset.range 8, 2 * k + 1) - ↑(∑ k ∈ Finset.range 5, a + 2 * k) = (4 : ℤ)) :
    a = 8

--- line 173750 ---
Provided Proof:
theorem mathd_algebra_158 (a : ℕ) (h₀ : Even a)
    (h₁ : (↑(∑ k ∈ Finset.range 8, 2 * k + 1) : ℤ) -
        (↑(∑ k ∈ Finset.range 5, a + 2 * k) : ℤ) = (4 : ℤ)) :
    a = 8 := by
  have hS₁ : (∑ k ∈ Finset.range 8, 2 * k + 1) = 64 := by
    exact hS₁_mathd_algebra_158
  have hS₂ : (∑ k ∈ Finset.range 5, a + 2 * k) = 5 * a + 20 := by
    exact hS₂_mathd_algebra_158 a
  have h_eq :
      (↑(∑ k ∈ Finset.range 8, 2 * k + 1) : ℤ) -
        (↑(∑ k ∈ Finset.range 5, a + 2 * k) : ℤ) = (4 : ℤ) := by
    exact h_eq_mathd_algebra_158 a h₁
  have h_int : (64 : ℤ) - (5 * a + 20 : ℤ) = (4 : ℤ) := by
    exact h_int_mathd_algebra_158 a h_eq hS₁ hS₂
  have h_mul : (5 * a : ℤ) = (40 : ℤ) := by
    exact h_mul_mathd_algebra_158 a h_int
  have h_mul_nat : 5 * a = 40 := by
    exact h_mul_nat_mathd_algebra_158 a h_mul
  have h_a : a = 8 := by
    exact h_a_mathd_algebra_158 a h₀ h_mul_nat
  exact h_a.

ERROR: The theorem statement in the proof does not match the given theorem statement:
theorem mathd_algebra_158 (a : ℕ) (h₀ : Even a)
    (h₁ : ↑(∑ k ∈ Finset.range 8, 2 * k + 1) - ↑(∑ k ∈ Finset.range 5, a + 2 * k) = (4 : ℤ)) :
    a = 8 := by


Signature for the provided proof: theorem mathd_algebra_158 (a : ℕ) (h₀ : Even a)
    (h₁ : (↑(∑ k ∈ Finset.range 8, 2 * k + 1) : ℤ) -
        (↑(∑ k ∈ Finset.range 5, a + 2 * k) : ℤ) = (4 : ℤ)) :
    a = 8
Signature for the given theorem: theorem mathd_algebra_158 (a : ℕ) (h₀ : Even a)
    (h₁ : ↑(∑ k ∈ Finset.range 8, 2 * k + 1) - ↑(∑ k ∈ Finset.range 5, a + 2 * k) = (4 : ℤ)) :
    a = 8

[2026-09-11 11:39:09,759][src.models.HILBERTWorker][INFO] - ```lean

--- line 173784 ---
    (h₁ : ↑(∑ k ∈ Finset.range 8, 2 * k + 1) - ↑(∑ k ∈ Finset.range 5, a + 2 * k) = (4 : ℤ)) :
    a = 8

[2026-09-11 11:39:09,759][src.models.HILBERTWorker][INFO] - ```lean
theorem mathd_algebra_158 (a : ℕ) (h₀ : Even a)
    (h₁ : ↑(∑ k ∈ Finset.range 8, 2 * k + 1) - ↑(∑ k ∈ Finset.range 5, a + 2 * k) = (4 : ℤ)) :
    a = 8 := by
  have hS₁ : (∑ k ∈ Finset.range 8, 2 * k + 1) = 64 := by
    exact hS₁_mathd_algebra_158
  have hS₂ : (∑ k ∈ Finset.range 5, a + 2 * k) = 5 * a + 20 := by
    exact hS₂_mathd_algebra_158 a
  have h_eq :
      (↑(∑ k ∈ Finset.range 8, 2 * k + 1) : ℤ) -
        (↑(∑ k ∈ Finset.range 5, a + 2 * k) : ℤ) = (4 : ℤ) := by
    exact h_eq_mathd_algebra_158 a h₁
  have h_int : (64 : ℤ) - (5 * a + 20 : ℤ) = (4 : ℤ) := by
    exact h_int_mathd_algebra_158 a h_eq hS₁ hS₂
  have h_mul : (5 * a : ℤ) = (40 : ℤ) := by
    exact h_mul_mathd_algebra_158 a h_int
  have h_mul_nat : 5 * a = 40 := by
    exact h_mul_nat_mathd_algebra_158 a h_mul
  have h_a : a = 8 := by
    exact h_a_mathd_algebra_158 a h₀ h_mul_nat
  exact h_a
```
[2026-09-11 11:39:10,744][src.models.HILBERTWorker][INFO] - RESULT: True
[2026-09-11 11:39:10,745][src.models.HILBERTWorker][INFO] - ERROR MESSAGE: None
[2026-09-11 11:39:10,749][src.tools.lean_utils][INFO] - SIGNATURE ONE: theorem mathd_algebra_158(a:ℕ)(h₀:Even a)(h₁:↑(∑k∈Finset.range 8,2*k+1)-↑(∑k∈Finset.range 5,a+2*k)=(4:ℤ)):a=8
[2026-09-11 11:39:10,749][src.tools.lean_utils][INFO] - SIGNATURE TWO: theorem mathd_algebra_158(a:ℕ)(h₀:Even a)(h₁:↑(∑k∈Finset.range 8,2*k+1)-↑(∑k∈Finset.range 5,a+2*k)=(4:ℤ)):a=8
[2026-09-11 11:39:10,749][src.models.HILBERTWorker][INFO] - THEOREM SIGNATURE MATCHES
[2026-09-11 11:39:10,751][src.models.HILBERTWorker][INFO] - No sorries found in proof sketch
[2026-09-11 11:39:10,751][src.tools.AsyncJobPool][INFO] - 📥 Submitted job: theorem_hS₁_mathd_algebra_158
[2026-09-11 11:39:10,752][src.tools.AsyncJobPool][INFO] - 📥 Submitted job: theorem_hS₂_mathd_algebra_158
[2026-09-11 11:39:10,752][src.tools.AsyncJobPool][INFO] - 📥 Submitted job: theorem_h_eq_mathd_algebra_158
[2026-09-11 11:39:10,753][src.tools.AsyncJobPool][INFO] - 📥 Submitted job: theorem_h_int_mathd_algebra_158
[2026-09-11 11:39:10,753][src.tools.AsyncJobPool][INFO] - 📥 Submitted job: theorem_h_mul_mathd_algebra_158
[2026-09-11 11:39:10,753][src.tools.AsyncJobPool][INFO] - 📥 Submitted job: theorem_h_mul_nat_mathd_algebra_158
[2026-09-11 11:39:10,754][src.tools.AsyncJobPool][INFO] - 📥 Submitted job: theorem_h_a_mathd_algebra_158

--- line 173786 ---

[2026-09-11 11:39:09,759][src.models.HILBERTWorker][INFO] - ```lean
theorem mathd_algebra_158 (a : ℕ) (h₀ : Even a)
    (h₁ : ↑(∑ k ∈ Finset.range 8, 2 * k + 1) - ↑(∑ k ∈ Finset.range 5, a + 2 * k) = (4 : ℤ)) :
    a = 8 := by
  have hS₁ : (∑ k ∈ Finset.range 8, 2 * k + 1) = 64 := by
    exact hS₁_mathd_algebra_158
  have hS₂ : (∑ k ∈ Finset.range 5, a + 2 * k) = 5 * a + 20 := by
    exact hS₂_mathd_algebra_158 a
  have h_eq :
      (↑(∑ k ∈ Finset.range 8, 2 * k + 1) : ℤ) -
        (↑(∑ k ∈ Finset.range 5, a + 2 * k) : ℤ) = (4 : ℤ) := by
    exact h_eq_mathd_algebra_158 a h₁
  have h_int : (64 : ℤ) - (5 * a + 20 : ℤ) = (4 : ℤ) := by
    exact h_int_mathd_algebra_158 a h_eq hS₁ hS₂
  have h_mul : (5 * a : ℤ) = (40 : ℤ) := by
    exact h_mul_mathd_algebra_158 a h_int
  have h_mul_nat : 5 * a = 40 := by
    exact h_mul_nat_mathd_algebra_158 a h_mul
  have h_a : a = 8 := by
    exact h_a_mathd_algebra_158 a h₀ h_mul_nat
  exact h_a
```
[2026-09-11 11:39:10,744][src.models.HILBERTWorker][INFO] - RESULT: True
[2026-09-11 11:39:10,745][src.models.HILBERTWorker][INFO] - ERROR MESSAGE: None
[2026-09-11 11:39:10,749][src.tools.lean_utils][INFO] - SIGNATURE ONE: theorem mathd_algebra_158(a:ℕ)(h₀:Even a)(h₁:↑(∑k∈Finset.range 8,2*k+1)-↑(∑k∈Finset.range 5,a+2*k)=(4:ℤ)):a=8
[2026-09-11 11:39:10,749][src.tools.lean_utils][INFO] - SIGNATURE TWO: theorem mathd_algebra_158(a:ℕ)(h₀:Even a)(h₁:↑(∑k∈Finset.range 8,2*k+1)-↑(∑k∈Finset.range 5,a+2*k)=(4:ℤ)):a=8
[2026-09-11 11:39:10,749][src.models.HILBERTWorker][INFO] - THEOREM SIGNATURE MATCHES
[2026-09-11 11:39:10,751][src.models.HILBERTWorker][INFO] - No sorries found in proof sketch
[2026-09-11 11:39:10,751][src.tools.AsyncJobPool][INFO] - 📥 Submitted job: theorem_hS₁_mathd_algebra_158
[2026-09-11 11:39:10,752][src.tools.AsyncJobPool][INFO] - 📥 Submitted job: theorem_hS₂_mathd_algebra_158
[2026-09-11 11:39:10,752][src.tools.AsyncJobPool][INFO] - 📥 Submitted job: theorem_h_eq_mathd_algebra_158
[2026-09-11 11:39:10,753][src.tools.AsyncJobPool][INFO] - 📥 Submitted job: theorem_h_int_mathd_algebra_158
[2026-09-11 11:39:10,753][src.tools.AsyncJobPool][INFO] - 📥 Submitted job: theorem_h_mul_mathd_algebra_158
[2026-09-11 11:39:10,753][src.tools.AsyncJobPool][INFO] - 📥 Submitted job: theorem_h_mul_nat_mathd_algebra_158
[2026-09-11 11:39:10,754][src.tools.AsyncJobPool][INFO] - 📥 Submitted job: theorem_h_a_mathd_algebra_158
[2026-09-11 11:39:10,754][src.tools.AsyncJobPool][INFO] - 📥 Submitted job: Task-1675
[2026-09-11 11:39:10,755][src.tools.AsyncJobPool][INFO] - 📥 Submitted job: Task-1676

--- line 173807 ---
  exact h_a
```
[2026-09-11 11:39:10,744][src.models.HILBERTWorker][INFO] - RESULT: True
[2026-09-11 11:39:10,745][src.models.HILBERTWorker][INFO] - ERROR MESSAGE: None
[2026-09-11 11:39:10,749][src.tools.lean_utils][INFO] - SIGNATURE ONE: theorem mathd_algebra_158(a:ℕ)(h₀:Even a)(h₁:↑(∑k∈Finset.range 8,2*k+1)-↑(∑k∈Finset.range 5,a+2*k)=(4:ℤ)):a=8
[2026-09-11 11:39:10,749][src.tools.lean_utils][INFO] - SIGNATURE TWO: theorem mathd_algebra_158(a:ℕ)(h₀:Even a)(h₁:↑(∑k∈Finset.range 8,2*k+1)-↑(∑k∈Finset.range 5,a+2*k)=(4:ℤ)):a=8
[2026-09-11 11:39:10,749][src.models.HILBERTWorker][INFO] - THEOREM SIGNATURE MATCHES
[2026-09-11 11:39:10,751][src.models.HILBERTWorker][INFO] - No sorries found in proof sketch
[2026-09-11 11:39:10,751][src.tools.AsyncJobPool][INFO] - 📥 Submitted job: theorem_hS₁_mathd_algebra_158
[2026-09-11 11:39:10,752][src.tools.AsyncJobPool][INFO] - 📥 Submitted job: theorem_hS₂_mathd_algebra_158
[2026-09-11 11:39:10,752][src.tools.AsyncJobPool][INFO] - 📥 Submitted job: theorem_h_eq_mathd_algebra_158
[2026-09-11 11:39:10,753][src.tools.AsyncJobPool][INFO] - 📥 Submitted job: theorem_h_int_mathd_algebra_158
[2026-09-11 11:39:10,753][src.tools.AsyncJobPool][INFO] - 📥 Submitted job: theorem_h_mul_mathd_algebra_158
[2026-09-11 11:39:10,753][src.tools.AsyncJobPool][INFO] - 📥 Submitted job: theorem_h_mul_nat_mathd_algebra_158
[2026-09-11 11:39:10,754][src.tools.AsyncJobPool][INFO] - 📥 Submitted job: theorem_h_a_mathd_algebra_158
[2026-09-11 11:39:10,754][src.tools.AsyncJobPool][INFO] - 📥 Submitted job: Task-1675
[2026-09-11 11:39:10,755][src.tools.AsyncJobPool][INFO] - 📥 Submitted job: Task-1676
[2026-09-11 11:39:10,755][src.tools.AsyncJobPool][INFO] - 📥 Submitted job: Task-1677
[2026-09-11 11:39:10,755][src.tools.AsyncJobPool][INFO] - 📥 Submitted job: Task-1678
[2026-09-11 11:39:10,755][src.tools.AsyncJobPool][INFO] - 📥 Submitted job: Task-1679
[2026-09-11 11:39:10,755][src.tools.AsyncJobPool][INFO] - 📥 Submitted job: Task-1680
[2026-09-11 11:39:10,755][src.tools.AsyncJobPool][INFO] - 📥 Submitted job: Task-1681
[2026-09-11 11:39:10,755][src.tools.AsyncJobPool][INFO] - 📥 Submitted job: Task-1682
[2026-09-11 11:39:10,756][src.tools.AsyncJobPool][INFO] - 📥 Submitted job: Task-1683
[2026-09-11 11:39:10,756][src.tools.AsyncJobPool][INFO] - 📥 Submitted job: Task-1684
[2026-09-11 11:39:10,756][src.tools.AsyncJobPool][INFO] - 📥 Submitted job: Task-1685
[2026-09-11 11:39:10,756][src.tools.AsyncJobPool][INFO] - 📥 Submitted job: Task-1686
[2026-09-11 11:39:10,756][src.tools.AsyncJobPool][INFO] - 📥 Submitted job: Task-1687
[2026-09-11 11:39:10,756][src.tools.AsyncJobPool][INFO] - 📥 Submitted job: Task-1688
[2026-09-11 11:39:10,756][src.tools.AsyncJobPool][INFO] - 📥 Submitted job: Task-1689
[2026-09-11 11:39:10,756][src.tools.AsyncJobPool][INFO] - 📥 Submitted job: Task-1690
[2026-09-11 11:39:10,757][src.tools.AsyncJobPool][INFO] - 📥 Submitted job: Task-1691
[2026-09-11 11:39:10,757][src.tools.AsyncJobPool][INFO] - 📥 Submitted job: Task-1692
[2026-09-11 11:39:10,757][src.tools.AsyncJobPool][INFO] - 📥 Submitted job: Task-1693
[2026-09-11 11:39:10,757][src.tools.AsyncJobPool][INFO] - 📥 Submitted job: Task-1694
[2026-09-11 11:39:10,757][src.tools.AsyncJobPool][INFO] - 📥 Submitted job: Task-1695
[2026-09-11 11:39:10,757][src.tools.AsyncJobPool][INFO] - 📥 Submitted job: Task-1696
[2026-09-11 11:39:10,757][src.tools.AsyncJobPool][INFO] - 📥 Submitted job: Task-1697

--- line 173808 ---
```
[2026-09-11 11:39:10,744][src.models.HILBERTWorker][INFO] - RESULT: True
[2026-09-11 11:39:10,745][src.models.HILBERTWorker][INFO] - ERROR MESSAGE: None
[2026-09-11 11:39:10,749][src.tools.lean_utils][INFO] - SIGNATURE ONE: theorem mathd_algebra_158(a:ℕ)(h₀:Even a)(h₁:↑(∑k∈Finset.range 8,2*k+1)-↑(∑k∈Finset.range 5,a+2*k)=(4:ℤ)):a=8
[2026-09-11 11:39:10,749][src.tools.lean_utils][INFO] - SIGNATURE TWO: theorem mathd_algebra_158(a:ℕ)(h₀:Even a)(h₁:↑(∑k∈Finset.range 8,2*k+1)-↑(∑k∈Finset.range 5,a+2*k)=(4:ℤ)):a=8
[2026-09-11 11:39:10,749][src.models.HILBERTWorker][INFO] - THEOREM SIGNATURE MATCHES
[2026-09-11 11:39:10,751][src.models.HILBERTWorker][INFO] - No sorries found in proof sketch
[2026-09-11 11:39:10,751][src.tools.AsyncJobPool][INFO] - 📥 Submitted job: theorem_hS₁_mathd_algebra_158
[2026-09-11 11:39:10,752][src.tools.AsyncJobPool][INFO] - 📥 Submitted job: theorem_hS₂_mathd_algebra_158
[2026-09-11 11:39:10,752][src.tools.AsyncJobPool][INFO] - 📥 Submitted job: theorem_h_eq_mathd_algebra_158
[2026-09-11 11:39:10,753][src.tools.AsyncJobPool][INFO] - 📥 Submitted job: theorem_h_int_mathd_algebra_158
[2026-09-11 11:39:10,753][src.tools.AsyncJobPool][INFO] - 📥 Submitted job: theorem_h_mul_mathd_algebra_158
[2026-09-11 11:39:10,753][src.tools.AsyncJobPool][INFO] - 📥 Submitted job: theorem_h_mul_nat_mathd_algebra_158
[2026-09-11 11:39:10,754][src.tools.AsyncJobPool][INFO] - 📥 Submitted job: theorem_h_a_mathd_algebra_158
[2026-09-11 11:39:10,754][src.tools.AsyncJobPool][INFO] - 📥 Submitted job: Task-1675
[2026-09-11 11:39:10,755][src.tools.AsyncJobPool][INFO] - 📥 Submitted job: Task-1676
[2026-09-11 11:39:10,755][src.tools.AsyncJobPool][INFO] - 📥 Submitted job: Task-1677
[2026-09-11 11:39:10,755][src.tools.AsyncJobPool][INFO] - 📥 Submitted job: Task-1678
[2026-09-11 11:39:10,755][src.tools.AsyncJobPool][INFO] - 📥 Submitted job: Task-1679
[2026-09-11 11:39:10,755][src.tools.AsyncJobPool][INFO] - 📥 Submitted job: Task-1680
[2026-09-11 11:39:10,755][src.tools.AsyncJobPool][INFO] - 📥 Submitted job: Task-1681
[2026-09-11 11:39:10,755][src.tools.AsyncJobPool][INFO] - 📥 Submitted job: Task-1682
[2026-09-11 11:39:10,756][src.tools.AsyncJobPool][INFO] - 📥 Submitted job: Task-1683
[2026-09-11 11:39:10,756][src.tools.AsyncJobPool][INFO] - 📥 Submitted job: Task-1684
[2026-09-11 11:39:10,756][src.tools.AsyncJobPool][INFO] - 📥 Submitted job: Task-1685
[2026-09-11 11:39:10,756][src.tools.AsyncJobPool][INFO] - 📥 Submitted job: Task-1686
[2026-09-11 11:39:10,756][src.tools.AsyncJobPool][INFO] - 📥 Submitted job: Task-1687
[2026-09-11 11:39:10,756][src.tools.AsyncJobPool][INFO] - 📥 Submitted job: Task-1688
[2026-09-11 11:39:10,756][src.tools.AsyncJobPool][INFO] - 📥 Submitted job: Task-1689
[2026-09-11 11:39:10,756][src.tools.AsyncJobPool][INFO] - 📥 Submitted job: Task-1690
[2026-09-11 11:39:10,757][src.tools.AsyncJobPool][INFO] - 📥 Submitted job: Task-1691
[2026-09-11 11:39:10,757][src.tools.AsyncJobPool][INFO] - 📥 Submitted job: Task-1692
[2026-09-11 11:39:10,757][src.tools.AsyncJobPool][INFO] - 📥 Submitted job: Task-1693
[2026-09-11 11:39:10,757][src.tools.AsyncJobPool][INFO] - 📥 Submitted job: Task-1694
[2026-09-11 11:39:10,757][src.tools.AsyncJobPool][INFO] - 📥 Submitted job: Task-1695
[2026-09-11 11:39:10,757][src.tools.AsyncJobPool][INFO] - 📥 Submitted job: Task-1696
[2026-09-11 11:39:10,757][src.tools.AsyncJobPool][INFO] - 📥 Submitted job: Task-1697
[2026-09-11 11:39:10,758][src.tools.AsyncJobPool][INFO] - 📥 Submitted job: Task-1698

--- line 173844 ---
[2026-09-11 11:39:10,757][src.tools.AsyncJobPool][INFO] - 📥 Submitted job: Task-1697
[2026-09-11 11:39:10,758][src.tools.AsyncJobPool][INFO] - 📥 Submitted job: Task-1698
[2026-09-11 11:39:10,758][src.tools.AsyncJobPool][INFO] - 📥 Submitted job: Task-1699
[2026-09-11 11:39:10,758][src.tools.AsyncJobPool][INFO] - 📥 Submitted job: Task-1700
[2026-09-11 11:39:10,758][src.tools.AsyncJobPool][INFO] - 📥 Submitted job: Task-1701
[2026-09-11 11:39:10,758][src.tools.AsyncJobPool][INFO] - 📥 Submitted job: Task-1702
[2026-09-11 11:39:17,202][src.models.HILBERTWorker][INFO] - ********************************************************************************
[2026-09-11 11:39:17,203][src.models.HILBERTWorker][INFO] - Generated Formal Proof:
[2026-09-11 11:39:17,203][src.models.HILBERTWorker][INFO] - theorem hS₁_mathd_algebra_158 : (∑ k ∈ Finset.range 8, 2 * k + 1) = 64 := by
  simp [Finset.sum_range_succ, Finset.sum_range_succ, Finset.sum_range_succ]
  <;> norm_num
  <;> rfl
[2026-09-11 11:39:17,203][src.models.HILBERTWorker][INFO] - ********************************************************************************
[2026-09-11 11:39:17,401][src.models.HILBERTWorker][INFO] - RESULT: False
[2026-09-11 11:39:17,401][src.models.HILBERTWorker][INFO] - ERROR MESSAGE: 

The provided proof:
```lean4 
import Mathlib
import Aesop

set_option maxHeartbeats 0

open BigOperators Real Nat Topology Rat

theorem hS₁_mathd_algebra_158 : (∑ k ∈ Finset.range 8, 2 * k + 1) = 64 := by
  simp [Finset.sum_range_succ, Finset.sum_range_succ, Finset.sum_range_succ]
  <;> norm_num
  <;> rfl
```


Error message from Lean: tactic 'rfl' failed, expected goal to be a binary relation
⊢ False
The error was encountered while trying to process the following lines:
Error: line number out of range



--- line 173861 ---
```lean4 
import Mathlib
import Aesop

set_option maxHeartbeats 0

open BigOperators Real Nat Topology Rat

theorem hS₁_mathd_algebra_158 : (∑ k ∈ Finset.range 8, 2 * k + 1) = 64 := by
  simp [Finset.sum_range_succ, Finset.sum_range_succ, Finset.sum_range_succ]
  <;> norm_num
  <;> rfl
```


Error message from Lean: tactic 'rfl' failed, expected goal to be a binary relation
⊢ False
The error was encountered while trying to process the following lines:
Error: line number out of range



[2026-09-11 11:39:17,401][src.models.HILBERTWorker][INFO] - Proof verification failed!
[2026-09-11 11:39:17,401][src.models.HILBERTWorker][INFO] - ********************************************************************************
[2026-09-11 11:39:17,402][src.models.HILBERTWorker][INFO] - Error Message:
[2026-09-11 11:39:17,402][src.models.HILBERTWorker][INFO] - 

The provided proof:
```lean4 
import Mathlib
import Aesop

set_option maxHeartbeats 0

open BigOperators Real Nat Topology Rat

theorem hS₁_mathd_algebra_158 : (∑ k ∈ Finset.range 8, 2 * k + 1) = 64 := by
  simp [Finset.sum_range_succ, Finset.sum_range_succ, Finset.sum_range_succ]

--- line 173889 ---
```lean4 
import Mathlib
import Aesop

set_option maxHeartbeats 0

open BigOperators Real Nat Topology Rat

theorem hS₁_mathd_algebra_158 : (∑ k ∈ Finset.range 8, 2 * k + 1) = 64 := by
  simp [Finset.sum_range_succ, Finset.sum_range_succ, Finset.sum_range_succ]
  <;> norm_num
  <;> rfl
```


Error message from Lean: tactic 'rfl' failed, expected goal to be a binary relation
⊢ False
The error was encountered while trying to process the following lines:
Error: line number out of range



[2026-09-11 11:39:17,402][src.models.HILBERTWorker][INFO] - ********************************************************************************
[2026-09-11 11:39:17,402][src.tools.AsyncJobPool][INFO] - ✅ Job 'Task-1677' finished
[2026-09-11 11:39:19,296][src.models.HILBERTWorker][INFO] - ********************************************************************************
[2026-09-11 11:39:19,296][src.models.HILBERTWorker][INFO] - Generated Formal Proof:
[2026-09-11 11:39:19,296][src.models.HILBERTWorker][INFO] - theorem hS₁_mathd_algebra_158 : (∑ k ∈ Finset.range 8, 2 * k + 1) = 64 := by
  simp [Finset.sum_range_succ, Finset.sum_range_succ, Finset.sum_range_succ, Finset.sum_range_succ, Finset.sum_range_succ, Finset.sum_range_succ, Finset.sum_range_succ, Finset.sum_range_succ]
  <;> norm_num
  <;> rfl
[2026-09-11 11:39:19,296][src.models.HILBERTWorker][INFO] - ********************************************************************************
[2026-09-11 11:39:19,535][src.models.HILBERTWorker][INFO] - RESULT: False
[2026-09-11 11:39:19,536][src.models.HILBERTWorker][INFO] - ERROR MESSAGE: 

The provided proof:
```lean4 
import Mathlib
import Aesop

--- line 173907 ---
Error: line number out of range



[2026-09-11 11:39:17,402][src.models.HILBERTWorker][INFO] - ********************************************************************************
[2026-09-11 11:39:17,402][src.tools.AsyncJobPool][INFO] - ✅ Job 'Task-1677' finished
[2026-09-11 11:39:19,296][src.models.HILBERTWorker][INFO] - ********************************************************************************
[2026-09-11 11:39:19,296][src.models.HILBERTWorker][INFO] - Generated Formal Proof:
[2026-09-11 11:39:19,296][src.models.HILBERTWorker][INFO] - theorem hS₁_mathd_algebra_158 : (∑ k ∈ Finset.range 8, 2 * k + 1) = 64 := by
  simp [Finset.sum_range_succ, Finset.sum_range_succ, Finset.sum_range_succ, Finset.sum_range_succ, Finset.sum_range_succ, Finset.sum_range_succ, Finset.sum_range_succ, Finset.sum_range_succ]
  <;> norm_num
  <;> rfl
[2026-09-11 11:39:19,296][src.models.HILBERTWorker][INFO] - ********************************************************************************
[2026-09-11 11:39:19,535][src.models.HILBERTWorker][INFO] - RESULT: False
[2026-09-11 11:39:19,536][src.models.HILBERTWorker][INFO] - ERROR MESSAGE: 

The provided proof:
```lean4 
import Mathlib
import Aesop

set_option maxHeartbeats 0

open BigOperators Real Nat Topology Rat

theorem hS₁_mathd_algebra_158 : (∑ k ∈ Finset.range 8, 2 * k + 1) = 64 := by
  simp [Finset.sum_range_succ, Finset.sum_range_succ, Finset.sum_range_succ, Finset.sum_range_succ, Finset.sum_range_succ, Finset.sum_range_succ, Finset.sum_range_succ, Finset.sum_range_succ]
  <;> norm_num
  <;> rfl
```


Error message from Lean: tactic 'rfl' failed, expected goal to be a binary relation
⊢ False
The error was encountered while trying to process the following lines:
Error: line number out of range



--- line 173924 ---
```lean4 
import Mathlib
import Aesop

set_option maxHeartbeats 0

open BigOperators Real Nat Topology Rat

theorem hS₁_mathd_algebra_158 : (∑ k ∈ Finset.range 8, 2 * k + 1) = 64 := by
  simp [Finset.sum_range_succ, Finset.sum_range_succ, Finset.sum_range_succ, Finset.sum_range_succ, Finset.sum_range_succ, Finset.sum_range_succ, Finset.sum_range_succ, Finset.sum_range_succ]
  <;> norm_num
  <;> rfl
```


Error message from Lean: tactic 'rfl' failed, expected goal to be a binary relation
⊢ False
The error was encountered while trying to process the following lines:
Error: line number out of range



[2026-09-11 11:39:19,536][src.models.HILBERTWorker][INFO] - Proof verification failed!
[2026-09-11 11:39:19,536][src.models.HILBERTWorker][INFO] - ********************************************************************************
[2026-09-11 11:39:19,536][src.models.HILBERTWorker][INFO] - Error Message:
[2026-09-11 11:39:19,536][src.models.HILBERTWorker][INFO] - 

The provided proof:
```lean4 
import Mathlib
import Aesop

set_option maxHeartbeats 0

open BigOperators Real Nat Topology Rat

theorem hS₁_mathd_algebra_158 : (∑ k ∈ Finset.range 8, 2 * k + 1) = 64 := by
  simp [Finset.sum_range_succ, Finset.sum_range_succ, Finset.sum_range_succ, Finset.sum_range_succ, Finset.sum_range_succ, Finset.sum_range_succ, Finset.sum_range_succ, Finset.sum_range_succ]

--- line 173952 ---
```lean4 
import Mathlib
import Aesop

set_option maxHeartbeats 0

open BigOperators Real Nat Topology Rat

theorem hS₁_mathd_algebra_158 : (∑ k ∈ Finset.range 8, 2 * k + 1) = 64 := by
  simp [Finset.sum_range_succ, Finset.sum_range_succ, Finset.sum_range_succ, Finset.sum_range_succ, Finset.sum_range_succ, Finset.sum_range_succ, Finset.sum_range_succ, Finset.sum_range_succ]
  <;> norm_num
  <;> rfl
```


Error message from Lean: tactic 'rfl' failed, expected goal to be a binary relation
⊢ False
The error was encountered while trying to process the following lines:
Error: line number out of range



[2026-09-11 11:39:19,537][src.models.HILBERTWorker][INFO] - ********************************************************************************
[2026-09-11 11:39:19,537][src.tools.AsyncJobPool][INFO] - ✅ Job 'Task-1678' finished
[2026-09-11 11:39:20,344][src.models.HILBERTWorker][INFO] - ********************************************************************************
[2026-09-11 11:39:20,345][src.models.HILBERTWorker][INFO] - Generated Formal Proof:
[2026-09-11 11:39:20,345][src.models.HILBERTWorker][INFO] - theorem hS₂_mathd_algebra_158 (a : ℕ) : (∑ k ∈ Finset.range 5, a + 2 * k) = 5 * a + 20 := by
  simp [Finset.sum_range_succ, Finset.sum_range_succ, Finset.sum_range_succ, Finset.sum_range_succ,
    Finset.sum_range_succ, mul_add, add_mul, mul_comm, mul_left_comm, mul_assoc]
  <;> ring_nf
  <;> norm_num
  <;> omega
[2026-09-11 11:39:20,345][src.models.HILBERTWorker][INFO] - ********************************************************************************
[2026-09-11 11:39:20,681][src.models.HILBERTWorker][INFO] - RESULT: False
[2026-09-11 11:39:20,682][src.models.HILBERTWorker][INFO] - ERROR MESSAGE: 

The provided proof:
```lean4 

--- line 173970 ---
Error: line number out of range



[2026-09-11 11:39:19,537][src.models.HILBERTWorker][INFO] - ********************************************************************************
[2026-09-11 11:39:19,537][src.tools.AsyncJobPool][INFO] - ✅ Job 'Task-1678' finished
[2026-09-11 11:39:20,344][src.models.HILBERTWorker][INFO] - ********************************************************************************
[2026-09-11 11:39:20,345][src.models.HILBERTWorker][INFO] - Generated Formal Proof:
[2026-09-11 11:39:20,345][src.models.HILBERTWorker][INFO] - theorem hS₂_mathd_algebra_158 (a : ℕ) : (∑ k ∈ Finset.range 5, a + 2 * k) = 5 * a + 20 := by
  simp [Finset.sum_range_succ, Finset.sum_range_succ, Finset.sum_range_succ, Finset.sum_range_succ,
    Finset.sum_range_succ, mul_add, add_mul, mul_comm, mul_left_comm, mul_assoc]
  <;> ring_nf
  <;> norm_num
  <;> omega
[2026-09-11 11:39:20,345][src.models.HILBERTWorker][INFO] - ********************************************************************************
[2026-09-11 11:39:20,681][src.models.HILBERTWorker][INFO] - RESULT: False
[2026-09-11 11:39:20,682][src.models.HILBERTWorker][INFO] - ERROR MESSAGE: 

The provided proof:
```lean4 
import Mathlib
import Aesop

set_option maxHeartbeats 0

open BigOperators Real Nat Topology Rat

theorem hS₂_mathd_algebra_158 (a : ℕ) : (∑ k ∈ Finset.range 5, a + 2 * k) = 5 * a + 20 := by
  simp [Finset.sum_range_succ, Finset.sum_range_succ, Finset.sum_range_succ, Finset.sum_range_succ,
    Finset.sum_range_succ, mul_add, add_mul, mul_comm, mul_left_comm, mul_assoc]
  <;> ring_nf
  <;> norm_num
  <;> omega
```


Error message from Lean: omega could not prove the goal:
a possible counterexample may satisfy the constraints

--- line 173989 ---
```lean4 
import Mathlib
import Aesop

set_option maxHeartbeats 0

open BigOperators Real Nat Topology Rat

theorem hS₂_mathd_algebra_158 (a : ℕ) : (∑ k ∈ Finset.range 5, a + 2 * k) = 5 * a + 20 := by
  simp [Finset.sum_range_succ, Finset.sum_range_succ, Finset.sum_range_succ, Finset.sum_range_succ,
    Finset.sum_range_succ, mul_add, add_mul, mul_comm, mul_left_comm, mul_assoc]
  <;> ring_nf
  <;> norm_num
  <;> omega
```


Error message from Lean: omega could not prove the goal:
a possible counterexample may satisfy the constraints
  0 ≤ b ≤ 9
where
 b := ↑k
The error was encountered while trying to process the following lines:
Error: line number out of range



[2026-09-11 11:39:20,682][src.models.HILBERTWorker][INFO] - Proof verification failed!
[2026-09-11 11:39:20,682][src.models.HILBERTWorker][INFO] - ********************************************************************************
[2026-09-11 11:39:20,682][src.models.HILBERTWorker][INFO] - Error Message:
[2026-09-11 11:39:20,683][src.models.HILBERTWorker][INFO] - 

The provided proof:
```lean4 
import Mathlib
import Aesop

set_option maxHeartbeats 0

--- line 174022 ---
```lean4 
import Mathlib
import Aesop

set_option maxHeartbeats 0

open BigOperators Real Nat Topology Rat

theorem hS₂_mathd_algebra_158 (a : ℕ) : (∑ k ∈ Finset.range 5, a + 2 * k) = 5 * a + 20 := by
  simp [Finset.sum_range_succ, Finset.sum_range_succ, Finset.sum_range_succ, Finset.sum_range_succ,
    Finset.sum_range_succ, mul_add, add_mul, mul_comm, mul_left_comm, mul_assoc]
  <;> ring_nf
  <;> norm_num
  <;> omega
```


Error message from Lean: omega could not prove the goal:
a possible counterexample may satisfy the constraints
  0 ≤ b ≤ 9
where
 b := ↑k
The error was encountered while trying to process the following lines:
Error: line number out of range



[2026-09-11 11:39:20,683][src.models.HILBERTWorker][INFO] - ********************************************************************************
[2026-09-11 11:39:20,683][src.tools.AsyncJobPool][INFO] - ✅ Job 'Task-1680' finished
[2026-09-11 11:39:25,470][src.models.HILBERTWorker][INFO] - ********************************************************************************
[2026-09-11 11:39:25,470][src.models.HILBERTWorker][INFO] - Generated Formal Proof:
[2026-09-11 11:39:25,470][src.models.HILBERTWorker][INFO] - theorem h_a_mathd_algebra_158 (a : ℕ) (h₀ : Even a) (h_mul_nat : 5 * a = 40) :
    a = 8 := by
  have h₁ : a = 8 := by
    -- Since 5 * a = 40, we can solve for a by dividing both sides by 5.
    have h₂ : a = 8 := by
      -- Use the fact that 5 * a = 40 to solve for a.
      apply mul_left_cancel₀ (show (5 : ℕ) ≠ 0 by norm_num)

--- line 174177 ---
[2026-09-11 11:39:54,317][src.models.HILBERTWorker][INFO] - Success! Proved theorem matches the input theorem!
[2026-09-11 11:39:54,318][src.tools.AsyncJobPool][INFO] - ✅ Job 'Task-1688' finished
[2026-09-11 11:39:54,318][src.tools.AsyncJobPool][INFO] - 🏆 Truthy result found from 'Task-1688'.
[2026-09-11 11:39:54,318][src.tools.AsyncJobPool][INFO] - 🛑 Stopping all other jobs...
[2026-09-11 11:39:54,320][src.tools.AsyncJobPool][INFO] - ✅ Job 'theorem_h_int_mathd_algebra_158' finished with result: (True, 'theorem h_int_mathd_algebra_158 (a : ℕ)\n    (h_eq :\n      (↑(∑ k ∈ Finset.range 8, 2 * k + 1) : ℤ) -\n        (↑(∑ k ∈ Finset.range 5, a + 2 * k) : ℤ) = (4 : ℤ))\n    (hS₁ : (∑ k ∈ Finset.range 8, 2 * k + 1) = 64)\n    (hS₂ : (∑ k ∈ Finset.range 5, a + 2 * k) = 5 * a + 20) :\n    (64 : ℤ) - (5 * a + 20 : ℤ) = (4 : ℤ) := by\n  sorry', 'theorem h_int_mathd_algebra_158 (a : ℕ)\n    (h_eq :\n      (↑(∑ k ∈ Finset.range 8, 2 * k + 1) : ℤ) -\n        (↑(∑ k ∈ Finset.range 5, a + 2 * k) : ℤ) = (4 : ℤ))\n    (hS₁ : (∑ k ∈ Finset.range 8, 2 * k + 1) = 64)\n    (hS₂ : (∑ k ∈ Finset.range 5, a + 2 * k) = 5 * a + 20) :\n    (64 : ℤ) - (5 * a + 20 : ℤ) = (4 : ℤ) := by\n  have h₁ : (64 : ℤ) - (5 * a + 20 : ℤ) = (4 : ℤ) := by\n    have h₂ : (↑(∑ k ∈ Finset.range 8, 2 * k + 1) : ℤ) - (↑(∑ k ∈ Finset.range 5, a + 2 * k) : ℤ) = (4 : ℤ) := h_eq\n    have h₃ : (∑ k ∈ Finset.range 8, 2 * k + 1) = 64 := hS₁\n    have h₄ : (∑ k ∈ Finset.range 5, a + 2 * k) = 5 * a + 20 := hS₂\n    have h₅ : (↑(∑ k ∈ Finset.range 8, 2 * k + 1) : ℤ) = (64 : ℤ) := by\n      norm_cast\n      <;> simp [h₃]\n    have h₆ : (↑(∑ k ∈ Finset.range 5, a + 2 * k) : ℤ) = (5 * a + 20 : ℤ) := by\n      norm_cast\n      <;> simp [h₄]\n      <;> ring_nf\n      <;> norm_cast\n      <;> simp [Finset.sum_range_succ, Finset.sum_range_succ, Finset.sum_range_succ, Finset.sum_range_succ, Finset.sum_range_succ]\n      <;> ring_nf at *\n      <;> omega\n    rw [h₅, h₆] at h₂\n    norm_num at h₂ ⊢\n    <;>\n    (try omega) <;>\n    (try linarith)\n    <;>\n    (try ring_nf at h₂ ⊢) <;>\n    (try norm_cast at h₂ ⊢) <;>\n    (try omega)\n    <;>\n    (try linarith)\n  exact h₁', None)
[2026-09-11 11:39:54,320][src.tools.AsyncJobPool][INFO] - 🏆 Success from 'theorem_h_int_mathd_algebra_158': (True, 'theorem h_int_mathd_algebra_158 (a : ℕ)\n    (h_eq :\n      (↑(∑ k ∈ Finset.range 8, 2 * k + 1) : ℤ) -\n        (↑(∑ k ∈ Finset.range 5, a + 2 * k) : ℤ) = (4 : ℤ))\n    (hS₁ : (∑ k ∈ Finset.range 8, 2 * k + 1) = 64)\n    (hS₂ : (∑ k ∈ Finset.range 5, a + 2 * k) = 5 * a + 20) :\n    (64 : ℤ) - (5 * a + 20 : ℤ) = (4 : ℤ) := by\n  sorry', 'theorem h_int_mathd_algebra_158 (a : ℕ)\n    (h_eq :\n      (↑(∑ k ∈ Finset.range 8, 2 * k + 1) : ℤ) -\n        (↑(∑ k ∈ Finset.range 5, a + 2 * k) : ℤ) = (4 : ℤ))\n    (hS₁ : (∑ k ∈ Finset.range 8, 2 * k + 1) = 64)\n    (hS₂ : (∑ k ∈ Finset.range 5, a + 2 * k) = 5 * a + 20) :\n    (64 : ℤ) - (5 * a + 20 : ℤ) = (4 : ℤ) := by\n  have h₁ : (64 : ℤ) - (5 * a + 20 : ℤ) = (4 : ℤ) := by\n    have h₂ : (↑(∑ k ∈ Finset.range 8, 2 * k + 1) : ℤ) - (↑(∑ k ∈ Finset.range 5, a + 2 * k) : ℤ) = (4 : ℤ) := h_eq\n    have h₃ : (∑ k ∈ Finset.range 8, 2 * k + 1) = 64 := hS₁\n    have h₄ : (∑ k ∈ Finset.range 5, a + 2 * k) = 5 * a + 20 := hS₂\n    have h₅ : (↑(∑ k ∈ Finset.range 8, 2 * k + 1) : ℤ) = (64 : ℤ) := by\n      norm_cast\n      <;> simp [h₃]\n    have h₆ : (↑(∑ k ∈ Finset.range 5, a + 2 * k) : ℤ) = (5 * a + 20 : ℤ) := by\n      norm_cast\n      <;> simp [h₄]\n      <;> ring_nf\n      <;> norm_cast\n      <;> simp [Finset.sum_range_succ, Finset.sum_range_succ, Finset.sum_range_succ, Finset.sum_range_succ, Finset.sum_range_succ]\n      <;> ring_nf at *\n      <;> omega\n    rw [h₅, h₆] at h₂\n    norm_num at h₂ ⊢\n    <;>\n    (try omega) <;>\n    (try linarith)\n    <;>\n    (try ring_nf at h₂ ⊢) <;>\n    (try norm_cast at h₂ ⊢) <;>\n    (try omega)\n    <;>\n    (try linarith)\n  exact h₁', None)
[2026-09-11 11:40:01,990][src.models.HILBERTWorker][INFO] - ********************************************************************************
[2026-09-11 11:40:01,990][src.models.HILBERTWorker][INFO] - Generated Formal Proof:
[2026-09-11 11:40:01,990][src.models.HILBERTWorker][INFO] - theorem hS₁_mathd_algebra_158 : (∑ k ∈ Finset.range 8, 2 * k + 1) = 64 := by
  have h : (∑ k ∈ Finset.range 8, 2 * k + 1) = 64 := by
    simp [Finset.sum_range_succ, Finset.sum_range_succ, Finset.sum_range_succ, Finset.sum_range_succ,
      Finset.sum_range_succ, Finset.sum_range_succ, Finset.sum_range_succ, Finset.sum_range_succ]
    <;> norm_num
    <;> rfl
  
  apply h
[2026-09-11 11:40:01,990][src.models.HILBERTWorker][INFO] - ********************************************************************************
[2026-09-11 11:40:02,216][src.models.HILBERTWorker][INFO] - RESULT: False
[2026-09-11 11:40:02,216][src.models.HILBERTWorker][INFO] - ERROR MESSAGE: 

The provided proof:
```lean4 
import Mathlib
import Aesop

set_option maxHeartbeats 0

open BigOperators Real Nat Topology Rat

theorem hS₁_mathd_algebra_158 : (∑ k ∈ Finset.range 8, 2 * k + 1) = 64 := by
  have h : (∑ k ∈ Finset.range 8, 2 * k + 1) = 64 := by
    simp [Finset.sum_range_succ, Finset.sum_range_succ, Finset.sum_range_succ, Finset.sum_range_succ,
      Finset.sum_range_succ, Finset.sum_range_succ, Finset.sum_range_succ, Finset.sum_range_succ]
    <;> norm_num
    <;> rfl
  
  apply h
```

--- line 174198 ---
```lean4 
import Mathlib
import Aesop

set_option maxHeartbeats 0

open BigOperators Real Nat Topology Rat

theorem hS₁_mathd_algebra_158 : (∑ k ∈ Finset.range 8, 2 * k + 1) = 64 := by
  have h : (∑ k ∈ Finset.range 8, 2 * k + 1) = 64 := by
    simp [Finset.sum_range_succ, Finset.sum_range_succ, Finset.sum_range_succ, Finset.sum_range_succ,
      Finset.sum_range_succ, Finset.sum_range_succ, Finset.sum_range_succ, Finset.sum_range_succ]
    <;> norm_num
    <;> rfl
  
  apply h
```


Error message from Lean: tactic 'rfl' failed, expected goal to be a binary relation
⊢ False
The error was encountered while trying to process the following lines:
Error: line number out of range



[2026-09-11 11:40:02,217][src.models.HILBERTWorker][INFO] - Proof verification failed!
[2026-09-11 11:40:02,217][src.models.HILBERTWorker][INFO] - ********************************************************************************
[2026-09-11 11:40:02,217][src.models.HILBERTWorker][INFO] - Error Message:
[2026-09-11 11:40:02,217][src.models.HILBERTWorker][INFO] - 

The provided proof:
```lean4 
import Mathlib
import Aesop

set_option maxHeartbeats 0


--- line 174230 ---
```lean4 
import Mathlib
import Aesop

set_option maxHeartbeats 0

open BigOperators Real Nat Topology Rat

theorem hS₁_mathd_algebra_158 : (∑ k ∈ Finset.range 8, 2 * k + 1) = 64 := by
  have h : (∑ k ∈ Finset.range 8, 2 * k + 1) = 64 := by
    simp [Finset.sum_range_succ, Finset.sum_range_succ, Finset.sum_range_succ, Finset.sum_range_succ,
      Finset.sum_range_succ, Finset.sum_range_succ, Finset.sum_range_succ, Finset.sum_range_succ]
    <;> norm_num
    <;> rfl
  
  apply h
```


Error message from Lean: tactic 'rfl' failed, expected goal to be a binary relation
⊢ False
The error was encountered while trying to process the following lines:
Error: line number out of range



[2026-09-11 11:40:02,218][src.models.HILBERTWorker][INFO] - ********************************************************************************
[2026-09-11 11:40:02,218][src.tools.AsyncJobPool][INFO] - ✅ Job 'Task-1675' finished
[2026-09-11 11:40:34,902][src.models.HILBERTWorker][INFO] - ********************************************************************************
[2026-09-11 11:40:34,903][src.models.HILBERTWorker][INFO] - Generated Formal Proof:
[2026-09-11 11:40:34,903][src.models.HILBERTWorker][INFO] - theorem hnm_algebra_apbmpcneq0_aeq0anbeq0anceq0 (a b c : ℚ) (m n : ℝ)
    (h₁ : m ^ 3 = (2 : ℝ)) (h₂ : n ^ 3 = (4 : ℝ)) :
    n = m ^ 2 := by
  have h₃ : (m ^ 2) ^ 3 = (4 : ℝ) := by
    calc
      (m ^ 2) ^ 3 = m ^ 6 := by ring
      _ = (m ^ 3) ^ 2 := by ring
      _ = (2 : ℝ) ^ 2 := by rw [h₁]

--- line 174308 ---
  
  have h₆ : n = m ^ 2 := by
    linarith
  
  exact h₆
[2026-09-11 11:40:34,904][src.models.HILBERTWorker][INFO] - ********************************************************************************
[2026-09-11 11:40:36,178][src.models.HILBERTWorker][INFO] - ********************************************************************************
[2026-09-11 11:40:36,179][src.models.HILBERTWorker][INFO] - Generated Formal Proof:
[2026-09-11 11:40:36,179][src.models.HILBERTWorker][INFO] - theorem hS₂_mathd_algebra_158 (a : ℕ) : (∑ k ∈ Finset.range 5, a + 2 * k) = 5 * a + 20 := by
  have h_sum : (∑ k in Finset.range 5, (a + 2 * k)) = 5 * a + 20 := by
    simp [Finset.sum_range_succ, Finset.sum_range_succ, Finset.sum_range_succ, Finset.sum_range_succ, Finset.sum_range_succ]
    <;> ring_nf
    <;> norm_num
    <;> omega
  
  -- Use the established sum to conclude the proof
  simpa [add_assoc] using h_sum
[2026-09-11 11:40:36,179][src.models.HILBERTWorker][INFO] - ********************************************************************************
[2026-09-11 11:40:36,756][src.models.HILBERTWorker][INFO] - RESULT: False
[2026-09-11 11:40:36,757][src.models.HILBERTWorker][INFO] - ERROR MESSAGE: 

The provided proof:
```lean4 
import Mathlib
import Aesop

set_option maxHeartbeats 0

open BigOperators Real Nat Topology Rat

theorem hS₂_mathd_algebra_158 (a : ℕ) : (∑ k ∈ Finset.range 5, a + 2 * k) = 5 * a + 20 := by
  have h_sum : (∑ k in Finset.range 5, (a + 2 * k)) = 5 * a + 20 := by
    simp [Finset.sum_range_succ, Finset.sum_range_succ, Finset.sum_range_succ, Finset.sum_range_succ, Finset.sum_range_succ]
    <;> ring_nf
    <;> norm_num
    <;> omega
  
  -- Use the established sum to conclude the proof

--- line 174330 ---
```lean4 
import Mathlib
import Aesop

set_option maxHeartbeats 0

open BigOperators Real Nat Topology Rat

theorem hS₂_mathd_algebra_158 (a : ℕ) : (∑ k ∈ Finset.range 5, a + 2 * k) = 5 * a + 20 := by
  have h_sum : (∑ k in Finset.range 5, (a + 2 * k)) = 5 * a + 20 := by
    simp [Finset.sum_range_succ, Finset.sum_range_succ, Finset.sum_range_succ, Finset.sum_range_succ, Finset.sum_range_succ]
    <;> ring_nf
    <;> norm_num
    <;> omega
  
  -- Use the established sum to conclude the proof
  simpa [add_assoc] using h_sum
```


Error message from Lean: type mismatch, term
  h_sum
after simplification has type
  ∑ k ∈ Finset.range 5, (a + 2 * k) = 5 * a + 20 : Prop
but is expected to have type
  2 * k = 20 : Prop
The error was encountered while trying to process the following lines:
Error: line number out of range



[2026-09-11 11:40:36,757][src.models.HILBERTWorker][INFO] - Proof verification failed!
[2026-09-11 11:40:36,757][src.models.HILBERTWorker][INFO] - ********************************************************************************
[2026-09-11 11:40:36,757][src.models.HILBERTWorker][INFO] - Error Message:
[2026-09-11 11:40:36,758][src.models.HILBERTWorker][INFO] - 

The provided proof:
```lean4 

--- line 174367 ---
```lean4 
import Mathlib
import Aesop

set_option maxHeartbeats 0

open BigOperators Real Nat Topology Rat

theorem hS₂_mathd_algebra_158 (a : ℕ) : (∑ k ∈ Finset.range 5, a + 2 * k) = 5 * a + 20 := by
  have h_sum : (∑ k in Finset.range 5, (a + 2 * k)) = 5 * a + 20 := by
    simp [Finset.sum_range_succ, Finset.sum_range_succ, Finset.sum_range_succ, Finset.sum_range_succ, Finset.sum_range_succ]
    <;> ring_nf
    <;> norm_num
    <;> omega
  
  -- Use the established sum to conclude the proof
  simpa [add_assoc] using h_sum
```


Error message from Lean: type mismatch, term
  h_sum
after simplification has type
  ∑ k ∈ Finset.range 5, (a + 2 * k) = 5 * a + 20 : Prop
but is expected to have type
  2 * k = 20 : Prop
The error was encountered while trying to process the following lines:
Error: line number out of range



[2026-09-11 11:40:36,758][src.models.HILBERTWorker][INFO] - ********************************************************************************
[2026-09-11 11:40:36,758][src.tools.AsyncJobPool][INFO] - ✅ Job 'Task-1679' finished
[2026-09-11 11:40:39,013][src.models.HILBERTWorker][INFO] - ********************************************************************************
[2026-09-11 11:40:39,013][src.models.HILBERTWorker][INFO] - Generated Formal Proof:
[2026-09-11 11:40:39,013][src.models.HILBERTWorker][INFO] - theorem hnm_algebra_apbmpcneq0_aeq0anbeq0anceq0 (a b c : ℚ) (m n : ℝ)
    (h₁ : m ^ 3 = (2 : ℝ)) (h₂ : n ^ 3 = (4 : ℝ)) :
    n = m ^ 2 := by

--- line 178060 ---
    exact h₂ h_irred



[2026-09-11 11:47:28,796][src.models.HILBERTWorker][INFO] - ********************************************************************************
[2026-09-11 11:47:28,796][src.tools.AsyncJobPool][INFO] - ✅ Job 'Task-1642' finished
[2026-09-11 11:47:47,188][src.models.HILBERTWorker][INFO] - ********************************************************************************
[2026-09-11 11:47:47,189][src.models.HILBERTWorker][INFO] - Generated Formal Proof:
[2026-09-11 11:47:47,189][src.models.HILBERTWorker][INFO] - theorem hS₂_mathd_algebra_158 (a : ℕ) : (∑ k ∈ Finset.range 5, a + 2 * k) = 5 * a + 20 := by
  have h₁ : (∑ k ∈ Finset.range 5, a + 2 * k) = 5 * a + 20 := by
    simp [Finset.sum_range_succ, add_assoc]
    <;> ring_nf
    <;> norm_num
    <;> rfl
  
  apply h₁
[2026-09-11 11:47:47,189][src.models.HILBERTWorker][INFO] - ********************************************************************************
[2026-09-11 11:47:47,615][src.models.HILBERTWorker][INFO] - RESULT: False
[2026-09-11 11:47:47,616][src.models.HILBERTWorker][INFO] - ERROR MESSAGE: 

The provided proof:
```lean4 
import Mathlib
import Aesop

set_option maxHeartbeats 0

open BigOperators Real Nat Topology Rat

theorem hS₂_mathd_algebra_158 (a : ℕ) : (∑ k ∈ Finset.range 5, a + 2 * k) = 5 * a + 20 := by
  have h₁ : (∑ k ∈ Finset.range 5, a + 2 * k) = 5 * a + 20 := by
    simp [Finset.sum_range_succ, add_assoc]
    <;> ring_nf
    <;> norm_num
    <;> rfl
  
  apply h₁
```

--- line 178081 ---
```lean4 
import Mathlib
import Aesop

set_option maxHeartbeats 0

open BigOperators Real Nat Topology Rat

theorem hS₂_mathd_algebra_158 (a : ℕ) : (∑ k ∈ Finset.range 5, a + 2 * k) = 5 * a + 20 := by
  have h₁ : (∑ k ∈ Finset.range 5, a + 2 * k) = 5 * a + 20 := by
    simp [Finset.sum_range_succ, add_assoc]
    <;> ring_nf
    <;> norm_num
    <;> rfl
  
  apply h₁
```


Error message from Lean: tactic 'rfl' failed, the left-hand side
  k * 2
is not definitionally equal to the right-hand side
  20
k a : ℕ
⊢ k * 2 = 20
The error was encountered while trying to process the following lines:
Error: line number out of range



[2026-09-11 11:47:47,616][src.models.HILBERTWorker][INFO] - Proof verification failed!
[2026-09-11 11:47:47,616][src.models.HILBERTWorker][INFO] - ********************************************************************************
[2026-09-11 11:47:47,616][src.models.HILBERTWorker][INFO] - Error Message:
[2026-09-11 11:47:47,616][src.models.HILBERTWorker][INFO] - 

The provided proof:
```lean4 
import Mathlib

--- line 178117 ---
```lean4 
import Mathlib
import Aesop

set_option maxHeartbeats 0

open BigOperators Real Nat Topology Rat

theorem hS₂_mathd_algebra_158 (a : ℕ) : (∑ k ∈ Finset.range 5, a + 2 * k) = 5 * a + 20 := by
  have h₁ : (∑ k ∈ Finset.range 5, a + 2 * k) = 5 * a + 20 := by
    simp [Finset.sum_range_succ, add_assoc]
    <;> ring_nf
    <;> norm_num
    <;> rfl
  
  apply h₁
```


Error message from Lean: tactic 'rfl' failed, the left-hand side
  k * 2
is not definitionally equal to the right-hand side
  20
k a : ℕ
⊢ k * 2 = 20
The error was encountered while trying to process the following lines:
Error: line number out of range



[2026-09-11 11:47:47,617][src.models.HILBERTWorker][INFO] - ********************************************************************************
[2026-09-11 11:47:47,617][src.tools.AsyncJobPool][INFO] - ✅ Job 'Task-1681' finished
[2026-09-11 11:52:18,803][src.models.HILBERTWorker][INFO] - ********************************************************************************
[2026-09-11 11:52:18,803][src.models.HILBERTWorker][INFO] - Generated Formal Proof:
[2026-09-11 11:52:18,803][src.models.HILBERTWorker][INFO] - theorem h_irred_algebra_apbmpcneq0_aeq0anbeq0anceq0 :
    Irreducible ((Polynomial.X : Polynomial ℚ) ^ (3 : ℕ) - Polynomial.C (2 : ℚ)) := by
  have h_main : Irreducible ((Polynomial.X : Polynomial ℚ) ^ 3 - Polynomial.C 2) := by
    have h₁ : Irreducible (Polynomial.X ^ 3 - Polynomial.C 2 : Polynomial ℚ) := by

--- line 180886 ---
[2026-09-11 11:56:13,459][src.models.HILBERTWorker][INFO] - Success! Proved theorem matches the input theorem!
[2026-09-11 11:56:13,460][src.tools.AsyncJobPool][INFO] - ✅ Job 'Task-1762' finished
[2026-09-11 11:56:13,460][src.tools.AsyncJobPool][INFO] - 🏆 Truthy result found from 'Task-1762'.
[2026-09-11 11:56:13,460][src.tools.AsyncJobPool][INFO] - 🛑 Stopping all other jobs...
[2026-09-11 11:56:13,461][src.tools.AsyncJobPool][INFO] - ✅ Job 'theorem_hnm_algebra_apbmpcneq0_aeq0anbeq0anceq0' finished with result: (True, 'theorem hnm_algebra_apbmpcneq0_aeq0anbeq0anceq0 {a b c : ℚ} {m n : ℝ}\n    (h₁ : m ^ 3 = (2 : ℝ)) (h₂ : n ^ 3 = (4 : ℝ))\n    (hposm : (0 : ℝ) < m) (hposn : (0 : ℝ) < n) :\n    n = m ^ 2 := by\n  sorry', 'theorem hnm_algebra_apbmpcneq0_aeq0anbeq0anceq0 {a b c : ℚ} {m n : ℝ}\n    (h₁ : m ^ 3 = (2 : ℝ)) (h₂ : n ^ 3 = (4 : ℝ))\n    (hposm : (0 : ℝ) < m) (hposn : (0 : ℝ) < n) :\n    n = m ^ 2 := by\n  have h₃ : m > 0 := by exact_mod_cast hposm\n  have h₄ : n > 0 := by exact_mod_cast hposn\n  have h₅ : m ^ 3 = 2 := by exact_mod_cast h₁\n  have h₆ : n ^ 3 = 4 := by exact_mod_cast h₂\n  have h₇ : n = m ^ 2 := by\n    have h₈ : (m ^ 2) ^ 3 = 4 := by\n      calc\n        (m ^ 2) ^ 3 = m ^ 6 := by ring\n        _ = (m ^ 3) ^ 2 := by ring\n        _ = 2 ^ 2 := by rw [h₅]\n        _ = 4 := by norm_num\n    have h₉ : n ^ 3 = (m ^ 2) ^ 3 := by\n      calc\n        n ^ 3 = 4 := h₆\n        _ = (m ^ 2) ^ 3 := by rw [h₈]\n    have h₁₀ : n = m ^ 2 := by\n      -- Use the fact that the cube function is injective on positive reals\n      have h₁₁ : 0 < m ^ 2 := by positivity\n      have h₁₂ : 0 < n := by positivity\n      have h₁₃ : 0 < (m ^ 2 : ℝ) := by positivity\n      -- Use the injectivity of the cube function to conclude n = m^2\n      have h₁₄ : n ^ 3 = (m ^ 2) ^ 3 := h₉\n      have h₁₅ : n = m ^ 2 := by\n        -- Use the fact that the cube function is strictly increasing on positive reals\n        have h₁₆ : n > 0 := by positivity\n        have h₁₇ : (m ^ 2 : ℝ) > 0 := by positivity\n        -- Use the property of real numbers to conclude n = m^2\n        have h₁₈ : n ^ 3 = (m ^ 2) ^ 3 := h₉\n        have h₁₉ : n = m ^ 2 := by\n          -- Use the fact that the cube function is injective on positive reals\n          apply le_antisymm\n          · -- Show that n ≤ m^2\n            apply le_of_not_gt\n            intro h\n            -- If n > m^2, then n^3 > (m^2)^3\n            have h₂₀ : n ^ 3 > (m ^ 2) ^ 3 := by\n              gcongr <;> nlinarith [sq_pos_of_pos h₁₆, sq_pos_of_pos h₁₇]\n            linarith\n          · -- Show that n ≥ m^2\n            apply le_of_not_gt\n            intro h\n            -- If n < m^2, then n^3 < (m^2)^3\n            have h₂₀ : n ^ 3 < (m ^ 2) ^ 3 := by\n              gcongr <;> nlinarith [sq_pos_of_pos h₁₆, sq_pos_of_pos h₁₇]\n            linarith\n        exact h₁₉\n      exact h₁₅\n    exact h₁₀\n  exact h₇', None)
[2026-09-11 11:56:13,461][src.tools.AsyncJobPool][INFO] - 🏆 Success from 'theorem_hnm_algebra_apbmpcneq0_aeq0anbeq0anceq0': (True, 'theorem hnm_algebra_apbmpcneq0_aeq0anbeq0anceq0 {a b c : ℚ} {m n : ℝ}\n    (h₁ : m ^ 3 = (2 : ℝ)) (h₂ : n ^ 3 = (4 : ℝ))\n    (hposm : (0 : ℝ) < m) (hposn : (0 : ℝ) < n) :\n    n = m ^ 2 := by\n  sorry', 'theorem hnm_algebra_apbmpcneq0_aeq0anbeq0anceq0 {a b c : ℚ} {m n : ℝ}\n    (h₁ : m ^ 3 = (2 : ℝ)) (h₂ : n ^ 3 = (4 : ℝ))\n    (hposm : (0 : ℝ) < m) (hposn : (0 : ℝ) < n) :\n    n = m ^ 2 := by\n  have h₃ : m > 0 := by exact_mod_cast hposm\n  have h₄ : n > 0 := by exact_mod_cast hposn\n  have h₅ : m ^ 3 = 2 := by exact_mod_cast h₁\n  have h₆ : n ^ 3 = 4 := by exact_mod_cast h₂\n  have h₇ : n = m ^ 2 := by\n    have h₈ : (m ^ 2) ^ 3 = 4 := by\n      calc\n        (m ^ 2) ^ 3 = m ^ 6 := by ring\n        _ = (m ^ 3) ^ 2 := by ring\n        _ = 2 ^ 2 := by rw [h₅]\n        _ = 4 := by norm_num\n    have h₉ : n ^ 3 = (m ^ 2) ^ 3 := by\n      calc\n        n ^ 3 = 4 := h₆\n        _ = (m ^ 2) ^ 3 := by rw [h₈]\n    have h₁₀ : n = m ^ 2 := by\n      -- Use the fact that the cube function is injective on positive reals\n      have h₁₁ : 0 < m ^ 2 := by positivity\n      have h₁₂ : 0 < n := by positivity\n      have h₁₃ : 0 < (m ^ 2 : ℝ) := by positivity\n      -- Use the injectivity of the cube function to conclude n = m^2\n      have h₁₄ : n ^ 3 = (m ^ 2) ^ 3 := h₉\n      have h₁₅ : n = m ^ 2 := by\n        -- Use the fact that the cube function is strictly increasing on positive reals\n        have h₁₆ : n > 0 := by positivity\n        have h₁₇ : (m ^ 2 : ℝ) > 0 := by positivity\n        -- Use the property of real numbers to conclude n = m^2\n        have h₁₈ : n ^ 3 = (m ^ 2) ^ 3 := h₉\n        have h₁₉ : n = m ^ 2 := by\n          -- Use the fact that the cube function is injective on positive reals\n          apply le_antisymm\n          · -- Show that n ≤ m^2\n            apply le_of_not_gt\n            intro h\n            -- If n > m^2, then n^3 > (m^2)^3\n            have h₂₀ : n ^ 3 > (m ^ 2) ^ 3 := by\n              gcongr <;> nlinarith [sq_pos_of_pos h₁₆, sq_pos_of_pos h₁₇]\n            linarith\n          · -- Show that n ≥ m^2\n            apply le_of_not_gt\n            intro h\n            -- If n < m^2, then n^3 < (m^2)^3\n            have h₂₀ : n ^ 3 < (m ^ 2) ^ 3 := by\n              gcongr <;> nlinarith [sq_pos_of_pos h₁₆, sq_pos_of_pos h₁₇]\n            linarith\n        exact h₁₉\n      exact h₁₅\n    exact h₁₀\n  exact h₇', None)
[2026-09-11 11:59:44,043][src.models.HILBERTWorker][INFO] - ********************************************************************************
[2026-09-11 11:59:44,043][src.models.HILBERTWorker][INFO] - Generated Formal Proof:
[2026-09-11 11:59:44,044][src.models.HILBERTWorker][INFO] - theorem hS₁_mathd_algebra_158 : (∑ k ∈ Finset.range 8, (2 * k + 1)) = 64 := by ...
[2026-09-11 11:59:44,044][src.models.HILBERTWorker][INFO] - ********************************************************************************
[2026-09-11 11:59:44,172][src.models.HILBERTWorker][INFO] - RESULT: False
[2026-09-11 11:59:44,172][src.models.HILBERTWorker][INFO] - ERROR MESSAGE: 

The provided proof:
```lean4 
import Mathlib
import Aesop

set_option maxHeartbeats 0

open BigOperators Real Nat Topology Rat

theorem hS₁_mathd_algebra_158 : (∑ k ∈ Finset.range 8, (2 * k + 1)) = 64 := by ...
```


Error message from Lean: unexpected token '...'; expected '{' or tactic
The error was encountered while trying to process the following lines:
Error: line number out of range



Error message from Lean: unsolved goals
⊢ ∑ k ∈ Finset.range 8, (2 * k + 1) = 64
The error was encountered while trying to process the following lines:
Error: line number out of range



--- line 180900 ---
```lean4 
import Mathlib
import Aesop

set_option maxHeartbeats 0

open BigOperators Real Nat Topology Rat

theorem hS₁_mathd_algebra_158 : (∑ k ∈ Finset.range 8, (2 * k + 1)) = 64 := by ...
```


Error message from Lean: unexpected token '...'; expected '{' or tactic
The error was encountered while trying to process the following lines:
Error: line number out of range



Error message from Lean: unsolved goals
⊢ ∑ k ∈ Finset.range 8, (2 * k + 1) = 64
The error was encountered while trying to process the following lines:
Error: line number out of range



[2026-09-11 11:59:44,172][src.models.HILBERTWorker][INFO] - Proof verification failed!
[2026-09-11 11:59:44,172][src.models.HILBERTWorker][INFO] - ********************************************************************************
[2026-09-11 11:59:44,173][src.models.HILBERTWorker][INFO] - Error Message:
[2026-09-11 11:59:44,173][src.models.HILBERTWorker][INFO] - 

The provided proof:
```lean4 
import Mathlib
import Aesop

set_option maxHeartbeats 0

open BigOperators Real Nat Topology Rat

--- line 180931 ---
```lean4 
import Mathlib
import Aesop

set_option maxHeartbeats 0

open BigOperators Real Nat Topology Rat

theorem hS₁_mathd_algebra_158 : (∑ k ∈ Finset.range 8, (2 * k + 1)) = 64 := by ...
```


Error message from Lean: unexpected token '...'; expected '{' or tactic
The error was encountered while trying to process the following lines:
Error: line number out of range



Error message from Lean: unsolved goals
⊢ ∑ k ∈ Finset.range 8, (2 * k + 1) = 64
The error was encountered while trying to process the following lines:
Error: line number out of range



[2026-09-11 11:59:44,173][src.models.HILBERTWorker][INFO] - ********************************************************************************
[2026-09-11 11:59:44,173][src.tools.AsyncJobPool][INFO] - ✅ Job 'Task-1676' finished
[2026-09-11 11:59:44,173][src.tools.AsyncJobPool][INFO] - 
All jobs completed, no truthy result found.
[2026-09-11 11:59:44,174][src.models.HILBERTWorker][INFO] - ********************************************************************************
[2026-09-11 11:59:44,174][src.models.HILBERTWorker][INFO] - Checking for mathematical correctness...
[2026-09-11 11:59:44,174][src.models.HILBERTWorker][INFO] - ********************************************************************************
[2026-09-11 11:59:46,522][src.models.HILBERTWorker][INFO] - The subgoal is mathematically correct! Full response:
[2026-09-11 11:59:46,523][src.models.HILBERTWorker][INFO] - YES
<justification>
The sum is taken over the finite set {0,1,…,7}. For each k we have the term 2·k + 1. Computing the sum:

\[

--- line 180983 ---
- `Finset.range 8` is a finite set of natural numbers `{0,1,…,7}`.  
- The summand `2 * k + 1` uses only multiplication and addition on `ℕ`, which are defined.  
- The big‑sum `∑ k ∈ Finset.range 8, 2 * k + 1` therefore has type `ℕ`.  
- The right‑hand side `64` is a natural‑number literal, also of type `ℕ`.  

No division, subtraction, or implicit casts are involved, so there are no type‑mismatch or truncation issues. The statement is mathematically true (the sum of the first eight odd numbers equals \(8^2 = 64\)), and a proof can be supplied in Lean 4 (e.g., by evaluating the sum or using a known formula). Hence the theorem is provable.
</justification>
[2026-09-11 11:59:49,444][src.models.HILBERTWorker][INFO] - The subgoal is correct!
[2026-09-11 11:59:49,444][src.tools.AsyncJobPool][INFO] - ✅ Job 'theorem_hS₁_mathd_algebra_158' finished with result: (True, 'theorem hS₁_mathd_algebra_158 : (∑ k ∈ Finset.range 8, 2 * k + 1) = 64 := by\n  sorry', None, None)
[2026-09-11 11:59:49,444][src.tools.AsyncJobPool][INFO] - 🏆 Success from 'theorem_hS₁_mathd_algebra_158': (True, 'theorem hS₁_mathd_algebra_158 : (∑ k ∈ Finset.range 8, 2 * k + 1) = 64 := by\n  sorry', None, None)
[2026-09-11 12:00:47,688][src.models.HILBERTWorker][INFO] - ********************************************************************************
[2026-09-11 12:00:47,689][src.models.HILBERTWorker][INFO] - Generated Formal Proof:
[2026-09-11 12:00:47,689][src.models.HILBERTWorker][INFO] - theorem h_coeffs_zero_real_algebra_apbmpcneq0_aeq0anbeq0anceq0 {a b c : ℚ} {m : ℝ}
    (h_poly :
        (c : ℝ) * m ^ 2 + (b : ℝ) * m + (a : ℝ) = 0)
    (h_lin_ind :
        LinearIndependent ℚ (fun i : Fin 3 => (![ (1 : ℝ), m, m ^ 2 ] i))) :
    (a : ℝ) = 0 ∧ (b : ℝ) = 0 ∧ (c : ℝ) = 0 := by
  have h_main : a = 0 ∧ b = 0 ∧ c = 0 := by
    -- Define the coefficients as a function from Fin 3 to ℚ
    let q : Fin 3 → ℚ := fun i => match i with
      | ⟨0, _⟩ => a
      | ⟨1, _⟩ => b
      | ⟨2, _⟩ => c
      | ⟨n + 3, _⟩ => by exfalso; omega
    -- Show that the linear combination is zero
    have h_sum : (∑ i : Fin 3, (q i : ℝ) • ( ![ (1 : ℝ), m, m ^ 2 ] i )) = 0 := by
      simp [q, Fin.sum_univ_succ, Fin.val_zero, Fin.val_succ]
      <;>
      (try norm_num) <;>
      (try ring_nf at h_poly ⊢) <;>
      (try simp_all [add_assoc]) <;>
      (try linarith) <;>
      (try norm_cast at h_poly ⊢) <;>
      (try ring_nf at h_poly ⊢) <;>
      (try linarith)
      <;>
      (try

--- line 180984 ---
- The summand `2 * k + 1` uses only multiplication and addition on `ℕ`, which are defined.  
- The big‑sum `∑ k ∈ Finset.range 8, 2 * k + 1` therefore has type `ℕ`.  
- The right‑hand side `64` is a natural‑number literal, also of type `ℕ`.  

No division, subtraction, or implicit casts are involved, so there are no type‑mismatch or truncation issues. The statement is mathematically true (the sum of the first eight odd numbers equals \(8^2 = 64\)), and a proof can be supplied in Lean 4 (e.g., by evaluating the sum or using a known formula). Hence the theorem is provable.
</justification>
[2026-09-11 11:59:49,444][src.models.HILBERTWorker][INFO] - The subgoal is correct!
[2026-09-11 11:59:49,444][src.tools.AsyncJobPool][INFO] - ✅ Job 'theorem_hS₁_mathd_algebra_158' finished with result: (True, 'theorem hS₁_mathd_algebra_158 : (∑ k ∈ Finset.range 8, 2 * k + 1) = 64 := by\n  sorry', None, None)
[2026-09-11 11:59:49,444][src.tools.AsyncJobPool][INFO] - 🏆 Success from 'theorem_hS₁_mathd_algebra_158': (True, 'theorem hS₁_mathd_algebra_158 : (∑ k ∈ Finset.range 8, 2 * k + 1) = 64 := by\n  sorry', None, None)
[2026-09-11 12:00:47,688][src.models.HILBERTWorker][INFO] - ********************************************************************************
[2026-09-11 12:00:47,689][src.models.HILBERTWorker][INFO] - Generated Formal Proof:
[2026-09-11 12:00:47,689][src.models.HILBERTWorker][INFO] - theorem h_coeffs_zero_real_algebra_apbmpcneq0_aeq0anbeq0anceq0 {a b c : ℚ} {m : ℝ}
    (h_poly :
        (c : ℝ) * m ^ 2 + (b : ℝ) * m + (a : ℝ) = 0)
    (h_lin_ind :
        LinearIndependent ℚ (fun i : Fin 3 => (![ (1 : ℝ), m, m ^ 2 ] i))) :
    (a : ℝ) = 0 ∧ (b : ℝ) = 0 ∧ (c : ℝ) = 0 := by
  have h_main : a = 0 ∧ b = 0 ∧ c = 0 := by
    -- Define the coefficients as a function from Fin 3 to ℚ
    let q : Fin 3 → ℚ := fun i => match i with
      | ⟨0, _⟩ => a
      | ⟨1, _⟩ => b
      | ⟨2, _⟩ => c
      | ⟨n + 3, _⟩ => by exfalso; omega
    -- Show that the linear combination is zero
    have h_sum : (∑ i : Fin 3, (q i : ℝ) • ( ![ (1 : ℝ), m, m ^ 2 ] i )) = 0 := by
      simp [q, Fin.sum_univ_succ, Fin.val_zero, Fin.val_succ]
      <;>
      (try norm_num) <;>
      (try ring_nf at h_poly ⊢) <;>
      (try simp_all [add_assoc]) <;>
      (try linarith) <;>
      (try norm_cast at h_poly ⊢) <;>
      (try ring_nf at h_poly ⊢) <;>
      (try linarith)
      <;>
      (try
        {

--- line 181567 ---
          (try norm_num) <;>



[2026-09-11 12:03:01,569][src.models.HILBERTWorker][INFO] - ********************************************************************************
[2026-09-11 12:03:01,570][src.tools.AsyncJobPool][INFO] - ✅ Job 'Task-1775' finished
[2026-09-11 12:03:50,597][src.models.HILBERTWorker][INFO] - ********************************************************************************
[2026-09-11 12:03:50,597][src.models.HILBERTWorker][INFO] - Generated Formal Proof:
[2026-09-11 12:03:50,597][src.models.HILBERTWorker][INFO] - theorem hS₂_mathd_algebra_158 (a : ℕ) : (∑ k in Finset.range 5, (a + 2 * k)) = 5 * a + 20 := by
  simp [Finset.sum_range_succ, Finset.sum_range_succ, Finset.sum_range_succ, Finset.sum_range_succ, Finset.sum_range_succ]
  <;> ring_nf
  <;> norm_num
  <;> omega
[2026-09-11 12:03:50,598][src.models.HILBERTWorker][INFO] - ********************************************************************************
[2026-09-11 12:03:50,957][src.models.HILBERTWorker][INFO] - RESULT: True
[2026-09-11 12:03:50,957][src.models.HILBERTWorker][INFO] - ERROR MESSAGE: None
[2026-09-11 12:03:50,959][src.tools.lean_utils][INFO] - SIGNATURE ONE: theorem hS₂_mathd_algebra_158(a:ℕ):(∑k∈Finset.range 5,a+2*k)=5*a+20
[2026-09-11 12:03:50,960][src.tools.lean_utils][INFO] - SIGNATURE TWO: theorem hS₂_mathd_algebra_158(a:ℕ):(∑k in Finset.range 5,(a+2*k))=5*a+20
[2026-09-11 12:03:50,960][src.models.HILBERTWorker][INFO] - WARNING: Theorem signatures did NOT match
[2026-09-11 12:03:50,960][src.models.HILBERTWorker][INFO] - ****************************************************************************************************
[2026-09-11 12:03:50,960][src.models.HILBERTWorker][INFO] - Generated Formal Proof:
[2026-09-11 12:03:50,960][src.models.HILBERTWorker][INFO] - theorem hS₂_mathd_algebra_158 (a : ℕ) : (∑ k in Finset.range 5, (a + 2 * k)) = 5 * a + 20 := by
  simp [Finset.sum_range_succ, Finset.sum_range_succ, Finset.sum_range_succ, Finset.sum_range_succ, Finset.sum_range_succ]
  <;> ring_nf
  <;> norm_num
  <;> omega
[2026-09-11 12:03:50,961][src.models.HILBERTWorker][INFO] - ****************************************************************************************************
[2026-09-11 12:03:50,961][src.models.HILBERTWorker][INFO] - Input Theorem:
[2026-09-11 12:03:50,961][src.models.HILBERTWorker][INFO] - theorem hS₂_mathd_algebra_158 (a : ℕ) : (∑ k ∈ Finset.range 5, a + 2 * k) = 5 * a + 20 := by
  sorry
[2026-09-11 12:03:50,961][src.models.HILBERTWorker][INFO] - ****************************************************************************************************
[2026-09-11 12:03:50,961][src.models.HILBERTWorker][INFO] - Proof Signature:
[2026-09-11 12:03:50,962][src.models.HILBERTWorker][INFO] - theorem hS₂_mathd_algebra_158 (a : ℕ) : (∑ k in Finset.range 5, (a + 2 * k)) = 5 * a + 20
[2026-09-11 12:03:50,962][src.models.HILBERTWorker][INFO] - ****************************************************************************************************
[2026-09-11 12:03:50,962][src.models.HILBERTWorker][INFO] - Input Theorem Signature:
[2026-09-11 12:03:50,963][src.models.HILBERTWorker][INFO] - theorem hS₂_mathd_algebra_158 (a : ℕ) : (∑ k ∈ Finset.range 5, a + 2 * k) = 5 * a + 20
[2026-09-11 12:03:50,963][src.models.HILBERTWorker][INFO] - ****************************************************************************************************
[2026-09-11 12:03:50,964][src.tools.AsyncJobPool][INFO] - ✅ Job 'Task-1682' finished

--- line 181575 ---
[2026-09-11 12:03:50,597][src.models.HILBERTWorker][INFO] - theorem hS₂_mathd_algebra_158 (a : ℕ) : (∑ k in Finset.range 5, (a + 2 * k)) = 5 * a + 20 := by
  simp [Finset.sum_range_succ, Finset.sum_range_succ, Finset.sum_range_succ, Finset.sum_range_succ, Finset.sum_range_succ]
  <;> ring_nf
  <;> norm_num
  <;> omega
[2026-09-11 12:03:50,598][src.models.HILBERTWorker][INFO] - ********************************************************************************
[2026-09-11 12:03:50,957][src.models.HILBERTWorker][INFO] - RESULT: True
[2026-09-11 12:03:50,957][src.models.HILBERTWorker][INFO] - ERROR MESSAGE: None
[2026-09-11 12:03:50,959][src.tools.lean_utils][INFO] - SIGNATURE ONE: theorem hS₂_mathd_algebra_158(a:ℕ):(∑k∈Finset.range 5,a+2*k)=5*a+20
[2026-09-11 12:03:50,960][src.tools.lean_utils][INFO] - SIGNATURE TWO: theorem hS₂_mathd_algebra_158(a:ℕ):(∑k in Finset.range 5,(a+2*k))=5*a+20
[2026-09-11 12:03:50,960][src.models.HILBERTWorker][INFO] - WARNING: Theorem signatures did NOT match
[2026-09-11 12:03:50,960][src.models.HILBERTWorker][INFO] - ****************************************************************************************************
[2026-09-11 12:03:50,960][src.models.HILBERTWorker][INFO] - Generated Formal Proof:
[2026-09-11 12:03:50,960][src.models.HILBERTWorker][INFO] - theorem hS₂_mathd_algebra_158 (a : ℕ) : (∑ k in Finset.range 5, (a + 2 * k)) = 5 * a + 20 := by
  simp [Finset.sum_range_succ, Finset.sum_range_succ, Finset.sum_range_succ, Finset.sum_range_succ, Finset.sum_range_succ]
  <;> ring_nf
  <;> norm_num
  <;> omega
[2026-09-11 12:03:50,961][src.models.HILBERTWorker][INFO] - ****************************************************************************************************
[2026-09-11 12:03:50,961][src.models.HILBERTWorker][INFO] - Input Theorem:
[2026-09-11 12:03:50,961][src.models.HILBERTWorker][INFO] - theorem hS₂_mathd_algebra_158 (a : ℕ) : (∑ k ∈ Finset.range 5, a + 2 * k) = 5 * a + 20 := by
  sorry
[2026-09-11 12:03:50,961][src.models.HILBERTWorker][INFO] - ****************************************************************************************************
[2026-09-11 12:03:50,961][src.models.HILBERTWorker][INFO] - Proof Signature:
[2026-09-11 12:03:50,962][src.models.HILBERTWorker][INFO] - theorem hS₂_mathd_algebra_158 (a : ℕ) : (∑ k in Finset.range 5, (a + 2 * k)) = 5 * a + 20
[2026-09-11 12:03:50,962][src.models.HILBERTWorker][INFO] - ****************************************************************************************************
[2026-09-11 12:03:50,962][src.models.HILBERTWorker][INFO] - Input Theorem Signature:
[2026-09-11 12:03:50,963][src.models.HILBERTWorker][INFO] - theorem hS₂_mathd_algebra_158 (a : ℕ) : (∑ k ∈ Finset.range 5, a + 2 * k) = 5 * a + 20
[2026-09-11 12:03:50,963][src.models.HILBERTWorker][INFO] - ****************************************************************************************************
[2026-09-11 12:03:50,964][src.tools.AsyncJobPool][INFO] - ✅ Job 'Task-1682' finished
[2026-09-11 12:03:50,964][src.tools.AsyncJobPool][INFO] - 
All jobs completed, no truthy result found.
[2026-09-11 12:03:50,964][src.models.HILBERTWorker][INFO] - ********************************************************************************
[2026-09-11 12:03:50,964][src.models.HILBERTWorker][INFO] - Checking for mathematical correctness...
[2026-09-11 12:03:50,964][src.models.HILBERTWorker][INFO] - ********************************************************************************
[2026-09-11 12:03:53,672][src.models.HILBERTWorker][INFO] - The subgoal is mathematically correct! Full response:
[2026-09-11 12:03:53,673][src.models.HILBERTWorker][INFO] - YES
<justification>

--- line 181576 ---
  simp [Finset.sum_range_succ, Finset.sum_range_succ, Finset.sum_range_succ, Finset.sum_range_succ, Finset.sum_range_succ]
  <;> ring_nf
  <;> norm_num
  <;> omega
[2026-09-11 12:03:50,598][src.models.HILBERTWorker][INFO] - ********************************************************************************
[2026-09-11 12:03:50,957][src.models.HILBERTWorker][INFO] - RESULT: True
[2026-09-11 12:03:50,957][src.models.HILBERTWorker][INFO] - ERROR MESSAGE: None
[2026-09-11 12:03:50,959][src.tools.lean_utils][INFO] - SIGNATURE ONE: theorem hS₂_mathd_algebra_158(a:ℕ):(∑k∈Finset.range 5,a+2*k)=5*a+20
[2026-09-11 12:03:50,960][src.tools.lean_utils][INFO] - SIGNATURE TWO: theorem hS₂_mathd_algebra_158(a:ℕ):(∑k in Finset.range 5,(a+2*k))=5*a+20
[2026-09-11 12:03:50,960][src.models.HILBERTWorker][INFO] - WARNING: Theorem signatures did NOT match
[2026-09-11 12:03:50,960][src.models.HILBERTWorker][INFO] - ****************************************************************************************************
[2026-09-11 12:03:50,960][src.models.HILBERTWorker][INFO] - Generated Formal Proof:
[2026-09-11 12:03:50,960][src.models.HILBERTWorker][INFO] - theorem hS₂_mathd_algebra_158 (a : ℕ) : (∑ k in Finset.range 5, (a + 2 * k)) = 5 * a + 20 := by
  simp [Finset.sum_range_succ, Finset.sum_range_succ, Finset.sum_range_succ, Finset.sum_range_succ, Finset.sum_range_succ]
  <;> ring_nf
  <;> norm_num
  <;> omega
[2026-09-11 12:03:50,961][src.models.HILBERTWorker][INFO] - ****************************************************************************************************
[2026-09-11 12:03:50,961][src.models.HILBERTWorker][INFO] - Input Theorem:
[2026-09-11 12:03:50,961][src.models.HILBERTWorker][INFO] - theorem hS₂_mathd_algebra_158 (a : ℕ) : (∑ k ∈ Finset.range 5, a + 2 * k) = 5 * a + 20 := by
  sorry
[2026-09-11 12:03:50,961][src.models.HILBERTWorker][INFO] - ****************************************************************************************************
[2026-09-11 12:03:50,961][src.models.HILBERTWorker][INFO] - Proof Signature:
[2026-09-11 12:03:50,962][src.models.HILBERTWorker][INFO] - theorem hS₂_mathd_algebra_158 (a : ℕ) : (∑ k in Finset.range 5, (a + 2 * k)) = 5 * a + 20
[2026-09-11 12:03:50,962][src.models.HILBERTWorker][INFO] - ****************************************************************************************************
[2026-09-11 12:03:50,962][src.models.HILBERTWorker][INFO] - Input Theorem Signature:
[2026-09-11 12:03:50,963][src.models.HILBERTWorker][INFO] - theorem hS₂_mathd_algebra_158 (a : ℕ) : (∑ k ∈ Finset.range 5, a + 2 * k) = 5 * a + 20
[2026-09-11 12:03:50,963][src.models.HILBERTWorker][INFO] - ****************************************************************************************************
[2026-09-11 12:03:50,964][src.tools.AsyncJobPool][INFO] - ✅ Job 'Task-1682' finished
[2026-09-11 12:03:50,964][src.tools.AsyncJobPool][INFO] - 
All jobs completed, no truthy result found.
[2026-09-11 12:03:50,964][src.models.HILBERTWorker][INFO] - ********************************************************************************
[2026-09-11 12:03:50,964][src.models.HILBERTWorker][INFO] - Checking for mathematical correctness...
[2026-09-11 12:03:50,964][src.models.HILBERTWorker][INFO] - ********************************************************************************
[2026-09-11 12:03:53,672][src.models.HILBERTWorker][INFO] - The subgoal is mathematically correct! Full response:
[2026-09-11 12:03:53,673][src.models.HILBERTWorker][INFO] - YES
<justification>
The finite sum iterates over the natural numbers \(k = 0,1,2,3,4\).  

--- line 181580 ---
[2026-09-11 12:03:50,598][src.models.HILBERTWorker][INFO] - ********************************************************************************
[2026-09-11 12:03:50,957][src.models.HILBERTWorker][INFO] - RESULT: True
[2026-09-11 12:03:50,957][src.models.HILBERTWorker][INFO] - ERROR MESSAGE: None
[2026-09-11 12:03:50,959][src.tools.lean_utils][INFO] - SIGNATURE ONE: theorem hS₂_mathd_algebra_158(a:ℕ):(∑k∈Finset.range 5,a+2*k)=5*a+20
[2026-09-11 12:03:50,960][src.tools.lean_utils][INFO] - SIGNATURE TWO: theorem hS₂_mathd_algebra_158(a:ℕ):(∑k in Finset.range 5,(a+2*k))=5*a+20
[2026-09-11 12:03:50,960][src.models.HILBERTWorker][INFO] - WARNING: Theorem signatures did NOT match
[2026-09-11 12:03:50,960][src.models.HILBERTWorker][INFO] - ****************************************************************************************************
[2026-09-11 12:03:50,960][src.models.HILBERTWorker][INFO] - Generated Formal Proof:
[2026-09-11 12:03:50,960][src.models.HILBERTWorker][INFO] - theorem hS₂_mathd_algebra_158 (a : ℕ) : (∑ k in Finset.range 5, (a + 2 * k)) = 5 * a + 20 := by
  simp [Finset.sum_range_succ, Finset.sum_range_succ, Finset.sum_range_succ, Finset.sum_range_succ, Finset.sum_range_succ]
  <;> ring_nf
  <;> norm_num
  <;> omega
[2026-09-11 12:03:50,961][src.models.HILBERTWorker][INFO] - ****************************************************************************************************
[2026-09-11 12:03:50,961][src.models.HILBERTWorker][INFO] - Input Theorem:
[2026-09-11 12:03:50,961][src.models.HILBERTWorker][INFO] - theorem hS₂_mathd_algebra_158 (a : ℕ) : (∑ k ∈ Finset.range 5, a + 2 * k) = 5 * a + 20 := by
  sorry
[2026-09-11 12:03:50,961][src.models.HILBERTWorker][INFO] - ****************************************************************************************************
[2026-09-11 12:03:50,961][src.models.HILBERTWorker][INFO] - Proof Signature:
[2026-09-11 12:03:50,962][src.models.HILBERTWorker][INFO] - theorem hS₂_mathd_algebra_158 (a : ℕ) : (∑ k in Finset.range 5, (a + 2 * k)) = 5 * a + 20
[2026-09-11 12:03:50,962][src.models.HILBERTWorker][INFO] - ****************************************************************************************************
[2026-09-11 12:03:50,962][src.models.HILBERTWorker][INFO] - Input Theorem Signature:
[2026-09-11 12:03:50,963][src.models.HILBERTWorker][INFO] - theorem hS₂_mathd_algebra_158 (a : ℕ) : (∑ k ∈ Finset.range 5, a + 2 * k) = 5 * a + 20
[2026-09-11 12:03:50,963][src.models.HILBERTWorker][INFO] - ****************************************************************************************************
[2026-09-11 12:03:50,964][src.tools.AsyncJobPool][INFO] - ✅ Job 'Task-1682' finished
[2026-09-11 12:03:50,964][src.tools.AsyncJobPool][INFO] - 
All jobs completed, no truthy result found.
[2026-09-11 12:03:50,964][src.models.HILBERTWorker][INFO] - ********************************************************************************
[2026-09-11 12:03:50,964][src.models.HILBERTWorker][INFO] - Checking for mathematical correctness...
[2026-09-11 12:03:50,964][src.models.HILBERTWorker][INFO] - ********************************************************************************
[2026-09-11 12:03:53,672][src.models.HILBERTWorker][INFO] - The subgoal is mathematically correct! Full response:
[2026-09-11 12:03:53,673][src.models.HILBERTWorker][INFO] - YES
<justification>
The finite sum iterates over the natural numbers \(k = 0,1,2,3,4\).  
\[
\sum_{k=0}^{4} (a + 2k) = \sum_{k=0}^{4} a \;+\; \sum_{k=0}^{4} 2k
= 5a \;+\; 2\sum_{k=0}^{4} k.
\]

--- line 181587 ---
[2026-09-11 12:03:50,960][src.models.HILBERTWorker][INFO] - Generated Formal Proof:
[2026-09-11 12:03:50,960][src.models.HILBERTWorker][INFO] - theorem hS₂_mathd_algebra_158 (a : ℕ) : (∑ k in Finset.range 5, (a + 2 * k)) = 5 * a + 20 := by
  simp [Finset.sum_range_succ, Finset.sum_range_succ, Finset.sum_range_succ, Finset.sum_range_succ, Finset.sum_range_succ]
  <;> ring_nf
  <;> norm_num
  <;> omega
[2026-09-11 12:03:50,961][src.models.HILBERTWorker][INFO] - ****************************************************************************************************
[2026-09-11 12:03:50,961][src.models.HILBERTWorker][INFO] - Input Theorem:
[2026-09-11 12:03:50,961][src.models.HILBERTWorker][INFO] - theorem hS₂_mathd_algebra_158 (a : ℕ) : (∑ k ∈ Finset.range 5, a + 2 * k) = 5 * a + 20 := by
  sorry
[2026-09-11 12:03:50,961][src.models.HILBERTWorker][INFO] - ****************************************************************************************************
[2026-09-11 12:03:50,961][src.models.HILBERTWorker][INFO] - Proof Signature:
[2026-09-11 12:03:50,962][src.models.HILBERTWorker][INFO] - theorem hS₂_mathd_algebra_158 (a : ℕ) : (∑ k in Finset.range 5, (a + 2 * k)) = 5 * a + 20
[2026-09-11 12:03:50,962][src.models.HILBERTWorker][INFO] - ****************************************************************************************************
[2026-09-11 12:03:50,962][src.models.HILBERTWorker][INFO] - Input Theorem Signature:
[2026-09-11 12:03:50,963][src.models.HILBERTWorker][INFO] - theorem hS₂_mathd_algebra_158 (a : ℕ) : (∑ k ∈ Finset.range 5, a + 2 * k) = 5 * a + 20
[2026-09-11 12:03:50,963][src.models.HILBERTWorker][INFO] - ****************************************************************************************************
[2026-09-11 12:03:50,964][src.tools.AsyncJobPool][INFO] - ✅ Job 'Task-1682' finished
[2026-09-11 12:03:50,964][src.tools.AsyncJobPool][INFO] - 
All jobs completed, no truthy result found.
[2026-09-11 12:03:50,964][src.models.HILBERTWorker][INFO] - ********************************************************************************
[2026-09-11 12:03:50,964][src.models.HILBERTWorker][INFO] - Checking for mathematical correctness...
[2026-09-11 12:03:50,964][src.models.HILBERTWorker][INFO] - ********************************************************************************
[2026-09-11 12:03:53,672][src.models.HILBERTWorker][INFO] - The subgoal is mathematically correct! Full response:
[2026-09-11 12:03:53,673][src.models.HILBERTWorker][INFO] - YES
<justification>
The finite sum iterates over the natural numbers \(k = 0,1,2,3,4\).  
\[
\sum_{k=0}^{4} (a + 2k) = \sum_{k=0}^{4} a \;+\; \sum_{k=0}^{4} 2k
= 5a \;+\; 2\sum_{k=0}^{4} k.
\]
The arithmetic series \(\sum_{k=0}^{4} k = 0+1+2+3+4 = 10\). Hence
\[
5a + 2\cdot 10 = 5a + 20.
\]
Therefore the equality \((\sum k ∈ \text{Finset.range }5,\; a + 2 * k) = 5 * a + 20\) holds for every natural number \(a\). The theorem statement is mathematically correct.
</justification>
[2026-09-11 12:03:57,125][src.models.HILBERTWorker][INFO] - The subgoal is correctly formed! Full response:

--- line 181591 ---
  <;> norm_num
  <;> omega
[2026-09-11 12:03:50,961][src.models.HILBERTWorker][INFO] - ****************************************************************************************************
[2026-09-11 12:03:50,961][src.models.HILBERTWorker][INFO] - Input Theorem:
[2026-09-11 12:03:50,961][src.models.HILBERTWorker][INFO] - theorem hS₂_mathd_algebra_158 (a : ℕ) : (∑ k ∈ Finset.range 5, a + 2 * k) = 5 * a + 20 := by
  sorry
[2026-09-11 12:03:50,961][src.models.HILBERTWorker][INFO] - ****************************************************************************************************
[2026-09-11 12:03:50,961][src.models.HILBERTWorker][INFO] - Proof Signature:
[2026-09-11 12:03:50,962][src.models.HILBERTWorker][INFO] - theorem hS₂_mathd_algebra_158 (a : ℕ) : (∑ k in Finset.range 5, (a + 2 * k)) = 5 * a + 20
[2026-09-11 12:03:50,962][src.models.HILBERTWorker][INFO] - ****************************************************************************************************
[2026-09-11 12:03:50,962][src.models.HILBERTWorker][INFO] - Input Theorem Signature:
[2026-09-11 12:03:50,963][src.models.HILBERTWorker][INFO] - theorem hS₂_mathd_algebra_158 (a : ℕ) : (∑ k ∈ Finset.range 5, a + 2 * k) = 5 * a + 20
[2026-09-11 12:03:50,963][src.models.HILBERTWorker][INFO] - ****************************************************************************************************
[2026-09-11 12:03:50,964][src.tools.AsyncJobPool][INFO] - ✅ Job 'Task-1682' finished
[2026-09-11 12:03:50,964][src.tools.AsyncJobPool][INFO] - 
All jobs completed, no truthy result found.
[2026-09-11 12:03:50,964][src.models.HILBERTWorker][INFO] - ********************************************************************************
[2026-09-11 12:03:50,964][src.models.HILBERTWorker][INFO] - Checking for mathematical correctness...
[2026-09-11 12:03:50,964][src.models.HILBERTWorker][INFO] - ********************************************************************************
[2026-09-11 12:03:53,672][src.models.HILBERTWorker][INFO] - The subgoal is mathematically correct! Full response:
[2026-09-11 12:03:53,673][src.models.HILBERTWorker][INFO] - YES
<justification>
The finite sum iterates over the natural numbers \(k = 0,1,2,3,4\).  
\[
\sum_{k=0}^{4} (a + 2k) = \sum_{k=0}^{4} a \;+\; \sum_{k=0}^{4} 2k
= 5a \;+\; 2\sum_{k=0}^{4} k.
\]
The arithmetic series \(\sum_{k=0}^{4} k = 0+1+2+3+4 = 10\). Hence
\[
5a + 2\cdot 10 = 5a + 20.
\]
Therefore the equality \((\sum k ∈ \text{Finset.range }5,\; a + 2 * k) = 5 * a + 20\) holds for every natural number \(a\). The theorem statement is mathematically correct.
</justification>
[2026-09-11 12:03:57,125][src.models.HILBERTWorker][INFO] - The subgoal is correctly formed! Full response:
[2026-09-11 12:03:57,126][src.models.HILBERTWorker][INFO] - YES
<justification>
The theorem is syntactically correct: it quantifies a natural number `a`, uses a finite sum over `Finset.range 5` with the expression `a + 2 * k`, and equates it to the natural‑number expression `5 * a + 20`. All operations (`+`, `*`) are on `ℕ`, and there are no divisions, subtractions, or type‑casting issues. The statement is well‑formed and can be proved in Lean 4 (e.g., by evaluating the sum or using `Finset.sum_range_succ` and arithmetic lemmas). Hence the theorem is provable.
</justification>

--- line 181594 ---
[2026-09-11 12:03:50,961][src.models.HILBERTWorker][INFO] - Input Theorem:
[2026-09-11 12:03:50,961][src.models.HILBERTWorker][INFO] - theorem hS₂_mathd_algebra_158 (a : ℕ) : (∑ k ∈ Finset.range 5, a + 2 * k) = 5 * a + 20 := by
  sorry
[2026-09-11 12:03:50,961][src.models.HILBERTWorker][INFO] - ****************************************************************************************************
[2026-09-11 12:03:50,961][src.models.HILBERTWorker][INFO] - Proof Signature:
[2026-09-11 12:03:50,962][src.models.HILBERTWorker][INFO] - theorem hS₂_mathd_algebra_158 (a : ℕ) : (∑ k in Finset.range 5, (a + 2 * k)) = 5 * a + 20
[2026-09-11 12:03:50,962][src.models.HILBERTWorker][INFO] - ****************************************************************************************************
[2026-09-11 12:03:50,962][src.models.HILBERTWorker][INFO] - Input Theorem Signature:
[2026-09-11 12:03:50,963][src.models.HILBERTWorker][INFO] - theorem hS₂_mathd_algebra_158 (a : ℕ) : (∑ k ∈ Finset.range 5, a + 2 * k) = 5 * a + 20
[2026-09-11 12:03:50,963][src.models.HILBERTWorker][INFO] - ****************************************************************************************************
[2026-09-11 12:03:50,964][src.tools.AsyncJobPool][INFO] - ✅ Job 'Task-1682' finished
[2026-09-11 12:03:50,964][src.tools.AsyncJobPool][INFO] - 
All jobs completed, no truthy result found.
[2026-09-11 12:03:50,964][src.models.HILBERTWorker][INFO] - ********************************************************************************
[2026-09-11 12:03:50,964][src.models.HILBERTWorker][INFO] - Checking for mathematical correctness...
[2026-09-11 12:03:50,964][src.models.HILBERTWorker][INFO] - ********************************************************************************
[2026-09-11 12:03:53,672][src.models.HILBERTWorker][INFO] - The subgoal is mathematically correct! Full response:
[2026-09-11 12:03:53,673][src.models.HILBERTWorker][INFO] - YES
<justification>
The finite sum iterates over the natural numbers \(k = 0,1,2,3,4\).  
\[
\sum_{k=0}^{4} (a + 2k) = \sum_{k=0}^{4} a \;+\; \sum_{k=0}^{4} 2k
= 5a \;+\; 2\sum_{k=0}^{4} k.
\]
The arithmetic series \(\sum_{k=0}^{4} k = 0+1+2+3+4 = 10\). Hence
\[
5a + 2\cdot 10 = 5a + 20.
\]
Therefore the equality \((\sum k ∈ \text{Finset.range }5,\; a + 2 * k) = 5 * a + 20\) holds for every natural number \(a\). The theorem statement is mathematically correct.
</justification>
[2026-09-11 12:03:57,125][src.models.HILBERTWorker][INFO] - The subgoal is correctly formed! Full response:
[2026-09-11 12:03:57,126][src.models.HILBERTWorker][INFO] - YES
<justification>
The theorem is syntactically correct: it quantifies a natural number `a`, uses a finite sum over `Finset.range 5` with the expression `a + 2 * k`, and equates it to the natural‑number expression `5 * a + 20`. All operations (`+`, `*`) are on `ℕ`, and there are no divisions, subtractions, or type‑casting issues. The statement is well‑formed and can be proved in Lean 4 (e.g., by evaluating the sum or using `Finset.sum_range_succ` and arithmetic lemmas). Hence the theorem is provable.
</justification>
[2026-09-11 12:03:57,126][src.models.HILBERTWorker][INFO] - The subgoal is correct!
[2026-09-11 12:03:57,126][src.tools.AsyncJobPool][INFO] - ✅ Job 'theorem_hS₂_mathd_algebra_158' finished with result: (True, 'theorem hS₂_mathd_algebra_158 (a : ℕ) : (∑ k ∈ Finset.range 5, a + 2 * k) = 5 * a + 20 := by\n  sorry', None, None)
[2026-09-11 12:03:57,126][src.tools.AsyncJobPool][INFO] - 🏆 Success from 'theorem_hS₂_mathd_algebra_158': (True, 'theorem hS₂_mathd_algebra_158 (a : ℕ) : (∑ k ∈ Finset.range 5, a + 2 * k) = 5 * a + 20 := by\n  sorry', None, None)

--- line 181622 ---
Therefore the equality \((\sum k ∈ \text{Finset.range }5,\; a + 2 * k) = 5 * a + 20\) holds for every natural number \(a\). The theorem statement is mathematically correct.
</justification>
[2026-09-11 12:03:57,125][src.models.HILBERTWorker][INFO] - The subgoal is correctly formed! Full response:
[2026-09-11 12:03:57,126][src.models.HILBERTWorker][INFO] - YES
<justification>
The theorem is syntactically correct: it quantifies a natural number `a`, uses a finite sum over `Finset.range 5` with the expression `a + 2 * k`, and equates it to the natural‑number expression `5 * a + 20`. All operations (`+`, `*`) are on `ℕ`, and there are no divisions, subtractions, or type‑casting issues. The statement is well‑formed and can be proved in Lean 4 (e.g., by evaluating the sum or using `Finset.sum_range_succ` and arithmetic lemmas). Hence the theorem is provable.
</justification>
[2026-09-11 12:03:57,126][src.models.HILBERTWorker][INFO] - The subgoal is correct!
[2026-09-11 12:03:57,126][src.tools.AsyncJobPool][INFO] - ✅ Job 'theorem_hS₂_mathd_algebra_158' finished with result: (True, 'theorem hS₂_mathd_algebra_158 (a : ℕ) : (∑ k ∈ Finset.range 5, a + 2 * k) = 5 * a + 20 := by\n  sorry', None, None)
[2026-09-11 12:03:57,126][src.tools.AsyncJobPool][INFO] - 🏆 Success from 'theorem_hS₂_mathd_algebra_158': (True, 'theorem hS₂_mathd_algebra_158 (a : ℕ) : (∑ k ∈ Finset.range 5, a + 2 * k) = 5 * a + 20 := by\n  sorry', None, None)
[2026-09-11 12:03:57,127][src.tools.AsyncJobPool][INFO] - 
🎉 All 7 jobs completed successfully!
[2026-09-11 12:03:57,127][src.models.HILBERTWorker][INFO] - ********************************************************************************
[2026-09-11 12:03:57,127][src.models.HILBERTWorker][INFO] - Corrected proof sketch (attempt 1)
[2026-09-11 12:03:57,127][src.models.HILBERTWorker][INFO] - ********************************************************************************
[2026-09-11 12:03:57,127][src.models.HILBERTWorker][INFO] - theorem mathd_algebra_158 (a : ℕ) (h₀ : Even a)
    (h₁ : ↑(∑ k ∈ Finset.range 8, 2 * k + 1) - ↑(∑ k ∈ Finset.range 5, a + 2 * k) = (4 : ℤ)) :
    a = 8 := by
  have hS₁ : (∑ k ∈ Finset.range 8, 2 * k + 1) = 64 := by
    exact hS₁_mathd_algebra_158
  have hS₂ : (∑ k ∈ Finset.range 5, a + 2 * k) = 5 * a + 20 := by
    exact hS₂_mathd_algebra_158 a
  have h_eq :
      (↑(∑ k ∈ Finset.range 8, 2 * k + 1) : ℤ) -
        (↑(∑ k ∈ Finset.range 5, a + 2 * k) : ℤ) = (4 : ℤ) := by
    exact h_eq_mathd_algebra_158 a h₁
  have h_int : (64 : ℤ) - (5 * a + 20 : ℤ) = (4 : ℤ) := by
    exact h_int_mathd_algebra_158 a h_eq hS₁ hS₂
  have h_mul : (5 * a : ℤ) = (40 : ℤ) := by
    exact h_mul_mathd_algebra_158 a h_int
  have h_mul_nat : 5 * a = 40 := by
    exact h_mul_nat_mathd_algebra_158 a h_mul
  have h_a : a = 8 := by
    exact h_a_mathd_algebra_158 a h₀ h_mul_nat
  exact h_a
[2026-09-11 12:03:57,131][src.models.HILBERTWorker][INFO] - Added 7 subgoals to proof tree
[2026-09-11 12:03:57,131][src.models.HILBERTWorker][INFO] - 
================================================================================

--- line 181623 ---
</justification>
[2026-09-11 12:03:57,125][src.models.HILBERTWorker][INFO] - The subgoal is correctly formed! Full response:
[2026-09-11 12:03:57,126][src.models.HILBERTWorker][INFO] - YES
<justification>
The theorem is syntactically correct: it quantifies a natural number `a`, uses a finite sum over `Finset.range 5` with the expression `a + 2 * k`, and equates it to the natural‑number expression `5 * a + 20`. All operations (`+`, `*`) are on `ℕ`, and there are no divisions, subtractions, or type‑casting issues. The statement is well‑formed and can be proved in Lean 4 (e.g., by evaluating the sum or using `Finset.sum_range_succ` and arithmetic lemmas). Hence the theorem is provable.
</justification>
[2026-09-11 12:03:57,126][src.models.HILBERTWorker][INFO] - The subgoal is correct!
[2026-09-11 12:03:57,126][src.tools.AsyncJobPool][INFO] - ✅ Job 'theorem_hS₂_mathd_algebra_158' finished with result: (True, 'theorem hS₂_mathd_algebra_158 (a : ℕ) : (∑ k ∈ Finset.range 5, a + 2 * k) = 5 * a + 20 := by\n  sorry', None, None)
[2026-09-11 12:03:57,126][src.tools.AsyncJobPool][INFO] - 🏆 Success from 'theorem_hS₂_mathd_algebra_158': (True, 'theorem hS₂_mathd_algebra_158 (a : ℕ) : (∑ k ∈ Finset.range 5, a + 2 * k) = 5 * a + 20 := by\n  sorry', None, None)
[2026-09-11 12:03:57,127][src.tools.AsyncJobPool][INFO] - 
🎉 All 7 jobs completed successfully!
[2026-09-11 12:03:57,127][src.models.HILBERTWorker][INFO] - ********************************************************************************
[2026-09-11 12:03:57,127][src.models.HILBERTWorker][INFO] - Corrected proof sketch (attempt 1)
[2026-09-11 12:03:57,127][src.models.HILBERTWorker][INFO] - ********************************************************************************
[2026-09-11 12:03:57,127][src.models.HILBERTWorker][INFO] - theorem mathd_algebra_158 (a : ℕ) (h₀ : Even a)
    (h₁ : ↑(∑ k ∈ Finset.range 8, 2 * k + 1) - ↑(∑ k ∈ Finset.range 5, a + 2 * k) = (4 : ℤ)) :
    a = 8 := by
  have hS₁ : (∑ k ∈ Finset.range 8, 2 * k + 1) = 64 := by
    exact hS₁_mathd_algebra_158
  have hS₂ : (∑ k ∈ Finset.range 5, a + 2 * k) = 5 * a + 20 := by
    exact hS₂_mathd_algebra_158 a
  have h_eq :
      (↑(∑ k ∈ Finset.range 8, 2 * k + 1) : ℤ) -
        (↑(∑ k ∈ Finset.range 5, a + 2 * k) : ℤ) = (4 : ℤ) := by
    exact h_eq_mathd_algebra_158 a h₁
  have h_int : (64 : ℤ) - (5 * a + 20 : ℤ) = (4 : ℤ) := by
    exact h_int_mathd_algebra_158 a h_eq hS₁ hS₂
  have h_mul : (5 * a : ℤ) = (40 : ℤ) := by
    exact h_mul_mathd_algebra_158 a h_int
  have h_mul_nat : 5 * a = 40 := by
    exact h_mul_nat_mathd_algebra_158 a h_mul
  have h_a : a = 8 := by
    exact h_a_mathd_algebra_158 a h₀ h_mul_nat
  exact h_a
[2026-09-11 12:03:57,131][src.models.HILBERTWorker][INFO] - Added 7 subgoals to proof tree
[2026-09-11 12:03:57,131][src.models.HILBERTWorker][INFO] - 
================================================================================
[2026-09-11 12:03:57,131][src.models.HILBERTWorker][INFO] - PROOF PROGRESS TREE

--- line 181633 ---
🎉 All 7 jobs completed successfully!
[2026-09-11 12:03:57,127][src.models.HILBERTWorker][INFO] - ********************************************************************************
[2026-09-11 12:03:57,127][src.models.HILBERTWorker][INFO] - Corrected proof sketch (attempt 1)
[2026-09-11 12:03:57,127][src.models.HILBERTWorker][INFO] - ********************************************************************************
[2026-09-11 12:03:57,127][src.models.HILBERTWorker][INFO] - theorem mathd_algebra_158 (a : ℕ) (h₀ : Even a)
    (h₁ : ↑(∑ k ∈ Finset.range 8, 2 * k + 1) - ↑(∑ k ∈ Finset.range 5, a + 2 * k) = (4 : ℤ)) :
    a = 8 := by
  have hS₁ : (∑ k ∈ Finset.range 8, 2 * k + 1) = 64 := by
    exact hS₁_mathd_algebra_158
  have hS₂ : (∑ k ∈ Finset.range 5, a + 2 * k) = 5 * a + 20 := by
    exact hS₂_mathd_algebra_158 a
  have h_eq :
      (↑(∑ k ∈ Finset.range 8, 2 * k + 1) : ℤ) -
        (↑(∑ k ∈ Finset.range 5, a + 2 * k) : ℤ) = (4 : ℤ) := by
    exact h_eq_mathd_algebra_158 a h₁
  have h_int : (64 : ℤ) - (5 * a + 20 : ℤ) = (4 : ℤ) := by
    exact h_int_mathd_algebra_158 a h_eq hS₁ hS₂
  have h_mul : (5 * a : ℤ) = (40 : ℤ) := by
    exact h_mul_mathd_algebra_158 a h_int
  have h_mul_nat : 5 * a = 40 := by
    exact h_mul_nat_mathd_algebra_158 a h_mul
  have h_a : a = 8 := by
    exact h_a_mathd_algebra_158 a h₀ h_mul_nat
  exact h_a
[2026-09-11 12:03:57,131][src.models.HILBERTWorker][INFO] - Added 7 subgoals to proof tree
[2026-09-11 12:03:57,131][src.models.HILBERTWorker][INFO] - 
================================================================================
[2026-09-11 12:03:57,131][src.models.HILBERTWorker][INFO] - PROOF PROGRESS TREE
[2026-09-11 12:03:57,132][src.models.HILBERTWorker][INFO] - ================================================================================
[2026-09-11 12:03:57,132][src.models.HILBERTWorker][INFO] - └─ 🔄 mathd_algebra_158: theorem mathd_algebra_158 (a : ℕ) (h₀ : Even a)     (h₁ : ↑(∑ k ∈ Finset.range 8, 2 * k + 1) - ↑(∑ k... [SUBGOAL_DECOMP]
    ├─ ⏳ h_a_mathd_algebra_158: theorem h_a_mathd_algebra_158 (a : ℕ) (h₀ : Even a) (h_mul_nat : 5 * a = 40) :     a = 8 := by   sor... (depth 1)
    ├─ ⏳ h_mul_mathd_algebra_158: theorem h_mul_mathd_algebra_158 (a : ℕ)     (h_int : (64 : ℤ) - (5 * a + 20 : ℤ) = (4 : ℤ)) :     (5... (depth 1)
    ├─ ⏳ h_mul_nat_mathd_algebra_158: theorem h_mul_nat_mathd_algebra_158 (a : ℕ)     (h_mul : (5 * a : ℤ) = (40 : ℤ)) :     5 * a = 40 :=... (depth 1)
    ├─ ⏳ h_int_mathd_algebra_158: theorem h_int_mathd_algebra_158 (a : ℕ)     (h_eq :       (↑(∑ k ∈ Finset.range 8, 2 * k + 1) : ℤ) -... (depth 1)
    ├─ ⏳ h_eq_mathd_algebra_158: theorem h_eq_mathd_algebra_158 (a : ℕ)     (h₁ : (↑(∑ k ∈ Finset.range 8, 2 * k + 1) : ℤ) -         ... (depth 1)
    ├─ ⏳ hS₁_mathd_algebra_158: theorem hS₁_mathd_algebra_158 : (∑ k ∈ Finset.range 8, 2 * k + 1) = 64 := by   sorry... (depth 1)
    └─ ⏳ hS₂_mathd_algebra_158: theorem hS₂_mathd_algebra_158 (a : ℕ) : (∑ k ∈ Finset.range 5, a + 2 * k) = 5 * a + 20 := by   sorry... (depth 1)
[2026-09-11 12:03:57,134][src.models.HILBERTWorker][INFO] - ================================================================================

--- line 181635 ---
[2026-09-11 12:03:57,127][src.models.HILBERTWorker][INFO] - Corrected proof sketch (attempt 1)
[2026-09-11 12:03:57,127][src.models.HILBERTWorker][INFO] - ********************************************************************************
[2026-09-11 12:03:57,127][src.models.HILBERTWorker][INFO] - theorem mathd_algebra_158 (a : ℕ) (h₀ : Even a)
    (h₁ : ↑(∑ k ∈ Finset.range 8, 2 * k + 1) - ↑(∑ k ∈ Finset.range 5, a + 2 * k) = (4 : ℤ)) :
    a = 8 := by
  have hS₁ : (∑ k ∈ Finset.range 8, 2 * k + 1) = 64 := by
    exact hS₁_mathd_algebra_158
  have hS₂ : (∑ k ∈ Finset.range 5, a + 2 * k) = 5 * a + 20 := by
    exact hS₂_mathd_algebra_158 a
  have h_eq :
      (↑(∑ k ∈ Finset.range 8, 2 * k + 1) : ℤ) -
        (↑(∑ k ∈ Finset.range 5, a + 2 * k) : ℤ) = (4 : ℤ) := by
    exact h_eq_mathd_algebra_158 a h₁
  have h_int : (64 : ℤ) - (5 * a + 20 : ℤ) = (4 : ℤ) := by
    exact h_int_mathd_algebra_158 a h_eq hS₁ hS₂
  have h_mul : (5 * a : ℤ) = (40 : ℤ) := by
    exact h_mul_mathd_algebra_158 a h_int
  have h_mul_nat : 5 * a = 40 := by
    exact h_mul_nat_mathd_algebra_158 a h_mul
  have h_a : a = 8 := by
    exact h_a_mathd_algebra_158 a h₀ h_mul_nat
  exact h_a
[2026-09-11 12:03:57,131][src.models.HILBERTWorker][INFO] - Added 7 subgoals to proof tree
[2026-09-11 12:03:57,131][src.models.HILBERTWorker][INFO] - 
================================================================================
[2026-09-11 12:03:57,131][src.models.HILBERTWorker][INFO] - PROOF PROGRESS TREE
[2026-09-11 12:03:57,132][src.models.HILBERTWorker][INFO] - ================================================================================
[2026-09-11 12:03:57,132][src.models.HILBERTWorker][INFO] - └─ 🔄 mathd_algebra_158: theorem mathd_algebra_158 (a : ℕ) (h₀ : Even a)     (h₁ : ↑(∑ k ∈ Finset.range 8, 2 * k + 1) - ↑(∑ k... [SUBGOAL_DECOMP]
    ├─ ⏳ h_a_mathd_algebra_158: theorem h_a_mathd_algebra_158 (a : ℕ) (h₀ : Even a) (h_mul_nat : 5 * a = 40) :     a = 8 := by   sor... (depth 1)
    ├─ ⏳ h_mul_mathd_algebra_158: theorem h_mul_mathd_algebra_158 (a : ℕ)     (h_int : (64 : ℤ) - (5 * a + 20 : ℤ) = (4 : ℤ)) :     (5... (depth 1)
    ├─ ⏳ h_mul_nat_mathd_algebra_158: theorem h_mul_nat_mathd_algebra_158 (a : ℕ)     (h_mul : (5 * a : ℤ) = (40 : ℤ)) :     5 * a = 40 :=... (depth 1)
    ├─ ⏳ h_int_mathd_algebra_158: theorem h_int_mathd_algebra_158 (a : ℕ)     (h_eq :       (↑(∑ k ∈ Finset.range 8, 2 * k + 1) : ℤ) -... (depth 1)
    ├─ ⏳ h_eq_mathd_algebra_158: theorem h_eq_mathd_algebra_158 (a : ℕ)     (h₁ : (↑(∑ k ∈ Finset.range 8, 2 * k + 1) : ℤ) -         ... (depth 1)
    ├─ ⏳ hS₁_mathd_algebra_158: theorem hS₁_mathd_algebra_158 : (∑ k ∈ Finset.range 8, 2 * k + 1) = 64 := by   sorry... (depth 1)
    └─ ⏳ hS₂_mathd_algebra_158: theorem hS₂_mathd_algebra_158 (a : ℕ) : (∑ k ∈ Finset.range 5, a + 2 * k) = 5 * a + 20 := by   sorry... (depth 1)
[2026-09-11 12:03:57,134][src.models.HILBERTWorker][INFO] - ================================================================================
[2026-09-11 12:03:57,134][src.models.HILBERTWorker][INFO] - 


--- line 181660 ---
[2026-09-11 12:03:57,131][src.models.HILBERTWorker][INFO] - PROOF PROGRESS TREE
[2026-09-11 12:03:57,132][src.models.HILBERTWorker][INFO] - ================================================================================
[2026-09-11 12:03:57,132][src.models.HILBERTWorker][INFO] - └─ 🔄 mathd_algebra_158: theorem mathd_algebra_158 (a : ℕ) (h₀ : Even a)     (h₁ : ↑(∑ k ∈ Finset.range 8, 2 * k + 1) - ↑(∑ k... [SUBGOAL_DECOMP]
    ├─ ⏳ h_a_mathd_algebra_158: theorem h_a_mathd_algebra_158 (a : ℕ) (h₀ : Even a) (h_mul_nat : 5 * a = 40) :     a = 8 := by   sor... (depth 1)
    ├─ ⏳ h_mul_mathd_algebra_158: theorem h_mul_mathd_algebra_158 (a : ℕ)     (h_int : (64 : ℤ) - (5 * a + 20 : ℤ) = (4 : ℤ)) :     (5... (depth 1)
    ├─ ⏳ h_mul_nat_mathd_algebra_158: theorem h_mul_nat_mathd_algebra_158 (a : ℕ)     (h_mul : (5 * a : ℤ) = (40 : ℤ)) :     5 * a = 40 :=... (depth 1)
    ├─ ⏳ h_int_mathd_algebra_158: theorem h_int_mathd_algebra_158 (a : ℕ)     (h_eq :       (↑(∑ k ∈ Finset.range 8, 2 * k + 1) : ℤ) -... (depth 1)
    ├─ ⏳ h_eq_mathd_algebra_158: theorem h_eq_mathd_algebra_158 (a : ℕ)     (h₁ : (↑(∑ k ∈ Finset.range 8, 2 * k + 1) : ℤ) -         ... (depth 1)
    ├─ ⏳ hS₁_mathd_algebra_158: theorem hS₁_mathd_algebra_158 : (∑ k ∈ Finset.range 8, 2 * k + 1) = 64 := by   sorry... (depth 1)
    └─ ⏳ hS₂_mathd_algebra_158: theorem hS₂_mathd_algebra_158 (a : ℕ) : (∑ k ∈ Finset.range 5, a + 2 * k) = 5 * a + 20 := by   sorry... (depth 1)
[2026-09-11 12:03:57,134][src.models.HILBERTWorker][INFO] - ================================================================================
[2026-09-11 12:03:57,134][src.models.HILBERTWorker][INFO] - 

[2026-09-11 12:03:57,135][src.models.HILBERTWorker][INFO] - ALL EXTRACTED THEOREMS
[2026-09-11 12:03:57,135][src.models.HILBERTWorker][INFO] - ['theorem h_a_mathd_algebra_158 (a : ℕ) (h₀ : Even a) (h_mul_nat : 5 * a = 40) :\n    a = 8 := by\n  sorry', 'theorem h_mul_mathd_algebra_158 (a : ℕ)\n    (h_int : (64 : ℤ) - (5 * a + 20 : ℤ) = (4 : ℤ)) :\n    (5 * a : ℤ) = (40 : ℤ) := by\n  sorry', 'theorem h_mul_nat_mathd_algebra_158 (a : ℕ)\n    (h_mul : (5 * a : ℤ) = (40 : ℤ)) :\n    5 * a = 40 := by\n  sorry', 'theorem h_int_mathd_algebra_158 (a : ℕ)\n    (h_eq :\n      (↑(∑ k ∈ Finset.range 8, 2 * k + 1) : ℤ) -\n        (↑(∑ k ∈ Finset.range 5, a + 2 * k) : ℤ) = (4 : ℤ))\n    (hS₁ : (∑ k ∈ Finset.range 8, 2 * k + 1) = 64)\n    (hS₂ : (∑ k ∈ Finset.range 5, a + 2 * k) = 5 * a + 20) :\n    (64 : ℤ) - (5 * a + 20 : ℤ) = (4 : ℤ) := by\n  sorry', 'theorem h_eq_mathd_algebra_158 (a : ℕ)\n    (h₁ : (↑(∑ k ∈ Finset.range 8, 2 * k + 1) : ℤ) -\n        (↑(∑ k ∈ Finset.range 5, a + 2 * k) : ℤ) = (4 : ℤ)) :\n    (↑(∑ k ∈ Finset.range 8, 2 * k + 1) : ℤ) -\n      (↑(∑ k ∈ Finset.range 5, a + 2 * k) : ℤ) = (4 : ℤ) := by\n  sorry', 'theorem hS₁_mathd_algebra_158 : (∑ k ∈ Finset.range 8, 2 * k + 1) = 64 := by\n  sorry', 'theorem hS₂_mathd_algebra_158 (a : ℕ) : (∑ k ∈ Finset.range 5, a + 2 * k) = 5 * a + 20 := by\n  sorry']
[2026-09-11 12:03:57,135][src.models.HILBERTWorker][INFO] - ********************************************************************************
[2026-09-11 12:03:57,136][src.models.HILBERTWorker][INFO] - Verifying Theorem
[2026-09-11 12:03:57,136][src.models.HILBERTWorker][INFO] - theorem h_a_mathd_algebra_158 (a : ℕ) (h₀ : Even a) (h_mul_nat : 5 * a = 40) :
    a = 8 := by
  sorry
[2026-09-11 12:03:57,136][src.models.HILBERTWorker][INFO] - ********************************************************************************
[2026-09-11 12:03:57,136][src.models.HILBERTWorker][INFO] - Theorem already proved
[2026-09-11 12:03:57,136][src.models.HILBERTWorker][INFO] - ********************************************************************************
[2026-09-11 12:03:57,137][src.models.HILBERTWorker][INFO] - ********************************************************************************
[2026-09-11 12:03:57,137][src.models.HILBERTWorker][INFO] - Verifying Theorem
[2026-09-11 12:03:57,137][src.models.HILBERTWorker][INFO] - theorem h_mul_mathd_algebra_158 (a : ℕ)
    (h_int : (64 : ℤ) - (5 * a + 20 : ℤ) = (4 : ℤ)) :
    (5 * a : ℤ) = (40 : ℤ) := by
  sorry
[2026-09-11 12:03:57,137][src.models.HILBERTWorker][INFO] - ********************************************************************************
[2026-09-11 12:03:57,137][src.models.HILBERTWorker][INFO] - Theorem already proved
[2026-09-11 12:03:57,137][src.models.HILBERTWorker][INFO] - ********************************************************************************
[2026-09-11 12:03:57,138][src.models.HILBERTWorker][INFO] - ********************************************************************************
[2026-09-11 12:03:57,138][src.models.HILBERTWorker][INFO] - Verifying Theorem
[2026-09-11 12:03:57,138][src.models.HILBERTWorker][INFO] - theorem h_mul_nat_mathd_algebra_158 (a : ℕ)
    (h_mul : (5 * a : ℤ) = (40 : ℤ)) :
    5 * a = 40 := by
  sorry

--- line 181661 ---
[2026-09-11 12:03:57,132][src.models.HILBERTWorker][INFO] - ================================================================================
[2026-09-11 12:03:57,132][src.models.HILBERTWorker][INFO] - └─ 🔄 mathd_algebra_158: theorem mathd_algebra_158 (a : ℕ) (h₀ : Even a)     (h₁ : ↑(∑ k ∈ Finset.range 8, 2 * k + 1) - ↑(∑ k... [SUBGOAL_DECOMP]
    ├─ ⏳ h_a_mathd_algebra_158: theorem h_a_mathd_algebra_158 (a : ℕ) (h₀ : Even a) (h_mul_nat : 5 * a = 40) :     a = 8 := by   sor... (depth 1)
    ├─ ⏳ h_mul_mathd_algebra_158: theorem h_mul_mathd_algebra_158 (a : ℕ)     (h_int : (64 : ℤ) - (5 * a + 20 : ℤ) = (4 : ℤ)) :     (5... (depth 1)
    ├─ ⏳ h_mul_nat_mathd_algebra_158: theorem h_mul_nat_mathd_algebra_158 (a : ℕ)     (h_mul : (5 * a : ℤ) = (40 : ℤ)) :     5 * a = 40 :=... (depth 1)
    ├─ ⏳ h_int_mathd_algebra_158: theorem h_int_mathd_algebra_158 (a : ℕ)     (h_eq :       (↑(∑ k ∈ Finset.range 8, 2 * k + 1) : ℤ) -... (depth 1)
    ├─ ⏳ h_eq_mathd_algebra_158: theorem h_eq_mathd_algebra_158 (a : ℕ)     (h₁ : (↑(∑ k ∈ Finset.range 8, 2 * k + 1) : ℤ) -         ... (depth 1)
    ├─ ⏳ hS₁_mathd_algebra_158: theorem hS₁_mathd_algebra_158 : (∑ k ∈ Finset.range 8, 2 * k + 1) = 64 := by   sorry... (depth 1)
    └─ ⏳ hS₂_mathd_algebra_158: theorem hS₂_mathd_algebra_158 (a : ℕ) : (∑ k ∈ Finset.range 5, a + 2 * k) = 5 * a + 20 := by   sorry... (depth 1)
[2026-09-11 12:03:57,134][src.models.HILBERTWorker][INFO] - ================================================================================
[2026-09-11 12:03:57,134][src.models.HILBERTWorker][INFO] - 

[2026-09-11 12:03:57,135][src.models.HILBERTWorker][INFO] - ALL EXTRACTED THEOREMS
[2026-09-11 12:03:57,135][src.models.HILBERTWorker][INFO] - ['theorem h_a_mathd_algebra_158 (a : ℕ) (h₀ : Even a) (h_mul_nat : 5 * a = 40) :\n    a = 8 := by\n  sorry', 'theorem h_mul_mathd_algebra_158 (a : ℕ)\n    (h_int : (64 : ℤ) - (5 * a + 20 : ℤ) = (4 : ℤ)) :\n    (5 * a : ℤ) = (40 : ℤ) := by\n  sorry', 'theorem h_mul_nat_mathd_algebra_158 (a : ℕ)\n    (h_mul : (5 * a : ℤ) = (40 : ℤ)) :\n    5 * a = 40 := by\n  sorry', 'theorem h_int_mathd_algebra_158 (a : ℕ)\n    (h_eq :\n      (↑(∑ k ∈ Finset.range 8, 2 * k + 1) : ℤ) -\n        (↑(∑ k ∈ Finset.range 5, a + 2 * k) : ℤ) = (4 : ℤ))\n    (hS₁ : (∑ k ∈ Finset.range 8, 2 * k + 1) = 64)\n    (hS₂ : (∑ k ∈ Finset.range 5, a + 2 * k) = 5 * a + 20) :\n    (64 : ℤ) - (5 * a + 20 : ℤ) = (4 : ℤ) := by\n  sorry', 'theorem h_eq_mathd_algebra_158 (a : ℕ)\n    (h₁ : (↑(∑ k ∈ Finset.range 8, 2 * k + 1) : ℤ) -\n        (↑(∑ k ∈ Finset.range 5, a + 2 * k) : ℤ) = (4 : ℤ)) :\n    (↑(∑ k ∈ Finset.range 8, 2 * k + 1) : ℤ) -\n      (↑(∑ k ∈ Finset.range 5, a + 2 * k) : ℤ) = (4 : ℤ) := by\n  sorry', 'theorem hS₁_mathd_algebra_158 : (∑ k ∈ Finset.range 8, 2 * k + 1) = 64 := by\n  sorry', 'theorem hS₂_mathd_algebra_158 (a : ℕ) : (∑ k ∈ Finset.range 5, a + 2 * k) = 5 * a + 20 := by\n  sorry']
[2026-09-11 12:03:57,135][src.models.HILBERTWorker][INFO] - ********************************************************************************
[2026-09-11 12:03:57,136][src.models.HILBERTWorker][INFO] - Verifying Theorem
[2026-09-11 12:03:57,136][src.models.HILBERTWorker][INFO] - theorem h_a_mathd_algebra_158 (a : ℕ) (h₀ : Even a) (h_mul_nat : 5 * a = 40) :
    a = 8 := by
  sorry
[2026-09-11 12:03:57,136][src.models.HILBERTWorker][INFO] - ********************************************************************************
[2026-09-11 12:03:57,136][src.models.HILBERTWorker][INFO] - Theorem already proved
[2026-09-11 12:03:57,136][src.models.HILBERTWorker][INFO] - ********************************************************************************
[2026-09-11 12:03:57,137][src.models.HILBERTWorker][INFO] - ********************************************************************************
[2026-09-11 12:03:57,137][src.models.HILBERTWorker][INFO] - Verifying Theorem
[2026-09-11 12:03:57,137][src.models.HILBERTWorker][INFO] - theorem h_mul_mathd_algebra_158 (a : ℕ)
    (h_int : (64 : ℤ) - (5 * a + 20 : ℤ) = (4 : ℤ)) :
    (5 * a : ℤ) = (40 : ℤ) := by
  sorry
[2026-09-11 12:03:57,137][src.models.HILBERTWorker][INFO] - ********************************************************************************
[2026-09-11 12:03:57,137][src.models.HILBERTWorker][INFO] - Theorem already proved
[2026-09-11 12:03:57,137][src.models.HILBERTWorker][INFO] - ********************************************************************************
[2026-09-11 12:03:57,138][src.models.HILBERTWorker][INFO] - ********************************************************************************
[2026-09-11 12:03:57,138][src.models.HILBERTWorker][INFO] - Verifying Theorem
[2026-09-11 12:03:57,138][src.models.HILBERTWorker][INFO] - theorem h_mul_nat_mathd_algebra_158 (a : ℕ)
    (h_mul : (5 * a : ℤ) = (40 : ℤ)) :
    5 * a = 40 := by
  sorry
[2026-09-11 12:03:57,138][src.models.HILBERTWorker][INFO] - ********************************************************************************

--- line 181666 ---
    ├─ ⏳ h_int_mathd_algebra_158: theorem h_int_mathd_algebra_158 (a : ℕ)     (h_eq :       (↑(∑ k ∈ Finset.range 8, 2 * k + 1) : ℤ) -... (depth 1)
    ├─ ⏳ h_eq_mathd_algebra_158: theorem h_eq_mathd_algebra_158 (a : ℕ)     (h₁ : (↑(∑ k ∈ Finset.range 8, 2 * k + 1) : ℤ) -         ... (depth 1)
    ├─ ⏳ hS₁_mathd_algebra_158: theorem hS₁_mathd_algebra_158 : (∑ k ∈ Finset.range 8, 2 * k + 1) = 64 := by   sorry... (depth 1)
    └─ ⏳ hS₂_mathd_algebra_158: theorem hS₂_mathd_algebra_158 (a : ℕ) : (∑ k ∈ Finset.range 5, a + 2 * k) = 5 * a + 20 := by   sorry... (depth 1)
[2026-09-11 12:03:57,134][src.models.HILBERTWorker][INFO] - ================================================================================
[2026-09-11 12:03:57,134][src.models.HILBERTWorker][INFO] - 

[2026-09-11 12:03:57,135][src.models.HILBERTWorker][INFO] - ALL EXTRACTED THEOREMS
[2026-09-11 12:03:57,135][src.models.HILBERTWorker][INFO] - ['theorem h_a_mathd_algebra_158 (a : ℕ) (h₀ : Even a) (h_mul_nat : 5 * a = 40) :\n    a = 8 := by\n  sorry', 'theorem h_mul_mathd_algebra_158 (a : ℕ)\n    (h_int : (64 : ℤ) - (5 * a + 20 : ℤ) = (4 : ℤ)) :\n    (5 * a : ℤ) = (40 : ℤ) := by\n  sorry', 'theorem h_mul_nat_mathd_algebra_158 (a : ℕ)\n    (h_mul : (5 * a : ℤ) = (40 : ℤ)) :\n    5 * a = 40 := by\n  sorry', 'theorem h_int_mathd_algebra_158 (a : ℕ)\n    (h_eq :\n      (↑(∑ k ∈ Finset.range 8, 2 * k + 1) : ℤ) -\n        (↑(∑ k ∈ Finset.range 5, a + 2 * k) : ℤ) = (4 : ℤ))\n    (hS₁ : (∑ k ∈ Finset.range 8, 2 * k + 1) = 64)\n    (hS₂ : (∑ k ∈ Finset.range 5, a + 2 * k) = 5 * a + 20) :\n    (64 : ℤ) - (5 * a + 20 : ℤ) = (4 : ℤ) := by\n  sorry', 'theorem h_eq_mathd_algebra_158 (a : ℕ)\n    (h₁ : (↑(∑ k ∈ Finset.range 8, 2 * k + 1) : ℤ) -\n        (↑(∑ k ∈ Finset.range 5, a + 2 * k) : ℤ) = (4 : ℤ)) :\n    (↑(∑ k ∈ Finset.range 8, 2 * k + 1) : ℤ) -\n      (↑(∑ k ∈ Finset.range 5, a + 2 * k) : ℤ) = (4 : ℤ) := by\n  sorry', 'theorem hS₁_mathd_algebra_158 : (∑ k ∈ Finset.range 8, 2 * k + 1) = 64 := by\n  sorry', 'theorem hS₂_mathd_algebra_158 (a : ℕ) : (∑ k ∈ Finset.range 5, a + 2 * k) = 5 * a + 20 := by\n  sorry']
[2026-09-11 12:03:57,135][src.models.HILBERTWorker][INFO] - ********************************************************************************
[2026-09-11 12:03:57,136][src.models.HILBERTWorker][INFO] - Verifying Theorem
[2026-09-11 12:03:57,136][src.models.HILBERTWorker][INFO] - theorem h_a_mathd_algebra_158 (a : ℕ) (h₀ : Even a) (h_mul_nat : 5 * a = 40) :
    a = 8 := by
  sorry
[2026-09-11 12:03:57,136][src.models.HILBERTWorker][INFO] - ********************************************************************************
[2026-09-11 12:03:57,136][src.models.HILBERTWorker][INFO] - Theorem already proved
[2026-09-11 12:03:57,136][src.models.HILBERTWorker][INFO] - ********************************************************************************
[2026-09-11 12:03:57,137][src.models.HILBERTWorker][INFO] - ********************************************************************************
[2026-09-11 12:03:57,137][src.models.HILBERTWorker][INFO] - Verifying Theorem
[2026-09-11 12:03:57,137][src.models.HILBERTWorker][INFO] - theorem h_mul_mathd_algebra_158 (a : ℕ)
    (h_int : (64 : ℤ) - (5 * a + 20 : ℤ) = (4 : ℤ)) :
    (5 * a : ℤ) = (40 : ℤ) := by
  sorry
[2026-09-11 12:03:57,137][src.models.HILBERTWorker][INFO] - ********************************************************************************
[2026-09-11 12:03:57,137][src.models.HILBERTWorker][INFO] - Theorem already proved
[2026-09-11 12:03:57,137][src.models.HILBERTWorker][INFO] - ********************************************************************************
[2026-09-11 12:03:57,138][src.models.HILBERTWorker][INFO] - ********************************************************************************
[2026-09-11 12:03:57,138][src.models.HILBERTWorker][INFO] - Verifying Theorem
[2026-09-11 12:03:57,138][src.models.HILBERTWorker][INFO] - theorem h_mul_nat_mathd_algebra_158 (a : ℕ)
    (h_mul : (5 * a : ℤ) = (40 : ℤ)) :
    5 * a = 40 := by
  sorry
[2026-09-11 12:03:57,138][src.models.HILBERTWorker][INFO] - ********************************************************************************
[2026-09-11 12:03:57,138][src.models.HILBERTWorker][INFO] - Theorem already proved
[2026-09-11 12:03:57,138][src.models.HILBERTWorker][INFO] - ********************************************************************************
[2026-09-11 12:03:57,139][src.models.HILBERTWorker][INFO] - ********************************************************************************
[2026-09-11 12:03:57,139][src.models.HILBERTWorker][INFO] - Verifying Theorem
[2026-09-11 12:03:57,139][src.models.HILBERTWorker][INFO] - theorem h_int_mathd_algebra_158 (a : ℕ)

--- line 181719 ---
    (↑(∑ k ∈ Finset.range 8, 2 * k + 1) : ℤ) -
      (↑(∑ k ∈ Finset.range 5, a + 2 * k) : ℤ) = (4 : ℤ) := by
  sorry
[2026-09-11 12:03:57,140][src.models.HILBERTWorker][INFO] - ********************************************************************************
[2026-09-11 12:03:57,140][src.models.HILBERTWorker][INFO] - Theorem already proved
[2026-09-11 12:03:57,140][src.models.HILBERTWorker][INFO] - ********************************************************************************
[2026-09-11 12:03:57,141][src.models.HILBERTWorker][INFO] - ********************************************************************************
[2026-09-11 12:03:57,141][src.models.HILBERTWorker][INFO] - Verifying Theorem
[2026-09-11 12:03:57,141][src.models.HILBERTWorker][INFO] - theorem hS₁_mathd_algebra_158 : (∑ k ∈ Finset.range 8, 2 * k + 1) = 64 := by
  sorry
[2026-09-11 12:03:57,142][src.tools.AsyncJobPool][INFO] - 📥 Submitted job: hS₁_mathd_algebra_158
[2026-09-11 12:03:57,142][src.models.HILBERTWorker][INFO] - ********************************************************************************
[2026-09-11 12:03:57,142][src.models.HILBERTWorker][INFO] - Verifying Theorem
[2026-09-11 12:03:57,142][src.models.HILBERTWorker][INFO] - theorem hS₂_mathd_algebra_158 (a : ℕ) : (∑ k ∈ Finset.range 5, a + 2 * k) = 5 * a + 20 := by
  sorry
[2026-09-11 12:03:57,142][src.tools.AsyncJobPool][INFO] - 📥 Submitted job: hS₂_mathd_algebra_158
[2026-09-11 12:03:57,142][src.models.HILBERTWorker][INFO] - Subgoals being solved in parallel:
[2026-09-11 12:03:57,143][src.models.HILBERTWorker][INFO] - 
================================================================================
[2026-09-11 12:03:57,143][src.models.HILBERTWorker][INFO] - PROOF PROGRESS TREE
[2026-09-11 12:03:57,143][src.models.HILBERTWorker][INFO] - ================================================================================
[2026-09-11 12:03:57,143][src.models.HILBERTWorker][INFO] - └─ 🔄 mathd_algebra_158: theorem mathd_algebra_158 (a : ℕ) (h₀ : Even a)     (h₁ : ↑(∑ k ∈ Finset.range 8, 2 * k + 1) - ↑(∑ k... [SUBGOAL_DECOMP]
    ├─ ✅ h_a_mathd_algebra_158: theorem h_a_mathd_algebra_158 (a : ℕ) (h₀ : Even a) (h_mul_nat : 5 * a = 40) :     a = 8 := by   sor... (depth 1)
    ├─ ✅ h_mul_mathd_algebra_158: theorem h_mul_mathd_algebra_158 (a : ℕ)     (h_int : (64 : ℤ) - (5 * a + 20 : ℤ) = (4 : ℤ)) :     (5... (depth 1)
    ├─ ✅ h_mul_nat_mathd_algebra_158: theorem h_mul_nat_mathd_algebra_158 (a : ℕ)     (h_mul : (5 * a : ℤ) = (40 : ℤ)) :     5 * a = 40 :=... (depth 1)
    ├─ ✅ h_int_mathd_algebra_158: theorem h_int_mathd_algebra_158 (a : ℕ)     (h_eq :       (↑(∑ k ∈ Finset.range 8, 2 * k + 1) : ℤ) -... (depth 1)
    ├─ ✅ h_eq_mathd_algebra_158: theorem h_eq_mathd_algebra_158 (a : ℕ)     (h₁ : (↑(∑ k ∈ Finset.range 8, 2 * k + 1) : ℤ) -         ... (depth 1)
    ├─ 🔄 hS₁_mathd_algebra_158: theorem hS₁_mathd_algebra_158 : (∑ k ∈ Finset.range 8, 2 * k + 1) = 64 := by   sorry... (depth 1)
    └─ 🔄 hS₂_mathd_algebra_158: theorem hS₂_mathd_algebra_158 (a : ℕ) : (∑ k ∈ Finset.range 5, a + 2 * k) = 5 * a + 20 := by   sorry... (depth 1)
[2026-09-11 12:03:57,143][src.models.HILBERTWorker][INFO] - ================================================================================
[2026-09-11 12:03:57,143][src.models.HILBERTWorker][INFO] - 

[2026-09-11 12:03:57,144][src.tools.AsyncJobPool][INFO] - 📥 Submitted job: Task-1805
[2026-09-11 12:03:57,144][src.tools.AsyncJobPool][INFO] - 📥 Submitted job: Task-1806
[2026-09-11 12:03:57,144][src.tools.AsyncJobPool][INFO] - 📥 Submitted job: Task-1807
[2026-09-11 12:03:57,144][src.tools.AsyncJobPool][INFO] - 📥 Submitted job: Task-1808
[2026-09-11 12:03:57,145][src.tools.AsyncJobPool][INFO] - 📥 Submitted job: Task-1809
[2026-09-11 12:03:57,145][src.tools.AsyncJobPool][INFO] - 📥 Submitted job: Task-1810

--- line 181721 ---
  sorry
[2026-09-11 12:03:57,140][src.models.HILBERTWorker][INFO] - ********************************************************************************
[2026-09-11 12:03:57,140][src.models.HILBERTWorker][INFO] - Theorem already proved
[2026-09-11 12:03:57,140][src.models.HILBERTWorker][INFO] - ********************************************************************************
[2026-09-11 12:03:57,141][src.models.HILBERTWorker][INFO] - ********************************************************************************
[2026-09-11 12:03:57,141][src.models.HILBERTWorker][INFO] - Verifying Theorem
[2026-09-11 12:03:57,141][src.models.HILBERTWorker][INFO] - theorem hS₁_mathd_algebra_158 : (∑ k ∈ Finset.range 8, 2 * k + 1) = 64 := by
  sorry
[2026-09-11 12:03:57,142][src.tools.AsyncJobPool][INFO] - 📥 Submitted job: hS₁_mathd_algebra_158
[2026-09-11 12:03:57,142][src.models.HILBERTWorker][INFO] - ********************************************************************************
[2026-09-11 12:03:57,142][src.models.HILBERTWorker][INFO] - Verifying Theorem
[2026-09-11 12:03:57,142][src.models.HILBERTWorker][INFO] - theorem hS₂_mathd_algebra_158 (a : ℕ) : (∑ k ∈ Finset.range 5, a + 2 * k) = 5 * a + 20 := by
  sorry
[2026-09-11 12:03:57,142][src.tools.AsyncJobPool][INFO] - 📥 Submitted job: hS₂_mathd_algebra_158
[2026-09-11 12:03:57,142][src.models.HILBERTWorker][INFO] - Subgoals being solved in parallel:
[2026-09-11 12:03:57,143][src.models.HILBERTWorker][INFO] - 
================================================================================
[2026-09-11 12:03:57,143][src.models.HILBERTWorker][INFO] - PROOF PROGRESS TREE
[2026-09-11 12:03:57,143][src.models.HILBERTWorker][INFO] - ================================================================================
[2026-09-11 12:03:57,143][src.models.HILBERTWorker][INFO] - └─ 🔄 mathd_algebra_158: theorem mathd_algebra_158 (a : ℕ) (h₀ : Even a)     (h₁ : ↑(∑ k ∈ Finset.range 8, 2 * k + 1) - ↑(∑ k... [SUBGOAL_DECOMP]
    ├─ ✅ h_a_mathd_algebra_158: theorem h_a_mathd_algebra_158 (a : ℕ) (h₀ : Even a) (h_mul_nat : 5 * a = 40) :     a = 8 := by   sor... (depth 1)
    ├─ ✅ h_mul_mathd_algebra_158: theorem h_mul_mathd_algebra_158 (a : ℕ)     (h_int : (64 : ℤ) - (5 * a + 20 : ℤ) = (4 : ℤ)) :     (5... (depth 1)
    ├─ ✅ h_mul_nat_mathd_algebra_158: theorem h_mul_nat_mathd_algebra_158 (a : ℕ)     (h_mul : (5 * a : ℤ) = (40 : ℤ)) :     5 * a = 40 :=... (depth 1)
    ├─ ✅ h_int_mathd_algebra_158: theorem h_int_mathd_algebra_158 (a : ℕ)     (h_eq :       (↑(∑ k ∈ Finset.range 8, 2 * k + 1) : ℤ) -... (depth 1)
    ├─ ✅ h_eq_mathd_algebra_158: theorem h_eq_mathd_algebra_158 (a : ℕ)     (h₁ : (↑(∑ k ∈ Finset.range 8, 2 * k + 1) : ℤ) -         ... (depth 1)
    ├─ 🔄 hS₁_mathd_algebra_158: theorem hS₁_mathd_algebra_158 : (∑ k ∈ Finset.range 8, 2 * k + 1) = 64 := by   sorry... (depth 1)
    └─ 🔄 hS₂_mathd_algebra_158: theorem hS₂_mathd_algebra_158 (a : ℕ) : (∑ k ∈ Finset.range 5, a + 2 * k) = 5 * a + 20 := by   sorry... (depth 1)
[2026-09-11 12:03:57,143][src.models.HILBERTWorker][INFO] - ================================================================================
[2026-09-11 12:03:57,143][src.models.HILBERTWorker][INFO] - 

[2026-09-11 12:03:57,144][src.tools.AsyncJobPool][INFO] - 📥 Submitted job: Task-1805
[2026-09-11 12:03:57,144][src.tools.AsyncJobPool][INFO] - 📥 Submitted job: Task-1806
[2026-09-11 12:03:57,144][src.tools.AsyncJobPool][INFO] - 📥 Submitted job: Task-1807
[2026-09-11 12:03:57,144][src.tools.AsyncJobPool][INFO] - 📥 Submitted job: Task-1808
[2026-09-11 12:03:57,145][src.tools.AsyncJobPool][INFO] - 📥 Submitted job: Task-1809
[2026-09-11 12:03:57,145][src.tools.AsyncJobPool][INFO] - 📥 Submitted job: Task-1810
[2026-09-11 12:03:57,145][src.tools.AsyncJobPool][INFO] - 📥 Submitted job: Task-1811
[2026-09-11 12:03:57,145][src.tools.AsyncJobPool][INFO] - 📥 Submitted job: Task-1812

--- line 181724 ---
[2026-09-11 12:03:57,140][src.models.HILBERTWorker][INFO] - ********************************************************************************
[2026-09-11 12:03:57,141][src.models.HILBERTWorker][INFO] - ********************************************************************************
[2026-09-11 12:03:57,141][src.models.HILBERTWorker][INFO] - Verifying Theorem
[2026-09-11 12:03:57,141][src.models.HILBERTWorker][INFO] - theorem hS₁_mathd_algebra_158 : (∑ k ∈ Finset.range 8, 2 * k + 1) = 64 := by
  sorry
[2026-09-11 12:03:57,142][src.tools.AsyncJobPool][INFO] - 📥 Submitted job: hS₁_mathd_algebra_158
[2026-09-11 12:03:57,142][src.models.HILBERTWorker][INFO] - ********************************************************************************
[2026-09-11 12:03:57,142][src.models.HILBERTWorker][INFO] - Verifying Theorem
[2026-09-11 12:03:57,142][src.models.HILBERTWorker][INFO] - theorem hS₂_mathd_algebra_158 (a : ℕ) : (∑ k ∈ Finset.range 5, a + 2 * k) = 5 * a + 20 := by
  sorry
[2026-09-11 12:03:57,142][src.tools.AsyncJobPool][INFO] - 📥 Submitted job: hS₂_mathd_algebra_158
[2026-09-11 12:03:57,142][src.models.HILBERTWorker][INFO] - Subgoals being solved in parallel:
[2026-09-11 12:03:57,143][src.models.HILBERTWorker][INFO] - 
================================================================================
[2026-09-11 12:03:57,143][src.models.HILBERTWorker][INFO] - PROOF PROGRESS TREE
[2026-09-11 12:03:57,143][src.models.HILBERTWorker][INFO] - ================================================================================
[2026-09-11 12:03:57,143][src.models.HILBERTWorker][INFO] - └─ 🔄 mathd_algebra_158: theorem mathd_algebra_158 (a : ℕ) (h₀ : Even a)     (h₁ : ↑(∑ k ∈ Finset.range 8, 2 * k + 1) - ↑(∑ k... [SUBGOAL_DECOMP]
    ├─ ✅ h_a_mathd_algebra_158: theorem h_a_mathd_algebra_158 (a : ℕ) (h₀ : Even a) (h_mul_nat : 5 * a = 40) :     a = 8 := by   sor... (depth 1)
    ├─ ✅ h_mul_mathd_algebra_158: theorem h_mul_mathd_algebra_158 (a : ℕ)     (h_int : (64 : ℤ) - (5 * a + 20 : ℤ) = (4 : ℤ)) :     (5... (depth 1)
    ├─ ✅ h_mul_nat_mathd_algebra_158: theorem h_mul_nat_mathd_algebra_158 (a : ℕ)     (h_mul : (5 * a : ℤ) = (40 : ℤ)) :     5 * a = 40 :=... (depth 1)
    ├─ ✅ h_int_mathd_algebra_158: theorem h_int_mathd_algebra_158 (a : ℕ)     (h_eq :       (↑(∑ k ∈ Finset.range 8, 2 * k + 1) : ℤ) -... (depth 1)
    ├─ ✅ h_eq_mathd_algebra_158: theorem h_eq_mathd_algebra_158 (a : ℕ)     (h₁ : (↑(∑ k ∈ Finset.range 8, 2 * k + 1) : ℤ) -         ... (depth 1)
    ├─ 🔄 hS₁_mathd_algebra_158: theorem hS₁_mathd_algebra_158 : (∑ k ∈ Finset.range 8, 2 * k + 1) = 64 := by   sorry... (depth 1)
    └─ 🔄 hS₂_mathd_algebra_158: theorem hS₂_mathd_algebra_158 (a : ℕ) : (∑ k ∈ Finset.range 5, a + 2 * k) = 5 * a + 20 := by   sorry... (depth 1)
[2026-09-11 12:03:57,143][src.models.HILBERTWorker][INFO] - ================================================================================
[2026-09-11 12:03:57,143][src.models.HILBERTWorker][INFO] - 

[2026-09-11 12:03:57,144][src.tools.AsyncJobPool][INFO] - 📥 Submitted job: Task-1805
[2026-09-11 12:03:57,144][src.tools.AsyncJobPool][INFO] - 📥 Submitted job: Task-1806
[2026-09-11 12:03:57,144][src.tools.AsyncJobPool][INFO] - 📥 Submitted job: Task-1807
[2026-09-11 12:03:57,144][src.tools.AsyncJobPool][INFO] - 📥 Submitted job: Task-1808
[2026-09-11 12:03:57,145][src.tools.AsyncJobPool][INFO] - 📥 Submitted job: Task-1809
[2026-09-11 12:03:57,145][src.tools.AsyncJobPool][INFO] - 📥 Submitted job: Task-1810
[2026-09-11 12:03:57,145][src.tools.AsyncJobPool][INFO] - 📥 Submitted job: Task-1811
[2026-09-11 12:03:57,145][src.tools.AsyncJobPool][INFO] - 📥 Submitted job: Task-1812

Batches:   0%|          | 0/1 [00:00<?, ?it/s]
Batches: 100%|██████████| 1/1 [00:00<00:00, 44.38it/s]

--- line 181726 ---
[2026-09-11 12:03:57,141][src.models.HILBERTWorker][INFO] - Verifying Theorem
[2026-09-11 12:03:57,141][src.models.HILBERTWorker][INFO] - theorem hS₁_mathd_algebra_158 : (∑ k ∈ Finset.range 8, 2 * k + 1) = 64 := by
  sorry
[2026-09-11 12:03:57,142][src.tools.AsyncJobPool][INFO] - 📥 Submitted job: hS₁_mathd_algebra_158
[2026-09-11 12:03:57,142][src.models.HILBERTWorker][INFO] - ********************************************************************************
[2026-09-11 12:03:57,142][src.models.HILBERTWorker][INFO] - Verifying Theorem
[2026-09-11 12:03:57,142][src.models.HILBERTWorker][INFO] - theorem hS₂_mathd_algebra_158 (a : ℕ) : (∑ k ∈ Finset.range 5, a + 2 * k) = 5 * a + 20 := by
  sorry
[2026-09-11 12:03:57,142][src.tools.AsyncJobPool][INFO] - 📥 Submitted job: hS₂_mathd_algebra_158
[2026-09-11 12:03:57,142][src.models.HILBERTWorker][INFO] - Subgoals being solved in parallel:
[2026-09-11 12:03:57,143][src.models.HILBERTWorker][INFO] - 
================================================================================
[2026-09-11 12:03:57,143][src.models.HILBERTWorker][INFO] - PROOF PROGRESS TREE
[2026-09-11 12:03:57,143][src.models.HILBERTWorker][INFO] - ================================================================================
[2026-09-11 12:03:57,143][src.models.HILBERTWorker][INFO] - └─ 🔄 mathd_algebra_158: theorem mathd_algebra_158 (a : ℕ) (h₀ : Even a)     (h₁ : ↑(∑ k ∈ Finset.range 8, 2 * k + 1) - ↑(∑ k... [SUBGOAL_DECOMP]
    ├─ ✅ h_a_mathd_algebra_158: theorem h_a_mathd_algebra_158 (a : ℕ) (h₀ : Even a) (h_mul_nat : 5 * a = 40) :     a = 8 := by   sor... (depth 1)
    ├─ ✅ h_mul_mathd_algebra_158: theorem h_mul_mathd_algebra_158 (a : ℕ)     (h_int : (64 : ℤ) - (5 * a + 20 : ℤ) = (4 : ℤ)) :     (5... (depth 1)
    ├─ ✅ h_mul_nat_mathd_algebra_158: theorem h_mul_nat_mathd_algebra_158 (a : ℕ)     (h_mul : (5 * a : ℤ) = (40 : ℤ)) :     5 * a = 40 :=... (depth 1)
    ├─ ✅ h_int_mathd_algebra_158: theorem h_int_mathd_algebra_158 (a : ℕ)     (h_eq :       (↑(∑ k ∈ Finset.range 8, 2 * k + 1) : ℤ) -... (depth 1)
    ├─ ✅ h_eq_mathd_algebra_158: theorem h_eq_mathd_algebra_158 (a : ℕ)     (h₁ : (↑(∑ k ∈ Finset.range 8, 2 * k + 1) : ℤ) -         ... (depth 1)
    ├─ 🔄 hS₁_mathd_algebra_158: theorem hS₁_mathd_algebra_158 : (∑ k ∈ Finset.range 8, 2 * k + 1) = 64 := by   sorry... (depth 1)
    └─ 🔄 hS₂_mathd_algebra_158: theorem hS₂_mathd_algebra_158 (a : ℕ) : (∑ k ∈ Finset.range 5, a + 2 * k) = 5 * a + 20 := by   sorry... (depth 1)
[2026-09-11 12:03:57,143][src.models.HILBERTWorker][INFO] - ================================================================================
[2026-09-11 12:03:57,143][src.models.HILBERTWorker][INFO] - 

[2026-09-11 12:03:57,144][src.tools.AsyncJobPool][INFO] - 📥 Submitted job: Task-1805
[2026-09-11 12:03:57,144][src.tools.AsyncJobPool][INFO] - 📥 Submitted job: Task-1806
[2026-09-11 12:03:57,144][src.tools.AsyncJobPool][INFO] - 📥 Submitted job: Task-1807
[2026-09-11 12:03:57,144][src.tools.AsyncJobPool][INFO] - 📥 Submitted job: Task-1808
[2026-09-11 12:03:57,145][src.tools.AsyncJobPool][INFO] - 📥 Submitted job: Task-1809
[2026-09-11 12:03:57,145][src.tools.AsyncJobPool][INFO] - 📥 Submitted job: Task-1810
[2026-09-11 12:03:57,145][src.tools.AsyncJobPool][INFO] - 📥 Submitted job: Task-1811
[2026-09-11 12:03:57,145][src.tools.AsyncJobPool][INFO] - 📥 Submitted job: Task-1812

Batches:   0%|          | 0/1 [00:00<?, ?it/s]
Batches: 100%|██████████| 1/1 [00:00<00:00, 44.38it/s]

Batches:   0%|          | 0/1 [00:00<?, ?it/s]

--- line 181738 ---
[2026-09-11 12:03:57,143][src.models.HILBERTWorker][INFO] - PROOF PROGRESS TREE
[2026-09-11 12:03:57,143][src.models.HILBERTWorker][INFO] - ================================================================================
[2026-09-11 12:03:57,143][src.models.HILBERTWorker][INFO] - └─ 🔄 mathd_algebra_158: theorem mathd_algebra_158 (a : ℕ) (h₀ : Even a)     (h₁ : ↑(∑ k ∈ Finset.range 8, 2 * k + 1) - ↑(∑ k... [SUBGOAL_DECOMP]
    ├─ ✅ h_a_mathd_algebra_158: theorem h_a_mathd_algebra_158 (a : ℕ) (h₀ : Even a) (h_mul_nat : 5 * a = 40) :     a = 8 := by   sor... (depth 1)
    ├─ ✅ h_mul_mathd_algebra_158: theorem h_mul_mathd_algebra_158 (a : ℕ)     (h_int : (64 : ℤ) - (5 * a + 20 : ℤ) = (4 : ℤ)) :     (5... (depth 1)
    ├─ ✅ h_mul_nat_mathd_algebra_158: theorem h_mul_nat_mathd_algebra_158 (a : ℕ)     (h_mul : (5 * a : ℤ) = (40 : ℤ)) :     5 * a = 40 :=... (depth 1)
    ├─ ✅ h_int_mathd_algebra_158: theorem h_int_mathd_algebra_158 (a : ℕ)     (h_eq :       (↑(∑ k ∈ Finset.range 8, 2 * k + 1) : ℤ) -... (depth 1)
    ├─ ✅ h_eq_mathd_algebra_158: theorem h_eq_mathd_algebra_158 (a : ℕ)     (h₁ : (↑(∑ k ∈ Finset.range 8, 2 * k + 1) : ℤ) -         ... (depth 1)
    ├─ 🔄 hS₁_mathd_algebra_158: theorem hS₁_mathd_algebra_158 : (∑ k ∈ Finset.range 8, 2 * k + 1) = 64 := by   sorry... (depth 1)
    └─ 🔄 hS₂_mathd_algebra_158: theorem hS₂_mathd_algebra_158 (a : ℕ) : (∑ k ∈ Finset.range 5, a + 2 * k) = 5 * a + 20 := by   sorry... (depth 1)
[2026-09-11 12:03:57,143][src.models.HILBERTWorker][INFO] - ================================================================================
[2026-09-11 12:03:57,143][src.models.HILBERTWorker][INFO] - 

[2026-09-11 12:03:57,144][src.tools.AsyncJobPool][INFO] - 📥 Submitted job: Task-1805
[2026-09-11 12:03:57,144][src.tools.AsyncJobPool][INFO] - 📥 Submitted job: Task-1806
[2026-09-11 12:03:57,144][src.tools.AsyncJobPool][INFO] - 📥 Submitted job: Task-1807
[2026-09-11 12:03:57,144][src.tools.AsyncJobPool][INFO] - 📥 Submitted job: Task-1808
[2026-09-11 12:03:57,145][src.tools.AsyncJobPool][INFO] - 📥 Submitted job: Task-1809
[2026-09-11 12:03:57,145][src.tools.AsyncJobPool][INFO] - 📥 Submitted job: Task-1810
[2026-09-11 12:03:57,145][src.tools.AsyncJobPool][INFO] - 📥 Submitted job: Task-1811
[2026-09-11 12:03:57,145][src.tools.AsyncJobPool][INFO] - 📥 Submitted job: Task-1812

Batches:   0%|          | 0/1 [00:00<?, ?it/s]
Batches: 100%|██████████| 1/1 [00:00<00:00, 44.38it/s]

Batches:   0%|          | 0/1 [00:00<?, ?it/s]
Batches: 100%|██████████| 1/1 [00:00<00:00, 59.62it/s]

Batches:   0%|          | 0/1 [00:00<?, ?it/s]
Batches: 100%|██████████| 1/1 [00:00<00:00, 58.67it/s]

Batches:   0%|          | 0/1 [00:00<?, ?it/s]
Batches: 100%|██████████| 1/1 [00:00<00:00, 53.70it/s]

Batches:   0%|          | 0/1 [00:00<?, ?it/s]
Batches: 100%|██████████| 1/1 [00:00<00:00, 59.77it/s]
[2026-09-11 12:04:01,035][src.models.HILBERTWorker][INFO] - ********************************************************************************
[2026-09-11 12:04:01,036][src.models.HILBERTWorker][INFO] - Extracted search results

--- line 181739 ---
[2026-09-11 12:03:57,143][src.models.HILBERTWorker][INFO] - ================================================================================
[2026-09-11 12:03:57,143][src.models.HILBERTWorker][INFO] - └─ 🔄 mathd_algebra_158: theorem mathd_algebra_158 (a : ℕ) (h₀ : Even a)     (h₁ : ↑(∑ k ∈ Finset.range 8, 2 * k + 1) - ↑(∑ k... [SUBGOAL_DECOMP]
    ├─ ✅ h_a_mathd_algebra_158: theorem h_a_mathd_algebra_158 (a : ℕ) (h₀ : Even a) (h_mul_nat : 5 * a = 40) :     a = 8 := by   sor... (depth 1)
    ├─ ✅ h_mul_mathd_algebra_158: theorem h_mul_mathd_algebra_158 (a : ℕ)     (h_int : (64 : ℤ) - (5 * a + 20 : ℤ) = (4 : ℤ)) :     (5... (depth 1)
    ├─ ✅ h_mul_nat_mathd_algebra_158: theorem h_mul_nat_mathd_algebra_158 (a : ℕ)     (h_mul : (5 * a : ℤ) = (40 : ℤ)) :     5 * a = 40 :=... (depth 1)
    ├─ ✅ h_int_mathd_algebra_158: theorem h_int_mathd_algebra_158 (a : ℕ)     (h_eq :       (↑(∑ k ∈ Finset.range 8, 2 * k + 1) : ℤ) -... (depth 1)
    ├─ ✅ h_eq_mathd_algebra_158: theorem h_eq_mathd_algebra_158 (a : ℕ)     (h₁ : (↑(∑ k ∈ Finset.range 8, 2 * k + 1) : ℤ) -         ... (depth 1)
    ├─ 🔄 hS₁_mathd_algebra_158: theorem hS₁_mathd_algebra_158 : (∑ k ∈ Finset.range 8, 2 * k + 1) = 64 := by   sorry... (depth 1)
    └─ 🔄 hS₂_mathd_algebra_158: theorem hS₂_mathd_algebra_158 (a : ℕ) : (∑ k ∈ Finset.range 5, a + 2 * k) = 5 * a + 20 := by   sorry... (depth 1)
[2026-09-11 12:03:57,143][src.models.HILBERTWorker][INFO] - ================================================================================
[2026-09-11 12:03:57,143][src.models.HILBERTWorker][INFO] - 

[2026-09-11 12:03:57,144][src.tools.AsyncJobPool][INFO] - 📥 Submitted job: Task-1805
[2026-09-11 12:03:57,144][src.tools.AsyncJobPool][INFO] - 📥 Submitted job: Task-1806
[2026-09-11 12:03:57,144][src.tools.AsyncJobPool][INFO] - 📥 Submitted job: Task-1807
[2026-09-11 12:03:57,144][src.tools.AsyncJobPool][INFO] - 📥 Submitted job: Task-1808
[2026-09-11 12:03:57,145][src.tools.AsyncJobPool][INFO] - 📥 Submitted job: Task-1809
[2026-09-11 12:03:57,145][src.tools.AsyncJobPool][INFO] - 📥 Submitted job: Task-1810
[2026-09-11 12:03:57,145][src.tools.AsyncJobPool][INFO] - 📥 Submitted job: Task-1811
[2026-09-11 12:03:57,145][src.tools.AsyncJobPool][INFO] - 📥 Submitted job: Task-1812

Batches:   0%|          | 0/1 [00:00<?, ?it/s]
Batches: 100%|██████████| 1/1 [00:00<00:00, 44.38it/s]

Batches:   0%|          | 0/1 [00:00<?, ?it/s]
Batches: 100%|██████████| 1/1 [00:00<00:00, 59.62it/s]

Batches:   0%|          | 0/1 [00:00<?, ?it/s]
Batches: 100%|██████████| 1/1 [00:00<00:00, 58.67it/s]

Batches:   0%|          | 0/1 [00:00<?, ?it/s]
Batches: 100%|██████████| 1/1 [00:00<00:00, 53.70it/s]

Batches:   0%|          | 0/1 [00:00<?, ?it/s]
Batches: 100%|██████████| 1/1 [00:00<00:00, 59.77it/s]
[2026-09-11 12:04:01,035][src.models.HILBERTWorker][INFO] - ********************************************************************************
[2026-09-11 12:04:01,036][src.models.HILBERTWorker][INFO] - Extracted search results
[2026-09-11 12:04:01,036][src.models.HILBERTWorker][INFO] - Results for query: Finset.sum_range

--- line 184104 ---
The polynomial in question is \(X^{3} - 2\) considered as an element of \(\mathbb{Q}[X]\).  
A degree‑3 polynomial over a field is reducible iff it has a linear factor, i.e. a root in the field.  
If a rational number \(\frac{p}{q}\) (in lowest terms) were a root, the rational root theorem forces \(p\mid 2\) and \(q\mid 1\); hence the only possible rational roots are \(\pm1,\pm2\). Direct substitution shows that none of these values satisfy \((\pm1)^{3}-2= -1\) or \((\pm2)^{3}-2=6\). Therefore the polynomial has no rational root, and consequently no linear factor over \(\mathbb{Q}\).  

Since a degree‑3 polynomial without a linear factor cannot factor into a product of lower‑degree non‑constant polynomials, it is irreducible in \(\mathbb{Q}[X]\). Hence the statement “\(X^{3} - 2\) is irreducible over \(\mathbb{Q}\)” is mathematically correct.
</justification>
[2026-09-11 12:04:28,980][src.models.HILBERTWorker][INFO] - ********************************************************************************
[2026-09-11 12:04:28,980][src.models.HILBERTWorker][INFO] - Generated Informal Proof:
[2026-09-11 12:04:28,980][src.models.HILBERTWorker][INFO] - theorem hS₁_mathd_algebra_158 : (∑ k ∈ Finset.range 8, 2 * k + 1) = 64 := by
  norm_num
[2026-09-11 12:04:28,980][src.models.HILBERTWorker][INFO] - ********************************************************************************
[2026-09-11 12:04:29,151][src.models.HILBERTWorker][INFO] - --------------------------------------------------------------------------------
[2026-09-11 12:04:29,151][src.models.HILBERTWorker][INFO] - Correction passes 1/6
[2026-09-11 12:04:29,151][src.models.HILBERTWorker][INFO] - --------------------------------------------------------------------------------
[2026-09-11 12:04:29,151][src.models.HILBERTWorker][INFO] - Error Message
[2026-09-11 12:04:29,152][src.models.HILBERTWorker][INFO] - 

The provided proof:
```lean4 
import Mathlib
import Aesop

set_option maxHeartbeats 0

open BigOperators Real Nat Topology Rat

theorem hS₁_mathd_algebra_158 : (∑ k ∈ Finset.range 8, 2 * k + 1) = 64 := by
  norm_num
```


Error message from Lean: unsolved goals
⊢ False
The error was encountered while trying to process the following lines:
Error: line number out of range




--- line 184122 ---
```lean4 
import Mathlib
import Aesop

set_option maxHeartbeats 0

open BigOperators Real Nat Topology Rat

theorem hS₁_mathd_algebra_158 : (∑ k ∈ Finset.range 8, 2 * k + 1) = 64 := by
  norm_num
```


Error message from Lean: unsolved goals
⊢ False
The error was encountered while trying to process the following lines:
Error: line number out of range



[2026-09-11 12:04:29,152][src.models.HILBERTWorker][INFO] - --------------------------------------------------------------------------------
[2026-09-11 12:04:29,152][src.models.HILBERTWorker][INFO] - ********************************************************************************
[2026-09-11 12:04:29,152][src.models.HILBERTWorker][INFO] - OBTAINED USEFUL THEOREMS
[2026-09-11 12:04:29,152][src.models.HILBERTWorker][INFO] - 
1. [THEOREM] Multiplicativity of Natural Number Cast: $(m \cdot n : \alpha) = (m : \alpha) \cdot (n : \alpha)$
Module: Mathlib.Data.Nat.Cast.Basic
Name: Nat.cast_mul
Description: For any natural numbers $m, n \in \mathbb{N}$ and any additive monoid with one $\alpha$, the canonical homomorphism from $\mathbb{N}$ to $\alpha$ preserves multiplication, i.e., $(m \cdot n : \alpha) = (m : \alpha) \cdot (n : \alpha)$.
Signature:  (m n : ℕ) : ((m * n : ℕ) : α) = m * n

2. [THEOREM] Every Natural Number is Even or Odd
Module: Mathlib.Algebra.Ring.Parity
Name: Nat.even_or_odd
Description: For every natural number $n$, either $n$ is even or $n$ is odd.
Signature:  (n : ℕ) : Even n ∨ Odd n

3. [THEOREM] Twice the Sum of First $n-1$ Natural Numbers Equals $n(n-1)$
Module: Mathlib.Algebra.BigOperators.Intervals

--- line 184176 ---
Description: For any natural number $n$, the sum of all natural numbers less than $n$ equals $\frac{n(n-1)}{2}$, i.e.,
\[
\sum_{i=0}^{n-1} i = \frac{n(n-1)}{2}.
\]
Signature:  (n : ℕ) : ∑ i ∈ range n, i = n * (n - 1) / 2
[2026-09-11 12:04:29,153][src.models.HILBERTWorker][INFO] - ********************************************************************************
[2026-09-11 12:04:34,403][src.models.HILBERTWorker][INFO] - ********************************************************************************
[2026-09-11 12:04:34,404][src.models.HILBERTWorker][INFO] - Generated Informal Proof:
[2026-09-11 12:04:34,404][src.models.HILBERTWorker][INFO] - theorem hS₁_mathd_algebra_158 : (∑ k ∈ Finset.range 8, 2 * k + 1) = 64 := by
  norm_num
[2026-09-11 12:04:34,404][src.models.HILBERTWorker][INFO] - ********************************************************************************
[2026-09-11 12:04:34,577][src.models.HILBERTWorker][INFO] - --------------------------------------------------------------------------------
[2026-09-11 12:04:34,577][src.models.HILBERTWorker][INFO] - Correction passes 1/6
[2026-09-11 12:04:34,577][src.models.HILBERTWorker][INFO] - --------------------------------------------------------------------------------
[2026-09-11 12:04:34,577][src.models.HILBERTWorker][INFO] - Error Message
[2026-09-11 12:04:34,578][src.models.HILBERTWorker][INFO] - 

The provided proof:
```lean4 
import Mathlib
import Aesop

set_option maxHeartbeats 0

open BigOperators Real Nat Topology Rat

theorem hS₁_mathd_algebra_158 : (∑ k ∈ Finset.range 8, 2 * k + 1) = 64 := by
  norm_num
```


Error message from Lean: unsolved goals
⊢ False
The error was encountered while trying to process the following lines:
Error: line number out of range




--- line 184194 ---
```lean4 
import Mathlib
import Aesop

set_option maxHeartbeats 0

open BigOperators Real Nat Topology Rat

theorem hS₁_mathd_algebra_158 : (∑ k ∈ Finset.range 8, 2 * k + 1) = 64 := by
  norm_num
```


Error message from Lean: unsolved goals
⊢ False
The error was encountered while trying to process the following lines:
Error: line number out of range



[2026-09-11 12:04:34,578][src.models.HILBERTWorker][INFO] - --------------------------------------------------------------------------------
[2026-09-11 12:04:34,578][src.models.HILBERTWorker][INFO] - ********************************************************************************
[2026-09-11 12:04:34,578][src.models.HILBERTWorker][INFO] - OBTAINED USEFUL THEOREMS
[2026-09-11 12:04:34,578][src.models.HILBERTWorker][INFO] - 
1. [THEOREM] Multiplicativity of Natural Number Cast: $(m \cdot n : \alpha) = (m : \alpha) \cdot (n : \alpha)$
Module: Mathlib.Data.Nat.Cast.Basic
Name: Nat.cast_mul
Description: For any natural numbers $m, n \in \mathbb{N}$ and any additive monoid with one $\alpha$, the canonical homomorphism from $\mathbb{N}$ to $\alpha$ preserves multiplication, i.e., $(m \cdot n : \alpha) = (m : \alpha) \cdot (n : \alpha)$.
Signature:  (m n : ℕ) : ((m * n : ℕ) : α) = m * n

2. [THEOREM] Every Natural Number is Even or Odd
Module: Mathlib.Algebra.Ring.Parity
Name: Nat.even_or_odd
Description: For every natural number $n$, either $n$ is even or $n$ is odd.
Signature:  (n : ℕ) : Even n ∨ Odd n

3. [THEOREM] Twice the Sum of First $n-1$ Natural Numbers Equals $n(n-1)$
Module: Mathlib.Algebra.BigOperators.Intervals

--- line 184272 ---
```lean4 
import Mathlib
import Aesop

set_option maxHeartbeats 0

open BigOperators Real Nat Topology Rat

theorem hS₁_mathd_algebra_158 : (∑ k ∈ Finset.range 8, 2 * k + 1) = 64 := by
  norm_num
```


Error message from Lean: unsolved goals
⊢ False
The error was encountered while trying to process the following lines:
Error: line number out of range



[2026-09-11 12:04:39,957][src.models.HILBERTWorker][INFO] - ```lean
by
  norm_num
```
[2026-09-11 12:04:39,957][src.tools.lean_utils][INFO] - ????????????????????????????????????????????????????????????????????????????????????????????????????
[2026-09-11 12:04:39,957][src.tools.lean_utils][INFO] - Theorem does not have non-theorem lines
by
  norm_num
[2026-09-11 12:04:39,957][src.tools.lean_utils][INFO] - ????????????????????????????????????????????????????????????????????????????????????????????????????
[2026-09-11 12:04:39,957][src.models.HILBERTWorker][INFO] - ****************************************************************************************************
[2026-09-11 12:04:39,958][src.models.HILBERTWorker][INFO] - Trying to obtain the full theorem statement, attempt 1/3
[2026-09-11 12:04:39,958][src.models.HILBERTWorker][INFO] - ****************************************************************************************************
[2026-09-11 12:04:46,665][src.models.HILBERTWorker][INFO] - ********************************************************************************
[2026-09-11 12:04:46,666][src.models.HILBERTWorker][INFO] - Full theorem statement response (attempt 1)
[2026-09-11 12:04:46,666][src.models.HILBERTWorker][INFO] - ********************************************************************************
[2026-09-11 12:04:46,666][src.models.HILBERTWorker][INFO] - ```lean4
theorem hS₁_mathd_algebra_158 : (∑ k ∈ Finset.range 8, 2 * k + 1) = 64 := by
  norm_num

--- line 184300 ---
[2026-09-11 12:04:39,957][src.tools.lean_utils][INFO] - ????????????????????????????????????????????????????????????????????????????????????????????????????
[2026-09-11 12:04:39,957][src.models.HILBERTWorker][INFO] - ****************************************************************************************************
[2026-09-11 12:04:39,958][src.models.HILBERTWorker][INFO] - Trying to obtain the full theorem statement, attempt 1/3
[2026-09-11 12:04:39,958][src.models.HILBERTWorker][INFO] - ****************************************************************************************************
[2026-09-11 12:04:46,665][src.models.HILBERTWorker][INFO] - ********************************************************************************
[2026-09-11 12:04:46,666][src.models.HILBERTWorker][INFO] - Full theorem statement response (attempt 1)
[2026-09-11 12:04:46,666][src.models.HILBERTWorker][INFO] - ********************************************************************************
[2026-09-11 12:04:46,666][src.models.HILBERTWorker][INFO] - ```lean4
theorem hS₁_mathd_algebra_158 : (∑ k ∈ Finset.range 8, 2 * k + 1) = 64 := by
  norm_num
```
[2026-09-11 12:04:46,666][src.models.HILBERTWorker][INFO] - ********************************************************************************
[2026-09-11 12:04:46,808][src.models.HILBERTWorker][INFO] - RESULT: False
[2026-09-11 12:04:46,808][src.models.HILBERTWorker][INFO] - --------------------------------------------------------------------------------
[2026-09-11 12:04:46,808][src.models.HILBERTWorker][INFO] - Correction passes 2/6
[2026-09-11 12:04:46,808][src.models.HILBERTWorker][INFO] - --------------------------------------------------------------------------------
[2026-09-11 12:04:46,808][src.models.HILBERTWorker][INFO] - Error Message
[2026-09-11 12:04:46,808][src.models.HILBERTWorker][INFO] - 

The provided proof:
```lean4 
import Mathlib
import Aesop

set_option maxHeartbeats 0

open BigOperators Real Nat Topology Rat

theorem hS₁_mathd_algebra_158 : (∑ k ∈ Finset.range 8, 2 * k + 1) = 64 := by
  norm_num
```


Error message from Lean: unsolved goals
⊢ False
The error was encountered while trying to process the following lines:
Error: line number out of range


--- line 184320 ---
```lean4 
import Mathlib
import Aesop

set_option maxHeartbeats 0

open BigOperators Real Nat Topology Rat

theorem hS₁_mathd_algebra_158 : (∑ k ∈ Finset.range 8, 2 * k + 1) = 64 := by
  norm_num
```


Error message from Lean: unsolved goals
⊢ False
The error was encountered while trying to process the following lines:
Error: line number out of range



[2026-09-11 12:04:46,808][src.models.HILBERTWorker][INFO] - --------------------------------------------------------------------------------
[2026-09-11 12:04:46,809][src.models.HILBERTWorker][INFO] - ********************************************************************************
[2026-09-11 12:04:46,809][src.models.HILBERTWorker][INFO] - OBTAINED USEFUL THEOREMS
[2026-09-11 12:04:46,809][src.models.HILBERTWorker][INFO] - 
1. [THEOREM] Multiplicativity of Natural Number Cast: $(m \cdot n : \alpha) = (m : \alpha) \cdot (n : \alpha)$
Module: Mathlib.Data.Nat.Cast.Basic
Name: Nat.cast_mul
Description: For any natural numbers $m, n \in \mathbb{N}$ and any additive monoid with one $\alpha$, the canonical homomorphism from $\mathbb{N}$ to $\alpha$ preserves multiplication, i.e., $(m \cdot n : \alpha) = (m : \alpha) \cdot (n : \alpha)$.
Signature:  (m n : ℕ) : ((m * n : ℕ) : α) = m * n

2. [THEOREM] Every Natural Number is Even or Odd
Module: Mathlib.Algebra.Ring.Parity
Name: Nat.even_or_odd
Description: For every natural number $n$, either $n$ is even or $n$ is odd.
Signature:  (n : ℕ) : Even n ∨ Odd n

3. [THEOREM] Twice the Sum of First $n-1$ Natural Numbers Equals $n(n-1)$
Module: Mathlib.Algebra.BigOperators.Intervals

--- line 184374 ---
Description: For any natural number $n$, the sum of all natural numbers less than $n$ equals $\frac{n(n-1)}{2}$, i.e.,
\[
\sum_{i=0}^{n-1} i = \frac{n(n-1)}{2}.
\]
Signature:  (n : ℕ) : ∑ i ∈ range n, i = n * (n - 1) / 2
[2026-09-11 12:04:46,809][src.models.HILBERTWorker][INFO] - ********************************************************************************
[2026-09-11 12:04:55,622][src.models.HILBERTWorker][INFO] - ********************************************************************************
[2026-09-11 12:04:55,622][src.models.HILBERTWorker][INFO] - Generated Informal Proof:
[2026-09-11 12:04:55,622][src.models.HILBERTWorker][INFO] - theorem hS₂_mathd_algebra_158 (a : ℕ) :
    (∑ k ∈ Finset.range 5, a + 2 * k) = 5 * a + 20 := by
  calc
    (∑ k ∈ Finset.range 5, a + 2 * k)
        = (∑ k ∈ Finset.range 5, a) + (∑ k ∈ Finset.range 5, 2 * k) := by
          simpa [Finset.sum_add_distrib]
    _ = 5 * a + (∑ k ∈ Finset.range 5, 2 * k) := by
          simp [Finset.sum_const_nat]
    _ = 5 * a + 2 * (∑ k ∈ Finset.range 5, k) := by
          rw [← Finset.mul_sum]
    _ = 5 * a + 2 * (5 * (5 - 1) / 2) := by
          simpa [Finset.sum_range_id]
    _ = 5 * a + 20 := by
          norm_num
[2026-09-11 12:04:55,622][src.models.HILBERTWorker][INFO] - ********************************************************************************
[2026-09-11 12:04:56,304][src.models.HILBERTWorker][INFO] - --------------------------------------------------------------------------------
[2026-09-11 12:04:56,305][src.models.HILBERTWorker][INFO] - Correction passes 1/6
[2026-09-11 12:04:56,305][src.models.HILBERTWorker][INFO] - --------------------------------------------------------------------------------
[2026-09-11 12:04:56,305][src.models.HILBERTWorker][INFO] - Error Message
[2026-09-11 12:04:56,305][src.models.HILBERTWorker][INFO] - 

The provided proof:
```lean4 
import Mathlib
import Aesop

set_option maxHeartbeats 0

open BigOperators Real Nat Topology Rat


--- line 184404 ---
```lean4 
import Mathlib
import Aesop

set_option maxHeartbeats 0

open BigOperators Real Nat Topology Rat

theorem hS₂_mathd_algebra_158 (a : ℕ) :
    (∑ k ∈ Finset.range 5, a + 2 * k) = 5 * a + 20 := by
  calc
    (∑ k ∈ Finset.range 5, a + 2 * k)
        = (∑ k ∈ Finset.range 5, a) + (∑ k ∈ Finset.range 5, 2 * k) := by
          simpa [Finset.sum_add_distrib]
    _ = 5 * a + (∑ k ∈ Finset.range 5, 2 * k) := by
          simp [Finset.sum_const_nat]
    _ = 5 * a + 2 * (∑ k ∈ Finset.range 5, k) := by
          rw [← Finset.mul_sum]
    _ = 5 * a + 2 * (5 * (5 - 1) / 2) := by
          simpa [Finset.sum_range_id]
    _ = 5 * a + 20 := by
          norm_num
```


Error message from Lean: tactic 'assumption' failed
k a : ℕ
⊢ 2 * k = ∑ k ∈ Finset.range 5, 2 * k
The error was encountered while trying to process the following lines:
    _ = 5 * a + 2 * (∑ k ∈ Finset.range 5, k) := by



[2026-09-11 12:04:56,305][src.models.HILBERTWorker][INFO] - --------------------------------------------------------------------------------
[2026-09-11 12:04:56,305][src.models.HILBERTWorker][INFO] - ********************************************************************************
[2026-09-11 12:04:56,305][src.models.HILBERTWorker][INFO] - OBTAINED USEFUL THEOREMS
[2026-09-11 12:04:56,305][src.models.HILBERTWorker][INFO] - 
1. [THEOREM] Multiplicativity of Natural Number Cast: $(m \cdot n : \alpha) = (m : \alpha) \cdot (n : \alpha)$

--- line 184480 ---
```lean4 
import Mathlib
import Aesop

set_option maxHeartbeats 0

open BigOperators Real Nat Topology Rat

theorem hS₁_mathd_algebra_158 : (∑ k ∈ Finset.range 8, 2 * k + 1) = 64 := by
  norm_num
```


Error message from Lean: unsolved goals
⊢ False
The error was encountered while trying to process the following lines:
Error: line number out of range



[2026-09-11 12:05:02,173][src.models.HILBERTWorker][INFO] - ```lean
by
  norm_num
```
[2026-09-11 12:05:02,174][src.tools.lean_utils][INFO] - ????????????????????????????????????????????????????????????????????????????????????????????????????
[2026-09-11 12:05:02,174][src.tools.lean_utils][INFO] - Theorem does not have non-theorem lines
by
  norm_num
[2026-09-11 12:05:02,174][src.tools.lean_utils][INFO] - ????????????????????????????????????????????????????????????????????????????????????????????????????
[2026-09-11 12:05:02,174][src.models.HILBERTWorker][INFO] - ****************************************************************************************************
[2026-09-11 12:05:02,174][src.models.HILBERTWorker][INFO] - Trying to obtain the full theorem statement, attempt 1/3
[2026-09-11 12:05:02,175][src.models.HILBERTWorker][INFO] - ****************************************************************************************************
[2026-09-11 12:05:06,543][src.models.HILBERTWorker][INFO] - ********************************************************************************
[2026-09-11 12:05:06,543][src.models.HILBERTWorker][INFO] - Full theorem statement response (attempt 1)
[2026-09-11 12:05:06,543][src.models.HILBERTWorker][INFO] - ********************************************************************************
[2026-09-11 12:05:06,543][src.models.HILBERTWorker][INFO] - ```lean4
theorem hS₁_mathd_algebra_158 : (∑ k ∈ Finset.range 8, 2 * k + 1) = 64 := by
  norm_num

--- line 184508 ---
[2026-09-11 12:05:02,174][src.tools.lean_utils][INFO] - ????????????????????????????????????????????????????????????????????????????????????????????????????
[2026-09-11 12:05:02,174][src.models.HILBERTWorker][INFO] - ****************************************************************************************************
[2026-09-11 12:05:02,174][src.models.HILBERTWorker][INFO] - Trying to obtain the full theorem statement, attempt 1/3
[2026-09-11 12:05:02,175][src.models.HILBERTWorker][INFO] - ****************************************************************************************************
[2026-09-11 12:05:06,543][src.models.HILBERTWorker][INFO] - ********************************************************************************
[2026-09-11 12:05:06,543][src.models.HILBERTWorker][INFO] - Full theorem statement response (attempt 1)
[2026-09-11 12:05:06,543][src.models.HILBERTWorker][INFO] - ********************************************************************************
[2026-09-11 12:05:06,543][src.models.HILBERTWorker][INFO] - ```lean4
theorem hS₁_mathd_algebra_158 : (∑ k ∈ Finset.range 8, 2 * k + 1) = 64 := by
  norm_num
```
[2026-09-11 12:05:06,544][src.models.HILBERTWorker][INFO] - ********************************************************************************
[2026-09-11 12:05:06,681][src.models.HILBERTWorker][INFO] - RESULT: False
[2026-09-11 12:05:06,682][src.models.HILBERTWorker][INFO] - --------------------------------------------------------------------------------
[2026-09-11 12:05:06,682][src.models.HILBERTWorker][INFO] - Correction passes 3/6
[2026-09-11 12:05:06,682][src.models.HILBERTWorker][INFO] - --------------------------------------------------------------------------------
[2026-09-11 12:05:06,682][src.models.HILBERTWorker][INFO] - Error Message
[2026-09-11 12:05:06,683][src.models.HILBERTWorker][INFO] - 

The provided proof:
```lean4 
import Mathlib
import Aesop

set_option maxHeartbeats 0

open BigOperators Real Nat Topology Rat

theorem hS₁_mathd_algebra_158 : (∑ k ∈ Finset.range 8, 2 * k + 1) = 64 := by
  norm_num
```


Error message from Lean: unsolved goals
⊢ False
The error was encountered while trying to process the following lines:
Error: line number out of range


--- line 184528 ---
```lean4 
import Mathlib
import Aesop

set_option maxHeartbeats 0

open BigOperators Real Nat Topology Rat

theorem hS₁_mathd_algebra_158 : (∑ k ∈ Finset.range 8, 2 * k + 1) = 64 := by
  norm_num
```


Error message from Lean: unsolved goals
⊢ False
The error was encountered while trying to process the following lines:
Error: line number out of range



[2026-09-11 12:05:06,683][src.models.HILBERTWorker][INFO] - --------------------------------------------------------------------------------
[2026-09-11 12:05:06,683][src.models.HILBERTWorker][INFO] - ********************************************************************************
[2026-09-11 12:05:06,683][src.models.HILBERTWorker][INFO] - OBTAINED USEFUL THEOREMS
[2026-09-11 12:05:06,683][src.models.HILBERTWorker][INFO] - 
1. [THEOREM] Multiplicativity of Natural Number Cast: $(m \cdot n : \alpha) = (m : \alpha) \cdot (n : \alpha)$
Module: Mathlib.Data.Nat.Cast.Basic
Name: Nat.cast_mul
Description: For any natural numbers $m, n \in \mathbb{N}$ and any additive monoid with one $\alpha$, the canonical homomorphism from $\mathbb{N}$ to $\alpha$ preserves multiplication, i.e., $(m \cdot n : \alpha) = (m : \alpha) \cdot (n : \alpha)$.
Signature:  (m n : ℕ) : ((m * n : ℕ) : α) = m * n

2. [THEOREM] Every Natural Number is Even or Odd
Module: Mathlib.Algebra.Ring.Parity
Name: Nat.even_or_odd
Description: For every natural number $n$, either $n$ is even or $n$ is odd.
Signature:  (n : ℕ) : Even n ∨ Odd n

3. [THEOREM] Twice the Sum of First $n-1$ Natural Numbers Equals $n(n-1)$
Module: Mathlib.Algebra.BigOperators.Intervals

--- line 184582 ---
Description: For any natural number $n$, the sum of all natural numbers less than $n$ equals $\frac{n(n-1)}{2}$, i.e.,
\[
\sum_{i=0}^{n-1} i = \frac{n(n-1)}{2}.
\]
Signature:  (n : ℕ) : ∑ i ∈ range n, i = n * (n - 1) / 2
[2026-09-11 12:05:06,683][src.models.HILBERTWorker][INFO] - ********************************************************************************
[2026-09-11 12:05:16,955][src.models.HILBERTWorker][INFO] - ********************************************************************************
[2026-09-11 12:05:16,956][src.models.HILBERTWorker][INFO] - Generated Informal Proof:
[2026-09-11 12:05:16,956][src.models.HILBERTWorker][INFO] - theorem hS₂_mathd_algebra_158 (a : ℕ) :
    (∑ k ∈ Finset.range 5, a + 2 * k) = 5 * a + 20 := by
  calc
    (∑ k ∈ Finset.range 5, a + 2 * k)
        = (∑ k ∈ Finset.range 5, a) + (∑ k ∈ Finset.range 5, 2 * k) := by
          simpa [add_comm, add_left_comm, add_assoc] using
            (Finset.sum_add_distrib (s := Finset.range 5)
              (f := fun _ => a) (g := fun k => 2 * k))
    _ = (Finset.card (Finset.range 5)) * a + (∑ k ∈ Finset.range 5, 2 * k) := by
          simpa using (Finset.sum_const_nat (s := Finset.range 5) (n := a))
    _ = 5 * a + (∑ k ∈ Finset.range 5, 2 * k) := by
          simpa [Finset.card_range]
    _ = 5 * a + (∑ k ∈ Finset.range 5, k) * 2 := by
          simpa [mul_comm] using
            (Finset.sum_mul (s := Finset.range 5) (f := fun k => k) (a := 2))
    _ = 5 * a + (5 * (5 - 1) / 2) * 2 := by
          rw [Finset.sum_range_id]
    _ = 5 * a + 20 := by
          norm_num
[2026-09-11 12:05:16,956][src.models.HILBERTWorker][INFO] - ********************************************************************************
[2026-09-11 12:05:17,915][src.models.HILBERTWorker][INFO] - --------------------------------------------------------------------------------
[2026-09-11 12:05:17,915][src.models.HILBERTWorker][INFO] - Correction passes 1/6
[2026-09-11 12:05:17,916][src.models.HILBERTWorker][INFO] - --------------------------------------------------------------------------------
[2026-09-11 12:05:17,916][src.models.HILBERTWorker][INFO] - Error Message
[2026-09-11 12:05:17,916][src.models.HILBERTWorker][INFO] - 

The provided proof:
```lean4 
import Mathlib
import Aesop

--- line 184617 ---
```lean4 
import Mathlib
import Aesop

set_option maxHeartbeats 0

open BigOperators Real Nat Topology Rat

theorem hS₂_mathd_algebra_158 (a : ℕ) :
    (∑ k ∈ Finset.range 5, a + 2 * k) = 5 * a + 20 := by
  calc
    (∑ k ∈ Finset.range 5, a + 2 * k)
        = (∑ k ∈ Finset.range 5, a) + (∑ k ∈ Finset.range 5, 2 * k) := by
          simpa [add_comm, add_left_comm, add_assoc] using
            (Finset.sum_add_distrib (s := Finset.range 5)
              (f := fun _ => a) (g := fun k => 2 * k))
    _ = (Finset.card (Finset.range 5)) * a + (∑ k ∈ Finset.range 5, 2 * k) := by
          simpa using (Finset.sum_const_nat (s := Finset.range 5) (n := a))
    _ = 5 * a + (∑ k ∈ Finset.range 5, 2 * k) := by
          simpa [Finset.card_range]
    _ = 5 * a + (∑ k ∈ Finset.range 5, k) * 2 := by
          simpa [mul_comm] using
            (Finset.sum_mul (s := Finset.range 5) (f := fun k => k) (a := 2))
    _ = 5 * a + (5 * (5 - 1) / 2) * 2 := by
          rw [Finset.sum_range_id]
    _ = 5 * a + 20 := by
          norm_num
```


Error message from Lean: type mismatch, term
  Finset.sum_add_distrib
after simplification has type
  ∑ x ∈ Finset.range 5, (a + 2 * x) = ∑ x ∈ Finset.range 5, 2 * x + 5 * a : Prop
but is expected to have type
  2 * k = ∑ k ∈ Finset.range 5, 2 * k : Prop
The error was encountered while trying to process the following lines:
    _ = (Finset.card (Finset.range 5)) * a + (∑ k ∈ Finset.range 5, 2 * k) := by

--- line 184694 ---
Description: For any natural number $n$, the sum of all natural numbers less than $n$ equals $\frac{n(n-1)}{2}$, i.e.,
\[
\sum_{i=0}^{n-1} i = \frac{n(n-1)}{2}.
\]
Signature:  (n : ℕ) : ∑ i ∈ range n, i = n * (n - 1) / 2
[2026-09-11 12:05:17,917][src.models.HILBERTWorker][INFO] - ********************************************************************************
[2026-09-11 12:05:18,997][src.models.HILBERTWorker][INFO] - ********************************************************************************
[2026-09-11 12:05:18,997][src.models.HILBERTWorker][INFO] - Generated Informal Proof:
[2026-09-11 12:05:18,997][src.models.HILBERTWorker][INFO] - theorem hS₂_mathd_algebra_158 (a : ℕ) :
    (∑ k ∈ Finset.range 5, a + 2 * k) = 5 * a + 20 := by
  -- sum of the constant part
  have h_const : (∑ k ∈ Finset.range 5, a) = 5 * a := by
    have h : ∀ k ∈ Finset.range 5, (fun _ : ℕ => a) k = a := by
      intro k hk; rfl
    simpa [Finset.card_range] using
      (Finset.sum_const_nat (s := Finset.range 5) (m := a) (f := fun _ => a) h)
  -- pull the factor 2 out of the second sum
  have h_mul : (∑ k ∈ Finset.range 5, 2 * k) = 2 * (∑ k ∈ Finset.range 5, k) := by
    simpa [mul_comm] using (Finset.mul_sum (s := Finset.range 5) (a := 2) (f := fun k => k)).symm
  -- evaluate the sum of the indices
  have h_k : (∑ k ∈ Finset.range 5, k) = 5 * 4 / 2 := by
    simpa using (Finset.sum_range_id 5)
  -- combine everything
  calc
    (∑ k ∈ Finset.range 5, a + 2 * k)
        = (∑ k ∈ Finset.range 5, a) + (∑ k ∈ Finset.range 5, 2 * k) := by
          simpa using
            (Finset.sum_add_distrib (s := Finset.range 5)
              (f := fun k => a) (g := fun k => 2 * k))
    _ = 5 * a + 2 * (∑ k ∈ Finset.range 5, k) := by
          simpa [h_const, h_mul]
    _ = 5 * a + 2 * (5 * 4 / 2) := by
          simpa [h_k]
    _ = 5 * a + 20 := by
          norm_num
[2026-09-11 12:05:18,998][src.models.HILBERTWorker][INFO] - ********************************************************************************
[2026-09-11 12:05:20,186][src.models.HILBERTWorker][INFO] - --------------------------------------------------------------------------------
[2026-09-11 12:05:20,186][src.models.HILBERTWorker][INFO] - Correction passes 1/6

--- line 184737 ---
```lean4 
import Mathlib
import Aesop

set_option maxHeartbeats 0

open BigOperators Real Nat Topology Rat

theorem hS₂_mathd_algebra_158 (a : ℕ) :
    (∑ k ∈ Finset.range 5, a + 2 * k) = 5 * a + 20 := by
  -- sum of the constant part
  have h_const : (∑ k ∈ Finset.range 5, a) = 5 * a := by
    have h : ∀ k ∈ Finset.range 5, (fun _ : ℕ => a) k = a := by
      intro k hk; rfl
    simpa [Finset.card_range] using
      (Finset.sum_const_nat (s := Finset.range 5) (m := a) (f := fun _ => a) h)
  -- pull the factor 2 out of the second sum
  have h_mul : (∑ k ∈ Finset.range 5, 2 * k) = 2 * (∑ k ∈ Finset.range 5, k) := by
    simpa [mul_comm] using (Finset.mul_sum (s := Finset.range 5) (a := 2) (f := fun k => k)).symm
  -- evaluate the sum of the indices
  have h_k : (∑ k ∈ Finset.range 5, k) = 5 * 4 / 2 := by
    simpa using (Finset.sum_range_id 5)
  -- combine everything
  calc
    (∑ k ∈ Finset.range 5, a + 2 * k)
        = (∑ k ∈ Finset.range 5, a) + (∑ k ∈ Finset.range 5, 2 * k) := by
          simpa using
            (Finset.sum_add_distrib (s := Finset.range 5)
              (f := fun k => a) (g := fun k => 2 * k))
    _ = 5 * a + 2 * (∑ k ∈ Finset.range 5, k) := by
          simpa [h_const, h_mul]
    _ = 5 * a + 2 * (5 * 4 / 2) := by
          simpa [h_k]
    _ = 5 * a + 20 := by
          norm_num
```



--- line 184831 ---
```lean4 
import Mathlib
import Aesop

set_option maxHeartbeats 0

open BigOperators Real Nat Topology Rat

theorem hS₁_mathd_algebra_158 : (∑ k ∈ Finset.range 8, 2 * k + 1) = 64 := by
  norm_num
```


Error message from Lean: unsolved goals
⊢ False
The error was encountered while trying to process the following lines:
Error: line number out of range



[2026-09-11 12:05:21,697][src.models.HILBERTWorker][INFO] - ```lean
by
  -- Split the sum into the sum of the even part and the sum of the constant part
  have hsplit :
      (∑ k ∈ Finset.range 8, (2 * k + 1)) =
        (∑ k ∈ Finset.range 8, (2 * k)) + (∑ k ∈ Finset.range 8, (1 : ℕ)) := by
    simpa [Finset.sum_add_distrib, add_comm, add_left_comm, add_assoc] using
      (Finset.sum_add_distrib (s := Finset.range 8)
        (f := fun k => 2 * k) (g := fun _ => (1 : ℕ)))
  calc
    (∑ k ∈ Finset.range 8, 2 * k + 1)
        = (∑ k ∈ Finset.range 8, (2 * k)) + (∑ k ∈ Finset.range 8, (1 : ℕ)) := hsplit
    _ = 2 * (∑ k ∈ Finset.range 8, k) + 8 := by
      simp [Finset.mul_sum, Finset.card_range, Nat.mul_comm, Nat.mul_left_comm, Nat.mul_assoc]
    _ = 2 * (8 * 7 / 2) + 8 := by
      simp [Finset.sum_range_id]
    _ = 64 := by
      norm_num

--- line 184887 ---
    _ = 64 := by
      norm_num
[2026-09-11 12:05:21,698][src.tools.lean_utils][INFO] - ????????????????????????????????????????????????????????????????????????????????????????????????????
[2026-09-11 12:05:21,699][src.models.HILBERTWorker][INFO] - ****************************************************************************************************
[2026-09-11 12:05:21,699][src.models.HILBERTWorker][INFO] - Trying to obtain the full theorem statement, attempt 1/3
[2026-09-11 12:05:21,699][src.models.HILBERTWorker][INFO] - ****************************************************************************************************
[2026-09-11 12:05:23,668][src.models.HILBERTWorker][INFO] - ********************************************************************************
[2026-09-11 12:05:23,668][src.models.HILBERTWorker][INFO] - Generated Informal Proof:
[2026-09-11 12:05:23,668][src.models.HILBERTWorker][INFO] - theorem hS₁_mathd_algebra_158 : (∑ k ∈ Finset.range 8, 2 * k + 1) = 64 := by
  -- rewrite the sum as the sum of two simpler sums
  have h₂sum :
      (∑ k in Finset.range 8, (2 * k : ℕ)) = 2 * (∑ k in Finset.range 8, k) := by
    simpa [mul_comm] using (Finset.mul_sum (2) (Finset.range 8) (fun k => k)).symm
  have h_one :
      (∑ _k in Finset.range 8, (1 : ℕ)) = 8 := by
    simpa using (Finset.card_range 8)
  calc
    (∑ k in Finset.range 8, 2 * k + 1)
        = (∑ k in Finset.range 8, (2 * k : ℕ)) + (∑ _k in Finset.range 8, (1 : ℕ)) := by
          simpa [Finset.sum_add_distrib] using
            (Finset.sum_add_distrib (fun k => (2 * k : ℕ)) (fun _ => (1 : ℕ)) (Finset.range 8))
    _ = 2 * (∑ k in Finset.range 8, k) + 8 := by
          simpa [h₂sum, h_one]
    _ = 2 * (8 * 7 / 2) + 8 := by
          simpa [Finset.sum_range_id]
    _ = 64 := by
          norm_num
[2026-09-11 12:05:23,669][src.models.HILBERTWorker][INFO] - ********************************************************************************
[2026-09-11 12:05:24,694][src.models.HILBERTWorker][INFO] - --------------------------------------------------------------------------------
[2026-09-11 12:05:24,694][src.models.HILBERTWorker][INFO] - Correction passes 1/6
[2026-09-11 12:05:24,694][src.models.HILBERTWorker][INFO] - --------------------------------------------------------------------------------
[2026-09-11 12:05:24,694][src.models.HILBERTWorker][INFO] - Error Message
[2026-09-11 12:05:24,695][src.models.HILBERTWorker][INFO] - 

The provided proof:
```lean4 
import Mathlib
import Aesop

--- line 184922 ---
```lean4 
import Mathlib
import Aesop

set_option maxHeartbeats 0

open BigOperators Real Nat Topology Rat

theorem hS₁_mathd_algebra_158 : (∑ k ∈ Finset.range 8, 2 * k + 1) = 64 := by
  -- rewrite the sum as the sum of two simpler sums
  have h₂sum :
      (∑ k in Finset.range 8, (2 * k : ℕ)) = 2 * (∑ k in Finset.range 8, k) := by
    simpa [mul_comm] using (Finset.mul_sum (2) (Finset.range 8) (fun k => k)).symm
  have h_one :
      (∑ _k in Finset.range 8, (1 : ℕ)) = 8 := by
    simpa using (Finset.card_range 8)
  calc
    (∑ k in Finset.range 8, 2 * k + 1)
        = (∑ k in Finset.range 8, (2 * k : ℕ)) + (∑ _k in Finset.range 8, (1 : ℕ)) := by
          simpa [Finset.sum_add_distrib] using
            (Finset.sum_add_distrib (fun k => (2 * k : ℕ)) (fun _ => (1 : ℕ)) (Finset.range 8))
    _ = 2 * (∑ k in Finset.range 8, k) + 8 := by
          simpa [h₂sum, h_one]
    _ = 2 * (8 * 7 / 2) + 8 := by
          simpa [Finset.sum_range_id]
    _ = 64 := by
          norm_num
```


Error message from Lean: typeclass instance problem is stuck, it is often due to metavariables
  NonUnitalNonAssocSemiring (?m.2591 → ?m.2591)
The error was encountered while trying to process the following lines:
    simpa using (Finset.card_range 8)



Error message from Lean: function expected at

--- line 185004 ---
\sum_{i=0}^{n-1} i = \frac{n(n-1)}{2}.
\]
Signature:  (n : ℕ) : ∑ i ∈ range n, i = n * (n - 1) / 2
[2026-09-11 12:05:24,696][src.models.HILBERTWorker][INFO] - ********************************************************************************
[2026-09-11 12:05:30,142][src.models.HILBERTWorker][INFO] - ********************************************************************************
[2026-09-11 12:05:30,142][src.models.HILBERTWorker][INFO] - Full theorem statement response (attempt 1)
[2026-09-11 12:05:30,142][src.models.HILBERTWorker][INFO] - ********************************************************************************
[2026-09-11 12:05:30,142][src.models.HILBERTWorker][INFO] - ```lean
theorem hS₁_mathd_algebra_158 : (∑ k ∈ Finset.range 8, 2 * k + 1) = 64 := by
  norm_num
```
[2026-09-11 12:05:30,143][src.models.HILBERTWorker][INFO] - ********************************************************************************
[2026-09-11 12:05:30,321][src.models.HILBERTWorker][INFO] - RESULT: False
[2026-09-11 12:05:30,321][src.models.HILBERTWorker][INFO] - --------------------------------------------------------------------------------
[2026-09-11 12:05:30,322][src.models.HILBERTWorker][INFO] - Correction passes 2/6
[2026-09-11 12:05:30,322][src.models.HILBERTWorker][INFO] - --------------------------------------------------------------------------------
[2026-09-11 12:05:30,322][src.models.HILBERTWorker][INFO] - Error Message
[2026-09-11 12:05:30,322][src.models.HILBERTWorker][INFO] - 

The provided proof:
```lean4 
import Mathlib
import Aesop

set_option maxHeartbeats 0

open BigOperators Real Nat Topology Rat

theorem hS₁_mathd_algebra_158 : (∑ k ∈ Finset.range 8, 2 * k + 1) = 64 := by
  norm_num
```


Error message from Lean: unsolved goals
⊢ False
The error was encountered while trying to process the following lines:
Error: line number out of range


--- line 185024 ---
```lean4 
import Mathlib
import Aesop

set_option maxHeartbeats 0

open BigOperators Real Nat Topology Rat

theorem hS₁_mathd_algebra_158 : (∑ k ∈ Finset.range 8, 2 * k + 1) = 64 := by
  norm_num
```


Error message from Lean: unsolved goals
⊢ False
The error was encountered while trying to process the following lines:
Error: line number out of range



[2026-09-11 12:05:30,323][src.models.HILBERTWorker][INFO] - --------------------------------------------------------------------------------
[2026-09-11 12:05:30,323][src.models.HILBERTWorker][INFO] - ********************************************************************************
[2026-09-11 12:05:30,323][src.models.HILBERTWorker][INFO] - OBTAINED USEFUL THEOREMS
[2026-09-11 12:05:30,323][src.models.HILBERTWorker][INFO] - 
1. [THEOREM] Multiplicativity of Natural Number Cast: $(m \cdot n : \alpha) = (m : \alpha) \cdot (n : \alpha)$
Module: Mathlib.Data.Nat.Cast.Basic
Name: Nat.cast_mul
Description: For any natural numbers $m, n \in \mathbb{N}$ and any additive monoid with one $\alpha$, the canonical homomorphism from $\mathbb{N}$ to $\alpha$ preserves multiplication, i.e., $(m \cdot n : \alpha) = (m : \alpha) \cdot (n : \alpha)$.
Signature:  (m n : ℕ) : ((m * n : ℕ) : α) = m * n

2. [THEOREM] Every Natural Number is Even or Odd
Module: Mathlib.Algebra.Ring.Parity
Name: Nat.even_or_odd
Description: For every natural number $n$, either $n$ is even or $n$ is odd.
Signature:  (n : ℕ) : Even n ∨ Odd n

3. [THEOREM] Twice the Sum of First $n-1$ Natural Numbers Equals $n(n-1)$
Module: Mathlib.Algebra.BigOperators.Intervals

--- line 185078 ---
Description: For any natural number $n$, the sum of all natural numbers less than $n$ equals $\frac{n(n-1)}{2}$, i.e.,
\[
\sum_{i=0}^{n-1} i = \frac{n(n-1)}{2}.
\]
Signature:  (n : ℕ) : ∑ i ∈ range n, i = n * (n - 1) / 2
[2026-09-11 12:05:30,324][src.models.HILBERTWorker][INFO] - ********************************************************************************
[2026-09-11 12:05:31,441][src.models.HILBERTWorker][INFO] - ********************************************************************************
[2026-09-11 12:05:31,441][src.models.HILBERTWorker][INFO] - Generated Informal Proof:
[2026-09-11 12:05:31,442][src.models.HILBERTWorker][INFO] - theorem hS₁_mathd_algebra_158 : (∑ k ∈ Finset.range 8, 2 * k + 1) = 64 := by
  -- Split the sum into the linear and constant parts
  have hsplit :
      (∑ k ∈ Finset.range 8, 2 * k + 1) =
        (∑ k ∈ Finset.range 8, 2 * k) + (∑ k ∈ Finset.range 8, (1 : ℕ)) := by
    simpa [add_comm, add_left_comm, add_assoc] using
      (Finset.sum_add_distrib (s := Finset.range 8)
        (f := fun k => 2 * k) (g := fun k => (1 : ℕ)))
  -- Pull the constant 2 out of the first sum
  have htwo :
      (∑ k ∈ Finset.range 8, 2 * k) = 2 * (∑ k ∈ Finset.range 8, k) := by
    simpa [mul_comm] using
      (Finset.mul_sum (s := Finset.range 8) (a := (2 : ℕ)) (f := fun k => k)).symm
  -- Evaluate the sum of the identity function
  have hsum_id : (∑ k ∈ Finset.range 8, k) = 8 * 7 / 2 := by
    simpa using (Finset.sum_range_id 8)
  -- Evaluate the sum of the constant 1
  have hconst_one :
      (∑ k ∈ Finset.range 8, (1 : ℕ)) = 8 := by
    simpa using
      (Finset.sum_const_nat (s := Finset.range 8) (m := (1 : ℕ))
        (f := fun _ => (1 : ℕ)) (by intro x hx; rfl))
  -- Assemble the pieces
  calc
    (∑ k ∈ Finset.range 8, 2 * k + 1)
        = (∑ k ∈ Finset.range 8, 2 * k) + (∑ k ∈ Finset.range 8, (1 : ℕ)) := hsplit
    _ = 2 * (∑ k ∈ Finset.range 8, k) + 8 := by
      rw [htwo, hconst_one]
    _ = 2 * (8 * 7 / 2) + 8 := by
      rw [hsum_id]

--- line 185128 ---
```lean4 
import Mathlib
import Aesop

set_option maxHeartbeats 0

open BigOperators Real Nat Topology Rat

theorem hS₁_mathd_algebra_158 : (∑ k ∈ Finset.range 8, 2 * k + 1) = 64 := by
  -- Split the sum into the linear and constant parts
  have hsplit :
      (∑ k ∈ Finset.range 8, 2 * k + 1) =
        (∑ k ∈ Finset.range 8, 2 * k) + (∑ k ∈ Finset.range 8, (1 : ℕ)) := by
    simpa [add_comm, add_left_comm, add_assoc] using
      (Finset.sum_add_distrib (s := Finset.range 8)
        (f := fun k => 2 * k) (g := fun k => (1 : ℕ)))
  -- Pull the constant 2 out of the first sum
  have htwo :
      (∑ k ∈ Finset.range 8, 2 * k) = 2 * (∑ k ∈ Finset.range 8, k) := by
    simpa [mul_comm] using
      (Finset.mul_sum (s := Finset.range 8) (a := (2 : ℕ)) (f := fun k => k)).symm
  -- Evaluate the sum of the identity function
  have hsum_id : (∑ k ∈ Finset.range 8, k) = 8 * 7 / 2 := by
    simpa using (Finset.sum_range_id 8)
  -- Evaluate the sum of the constant 1
  have hconst_one :
      (∑ k ∈ Finset.range 8, (1 : ℕ)) = 8 := by
    simpa using
      (Finset.sum_const_nat (s := Finset.range 8) (m := (1 : ℕ))
        (f := fun _ => (1 : ℕ)) (by intro x hx; rfl))
  -- Assemble the pieces
  calc
    (∑ k ∈ Finset.range 8, 2 * k + 1)
        = (∑ k ∈ Finset.range 8, 2 * k) + (∑ k ∈ Finset.range 8, (1 : ℕ)) := hsplit
    _ = 2 * (∑ k ∈ Finset.range 8, k) + 8 := by
      rw [htwo, hconst_one]
    _ = 2 * (8 * 7 / 2) + 8 := by
      rw [hsum_id]

--- line 185229 ---
```lean4 
import Mathlib
import Aesop

set_option maxHeartbeats 0

open BigOperators Real Nat Topology Rat

theorem hS₁_mathd_algebra_158 : (∑ k ∈ Finset.range 8, 2 * k + 1) = 64 := by
  norm_num
```


Error message from Lean: unsolved goals
⊢ False
The error was encountered while trying to process the following lines:
Error: line number out of range



[2026-09-11 12:05:33,264][src.models.HILBERTWorker][INFO] - by
  decide
[2026-09-11 12:05:33,264][src.tools.string][INFO] - No code fence; the response itself looks like Lean. Using it as-is.
[2026-09-11 12:05:33,264][src.tools.lean_utils][INFO] - ????????????????????????????????????????????????????????????????????????????????????????????????????
[2026-09-11 12:05:33,264][src.tools.lean_utils][INFO] - Theorem does not have non-theorem lines
by
  decide
[2026-09-11 12:05:33,265][src.tools.lean_utils][INFO] - ????????????????????????????????????????????????????????????????????????????????????????????????????
[2026-09-11 12:05:33,265][src.models.HILBERTWorker][INFO] - ****************************************************************************************************
[2026-09-11 12:05:33,265][src.models.HILBERTWorker][INFO] - Trying to obtain the full theorem statement, attempt 1/3
[2026-09-11 12:05:33,265][src.models.HILBERTWorker][INFO] - ****************************************************************************************************
[2026-09-11 12:05:33,807][src.models.HILBERTWorker][INFO] - ********************************************************************************
[2026-09-11 12:05:33,807][src.models.HILBERTWorker][INFO] - Generated Formal Proof:
[2026-09-11 12:05:33,807][src.models.HILBERTWorker][INFO] - theorem h_coeffs_zero_real_algebra_apbmpcneq0_aeq0anbeq0anceq0 {a b c : ℚ} {m : ℝ}
    (h_poly :
        (c : ℝ) * m ^ 2 + (b : ℝ) * m + (a : ℝ) = 0)
    (h_lin_ind :
        LinearIndependent ℚ (fun i : Fin 3 => (![ (1 : ℝ), m, m ^ 2 ] i))) :

--- line 185385 ---
    have h₅ : (b : ℝ) = 0 := by norm_cast <;> simp [h₂]
    have h₆ : (c : ℝ) = 0 := by norm_cast <;> simp [h₃]
    exact ⟨h₄, h₅, h₆⟩
  
  exact h_final
[2026-09-11 12:05:33,808][src.models.HILBERTWorker][INFO] - ********************************************************************************
[2026-09-11 12:05:35,685][src.models.HILBERTWorker][INFO] - ********************************************************************************
[2026-09-11 12:05:35,686][src.models.HILBERTWorker][INFO] - Generated Informal Proof:
[2026-09-11 12:05:35,686][src.models.HILBERTWorker][INFO] - theorem hS₂_mathd_algebra_158 (a : ℕ) :
    (∑ k ∈ Finset.range 5, a + 2 * k) = 5 * a + 20 := by
  -- sum of the constant term `a`
  have hsum_const : (∑ k ∈ Finset.range 5, a) = 5 * a := by
    simpa [Finset.card_range] using
      (Finset.sum_const_nat (s := Finset.range 5) (m := a) (by
        intro x hx; rfl))
  -- sum of the indices `k`
  have hsum_k : (∑ k ∈ Finset.range 5, k) = 10 := by
    simpa using (Finset.sum_range_id 5)
  calc
    (∑ k ∈ Finset.range 5, a + 2 * k)
        = (∑ k ∈ Finset.range 5, a) + (∑ k ∈ Finset.range 5, 2 * k) := by
          simpa [Finset.sum_add_distrib]
    _ = (∑ k ∈ Finset.range 5, a) + 2 * (∑ k ∈ Finset.range 5, k) := by
          simpa [mul_comm, mul_left_comm, mul_assoc] using
            (by
              rw [← Finset.mul_sum])
    _ = 5 * a + 2 * (∑ k ∈ Finset.range 5, k) := by
          simpa [hsum_const]
    _ = 5 * a + 2 * 10 := by
          simpa [hsum_k]
    _ = 5 * a + 20 := by
          norm_num
[2026-09-11 12:05:35,686][src.models.HILBERTWorker][INFO] - ********************************************************************************
[2026-09-11 12:05:36,725][src.models.HILBERTWorker][INFO] - --------------------------------------------------------------------------------
[2026-09-11 12:05:36,726][src.models.HILBERTWorker][INFO] - Correction passes 1/6
[2026-09-11 12:05:36,726][src.models.HILBERTWorker][INFO] - --------------------------------------------------------------------------------
[2026-09-11 12:05:36,726][src.models.HILBERTWorker][INFO] - Error Message
[2026-09-11 12:05:36,726][src.models.HILBERTWorker][INFO] - 

--- line 185425 ---
```lean4 
import Mathlib
import Aesop

set_option maxHeartbeats 0

open BigOperators Real Nat Topology Rat

theorem hS₂_mathd_algebra_158 (a : ℕ) :
    (∑ k ∈ Finset.range 5, a + 2 * k) = 5 * a + 20 := by
  -- sum of the constant term `a`
  have hsum_const : (∑ k ∈ Finset.range 5, a) = 5 * a := by
    simpa [Finset.card_range] using
      (Finset.sum_const_nat (s := Finset.range 5) (m := a) (by
        intro x hx; rfl))
  -- sum of the indices `k`
  have hsum_k : (∑ k ∈ Finset.range 5, k) = 10 := by
    simpa using (Finset.sum_range_id 5)
  calc
    (∑ k ∈ Finset.range 5, a + 2 * k)
        = (∑ k ∈ Finset.range 5, a) + (∑ k ∈ Finset.range 5, 2 * k) := by
          simpa [Finset.sum_add_distrib]
    _ = (∑ k ∈ Finset.range 5, a) + 2 * (∑ k ∈ Finset.range 5, k) := by
          simpa [mul_comm, mul_left_comm, mul_assoc] using
            (by
              rw [← Finset.mul_sum])
    _ = 5 * a + 2 * (∑ k ∈ Finset.range 5, k) := by
          simpa [hsum_const]
    _ = 5 * a + 2 * 10 := by
          simpa [hsum_k]
    _ = 5 * a + 20 := by
          norm_num
```


Error message from Lean: tactic 'assumption' failed
k a : ℕ
hsum_const : ∑ k ∈ Finset.range 5, a = 5 * a

--- line 185612 ---
```lean4 
import Mathlib
import Aesop

set_option maxHeartbeats 0

open BigOperators Real Nat Topology Rat

theorem hS₂_mathd_algebra_158 (a : ℕ) :
    (∑ k ∈ Finset.range 5, a + 2 * k) = 5 * a + 20 := by
  calc
    (∑ k ∈ Finset.range 5, a + 2 * k)
        = (∑ k ∈ Finset.range 5, a) + (∑ k ∈ Finset.range 5, 2 * k) := by
          simpa [Finset.sum_add_distrib]
    _ = 5 * a + (∑ k ∈ Finset.range 5, 2 * k) := by
          simp [Finset.sum_const_nat]
    _ = 5 * a + 2 * (∑ k ∈ Finset.range 5, k) := by
          rw [← Finset.mul_sum]
    _ = 5 * a + 2 * (5 * (5 - 1) / 2) := by
          simpa [Finset.sum_range_id]
    _ = 5 * a + 20 := by
          norm_num
```


Error message from Lean: tactic 'assumption' failed
k a : ℕ
⊢ 2 * k = ∑ k ∈ Finset.range 5, 2 * k
The error was encountered while trying to process the following lines:
    _ = 5 * a + 2 * (∑ k ∈ Finset.range 5, k) := by



[2026-09-11 12:05:41,901][src.models.HILBERTWorker][INFO] - ```lean
by
  calc
    (∑ k ∈ Finset.range 5, a + 2 * k)
        = (∑ k ∈ Finset.range 5, a) + (∑ k ∈ Finset.range 5, 2 * k) := by

--- line 185915 ---
```lean4 
import Mathlib
import Aesop

set_option maxHeartbeats 0

open BigOperators Real Nat Topology Rat

theorem hS₁_mathd_algebra_158 : (∑ k ∈ Finset.range 8, 2 * k + 1) = 64 := by
  norm_num
```


Error message from Lean: unsolved goals
⊢ False
The error was encountered while trying to process the following lines:
Error: line number out of range



[2026-09-11 12:05:42,816][src.models.HILBERTWorker][INFO] - ```lean
by
  norm_num
```
[2026-09-11 12:05:42,816][src.tools.lean_utils][INFO] - ????????????????????????????????????????????????????????????????????????????????????????????????????
[2026-09-11 12:05:42,816][src.tools.lean_utils][INFO] - Theorem does not have non-theorem lines
by
  norm_num
[2026-09-11 12:05:42,816][src.tools.lean_utils][INFO] - ????????????????????????????????????????????????????????????????????????????????????????????????????
[2026-09-11 12:05:42,816][src.models.HILBERTWorker][INFO] - ****************************************************************************************************
[2026-09-11 12:05:42,816][src.models.HILBERTWorker][INFO] - Trying to obtain the full theorem statement, attempt 1/3
[2026-09-11 12:05:42,817][src.models.HILBERTWorker][INFO] - ****************************************************************************************************
[2026-09-11 12:05:43,186][src.models.HILBERTWorker][INFO] - ********************************************************************************
[2026-09-11 12:05:43,187][src.models.HILBERTWorker][INFO] - Full theorem statement response (attempt 1)
[2026-09-11 12:05:43,187][src.models.HILBERTWorker][INFO] - ********************************************************************************
[2026-09-11 12:05:43,187][src.models.HILBERTWorker][INFO] - ```lean4
theorem hS₁_mathd_algebra_158 : (∑ k ∈ Finset.range 8, 2 * k + 1) = 64 := by
  decide

--- line 185943 ---
[2026-09-11 12:05:42,816][src.tools.lean_utils][INFO] - ????????????????????????????????????????????????????????????????????????????????????????????????????
[2026-09-11 12:05:42,816][src.models.HILBERTWorker][INFO] - ****************************************************************************************************
[2026-09-11 12:05:42,816][src.models.HILBERTWorker][INFO] - Trying to obtain the full theorem statement, attempt 1/3
[2026-09-11 12:05:42,817][src.models.HILBERTWorker][INFO] - ****************************************************************************************************
[2026-09-11 12:05:43,186][src.models.HILBERTWorker][INFO] - ********************************************************************************
[2026-09-11 12:05:43,187][src.models.HILBERTWorker][INFO] - Full theorem statement response (attempt 1)
[2026-09-11 12:05:43,187][src.models.HILBERTWorker][INFO] - ********************************************************************************
[2026-09-11 12:05:43,187][src.models.HILBERTWorker][INFO] - ```lean4
theorem hS₁_mathd_algebra_158 : (∑ k ∈ Finset.range 8, 2 * k + 1) = 64 := by
  decide
```
[2026-09-11 12:05:43,187][src.models.HILBERTWorker][INFO] - ********************************************************************************
[2026-09-11 12:05:43,343][src.models.HILBERTWorker][INFO] - RESULT: False
[2026-09-11 12:05:43,344][src.models.HILBERTWorker][INFO] - --------------------------------------------------------------------------------
[2026-09-11 12:05:43,344][src.models.HILBERTWorker][INFO] - Correction passes 4/6
[2026-09-11 12:05:43,345][src.models.HILBERTWorker][INFO] - --------------------------------------------------------------------------------
[2026-09-11 12:05:43,345][src.models.HILBERTWorker][INFO] - Error Message
[2026-09-11 12:05:43,345][src.models.HILBERTWorker][INFO] - 

The provided proof:
```lean4 
import Mathlib
import Aesop

set_option maxHeartbeats 0

open BigOperators Real Nat Topology Rat

theorem hS₁_mathd_algebra_158 : (∑ k ∈ Finset.range 8, 2 * k + 1) = 64 := by
  decide
```


Error message from Lean: tactic 'decide' proved that the proposition
  ∑ k ∈ Finset.range 8, 2 * k + 1 = 64
is false
The error was encountered while trying to process the following lines:
Error: line number out of range

--- line 185963 ---
```lean4 
import Mathlib
import Aesop

set_option maxHeartbeats 0

open BigOperators Real Nat Topology Rat

theorem hS₁_mathd_algebra_158 : (∑ k ∈ Finset.range 8, 2 * k + 1) = 64 := by
  decide
```


Error message from Lean: tactic 'decide' proved that the proposition
  ∑ k ∈ Finset.range 8, 2 * k + 1 = 64
is false
The error was encountered while trying to process the following lines:
Error: line number out of range



[2026-09-11 12:05:43,345][src.models.HILBERTWorker][INFO] - --------------------------------------------------------------------------------
[2026-09-11 12:05:43,345][src.models.HILBERTWorker][INFO] - ********************************************************************************
[2026-09-11 12:05:43,345][src.models.HILBERTWorker][INFO] - OBTAINED USEFUL THEOREMS
[2026-09-11 12:05:43,346][src.models.HILBERTWorker][INFO] - 
1. [THEOREM] Multiplicativity of Natural Number Cast: $(m \cdot n : \alpha) = (m : \alpha) \cdot (n : \alpha)$
Module: Mathlib.Data.Nat.Cast.Basic
Name: Nat.cast_mul
Description: For any natural numbers $m, n \in \mathbb{N}$ and any additive monoid with one $\alpha$, the canonical homomorphism from $\mathbb{N}$ to $\alpha$ preserves multiplication, i.e., $(m \cdot n : \alpha) = (m : \alpha) \cdot (n : \alpha)$.
Signature:  (m n : ℕ) : ((m * n : ℕ) : α) = m * n

2. [THEOREM] Every Natural Number is Even or Odd
Module: Mathlib.Algebra.Ring.Parity
Name: Nat.even_or_odd
Description: For every natural number $n$, either $n$ is even or $n$ is odd.
Signature:  (n : ℕ) : Even n ∨ Odd n

3. [THEOREM] Twice the Sum of First $n-1$ Natural Numbers Equals $n(n-1)$

--- line 186326 ---


[2026-09-11 12:05:46,269][src.models.HILBERTWorker][INFO] - ********************************************************************************
[2026-09-11 12:05:46,269][src.tools.AsyncJobPool][INFO] - ✅ Job 'Task-1779' finished
[2026-09-11 12:05:48,095][src.models.HILBERTWorker][INFO] - ********************************************************************************
[2026-09-11 12:05:48,096][src.models.HILBERTWorker][INFO] - Full theorem statement response (attempt 1)
[2026-09-11 12:05:48,096][src.models.HILBERTWorker][INFO] - ********************************************************************************
[2026-09-11 12:05:48,096][src.models.HILBERTWorker][INFO] - ```lean4
theorem hS₁_mathd_algebra_158 : (∑ k ∈ Finset.range 8, 2 * k + 1) = 64 := by
  norm_num
```
[2026-09-11 12:05:48,096][src.models.HILBERTWorker][INFO] - ********************************************************************************
[2026-09-11 12:05:48,341][src.models.HILBERTWorker][INFO] - RESULT: False
[2026-09-11 12:05:48,342][src.models.HILBERTWorker][INFO] - --------------------------------------------------------------------------------
[2026-09-11 12:05:48,343][src.models.HILBERTWorker][INFO] - Correction passes 3/6
[2026-09-11 12:05:48,343][src.models.HILBERTWorker][INFO] - --------------------------------------------------------------------------------
[2026-09-11 12:05:48,343][src.models.HILBERTWorker][INFO] - Error Message
[2026-09-11 12:05:48,343][src.models.HILBERTWorker][INFO] - 

The provided proof:
```lean4 
import Mathlib
import Aesop

set_option maxHeartbeats 0

open BigOperators Real Nat Topology Rat

theorem hS₁_mathd_algebra_158 : (∑ k ∈ Finset.range 8, 2 * k + 1) = 64 := by
  norm_num
```


Error message from Lean: unsolved goals
⊢ False
The error was encountered while trying to process the following lines:
Error: line number out of range


--- line 186346 ---
```lean4 
import Mathlib
import Aesop

set_option maxHeartbeats 0

open BigOperators Real Nat Topology Rat

theorem hS₁_mathd_algebra_158 : (∑ k ∈ Finset.range 8, 2 * k + 1) = 64 := by
  norm_num
```


Error message from Lean: unsolved goals
⊢ False
The error was encountered while trying to process the following lines:
Error: line number out of range



[2026-09-11 12:05:48,343][src.models.HILBERTWorker][INFO] - --------------------------------------------------------------------------------
[2026-09-11 12:05:48,344][src.models.HILBERTWorker][INFO] - ********************************************************************************
[2026-09-11 12:05:48,344][src.models.HILBERTWorker][INFO] - OBTAINED USEFUL THEOREMS
[2026-09-11 12:05:48,344][src.models.HILBERTWorker][INFO] - 
1. [THEOREM] Multiplicativity of Natural Number Cast: $(m \cdot n : \alpha) = (m : \alpha) \cdot (n : \alpha)$
Module: Mathlib.Data.Nat.Cast.Basic
Name: Nat.cast_mul
Description: For any natural numbers $m, n \in \mathbb{N}$ and any additive monoid with one $\alpha$, the canonical homomorphism from $\mathbb{N}$ to $\alpha$ preserves multiplication, i.e., $(m \cdot n : \alpha) = (m : \alpha) \cdot (n : \alpha)$.
Signature:  (m n : ℕ) : ((m * n : ℕ) : α) = m * n

2. [THEOREM] Every Natural Number is Even or Odd
Module: Mathlib.Algebra.Ring.Parity
Name: Nat.even_or_odd
Description: For every natural number $n$, either $n$ is even or $n$ is odd.
Signature:  (n : ℕ) : Even n ∨ Odd n

3. [THEOREM] Twice the Sum of First $n-1$ Natural Numbers Equals $n(n-1)$
Module: Mathlib.Algebra.BigOperators.Intervals

--- line 186409 ---
```lean4 
import Mathlib
import Aesop

set_option maxHeartbeats 0

open BigOperators Real Nat Topology Rat

theorem hS₁_mathd_algebra_158 : (∑ k ∈ Finset.range 8, 2 * k + 1) = 64 := by
  decide
```


Error message from Lean: tactic 'decide' proved that the proposition
  ∑ k ∈ Finset.range 8, 2 * k + 1 = 64
is false
The error was encountered while trying to process the following lines:
Error: line number out of range



[2026-09-11 12:05:57,132][src.models.HILBERTWorker][INFO] - by
  norm_num
[2026-09-11 12:05:57,132][src.tools.string][INFO] - No code fence; the response itself looks like Lean. Using it as-is.
[2026-09-11 12:05:57,132][src.tools.lean_utils][INFO] - ????????????????????????????????????????????????????????????????????????????????????????????????????
[2026-09-11 12:05:57,132][src.tools.lean_utils][INFO] - Theorem does not have non-theorem lines
by
  norm_num
[2026-09-11 12:05:57,133][src.tools.lean_utils][INFO] - ????????????????????????????????????????????????????????????????????????????????????????????????????
[2026-09-11 12:05:57,133][src.models.HILBERTWorker][INFO] - ****************************************************************************************************
[2026-09-11 12:05:57,133][src.models.HILBERTWorker][INFO] - Trying to obtain the full theorem statement, attempt 1/3
[2026-09-11 12:05:57,133][src.models.HILBERTWorker][INFO] - ****************************************************************************************************
[2026-09-11 12:05:59,408][src.models.HILBERTWorker][INFO] - ********************************************************************************
[2026-09-11 12:05:59,409][src.models.HILBERTWorker][INFO] - Full theorem statement response (attempt 1)
[2026-09-11 12:05:59,409][src.models.HILBERTWorker][INFO] - ********************************************************************************
[2026-09-11 12:05:59,409][src.models.HILBERTWorker][INFO] - ```lean4
theorem hS₁_mathd_algebra_158 : (∑ k ∈ Finset.range 8, 2 * k + 1) = 64 := by
  norm_num

--- line 186437 ---
[2026-09-11 12:05:57,133][src.tools.lean_utils][INFO] - ????????????????????????????????????????????????????????????????????????????????????????????????????
[2026-09-11 12:05:57,133][src.models.HILBERTWorker][INFO] - ****************************************************************************************************
[2026-09-11 12:05:57,133][src.models.HILBERTWorker][INFO] - Trying to obtain the full theorem statement, attempt 1/3
[2026-09-11 12:05:57,133][src.models.HILBERTWorker][INFO] - ****************************************************************************************************
[2026-09-11 12:05:59,408][src.models.HILBERTWorker][INFO] - ********************************************************************************
[2026-09-11 12:05:59,409][src.models.HILBERTWorker][INFO] - Full theorem statement response (attempt 1)
[2026-09-11 12:05:59,409][src.models.HILBERTWorker][INFO] - ********************************************************************************
[2026-09-11 12:05:59,409][src.models.HILBERTWorker][INFO] - ```lean4
theorem hS₁_mathd_algebra_158 : (∑ k ∈ Finset.range 8, 2 * k + 1) = 64 := by
  norm_num
```
[2026-09-11 12:05:59,409][src.models.HILBERTWorker][INFO] - ********************************************************************************
[2026-09-11 12:05:59,583][src.models.HILBERTWorker][INFO] - RESULT: False
[2026-09-11 12:05:59,584][src.models.HILBERTWorker][INFO] - --------------------------------------------------------------------------------
[2026-09-11 12:05:59,585][src.models.HILBERTWorker][INFO] - Correction passes 5/6
[2026-09-11 12:05:59,585][src.models.HILBERTWorker][INFO] - --------------------------------------------------------------------------------
[2026-09-11 12:05:59,585][src.models.HILBERTWorker][INFO] - Error Message
[2026-09-11 12:05:59,585][src.models.HILBERTWorker][INFO] - 

The provided proof:
```lean4 
import Mathlib
import Aesop

set_option maxHeartbeats 0

open BigOperators Real Nat Topology Rat

theorem hS₁_mathd_algebra_158 : (∑ k ∈ Finset.range 8, 2 * k + 1) = 64 := by
  norm_num
```


Error message from Lean: unsolved goals
⊢ False
The error was encountered while trying to process the following lines:
Error: line number out of range


--- line 186457 ---
```lean4 
import Mathlib
import Aesop

set_option maxHeartbeats 0

open BigOperators Real Nat Topology Rat

theorem hS₁_mathd_algebra_158 : (∑ k ∈ Finset.range 8, 2 * k + 1) = 64 := by
  norm_num
```


Error message from Lean: unsolved goals
⊢ False
The error was encountered while trying to process the following lines:
Error: line number out of range



[2026-09-11 12:05:59,585][src.models.HILBERTWorker][INFO] - --------------------------------------------------------------------------------
[2026-09-11 12:05:59,586][src.models.HILBERTWorker][INFO] - ********************************************************************************
[2026-09-11 12:05:59,586][src.models.HILBERTWorker][INFO] - OBTAINED USEFUL THEOREMS
[2026-09-11 12:05:59,586][src.models.HILBERTWorker][INFO] - 
1. [THEOREM] Multiplicativity of Natural Number Cast: $(m \cdot n : \alpha) = (m : \alpha) \cdot (n : \alpha)$
Module: Mathlib.Data.Nat.Cast.Basic
Name: Nat.cast_mul
Description: For any natural numbers $m, n \in \mathbb{N}$ and any additive monoid with one $\alpha$, the canonical homomorphism from $\mathbb{N}$ to $\alpha$ preserves multiplication, i.e., $(m \cdot n : \alpha) = (m : \alpha) \cdot (n : \alpha)$.
Signature:  (m n : ℕ) : ((m * n : ℕ) : α) = m * n

2. [THEOREM] Every Natural Number is Even or Odd
Module: Mathlib.Algebra.Ring.Parity
Name: Nat.even_or_odd
Description: For every natural number $n$, either $n$ is even or $n$ is odd.
Signature:  (n : ℕ) : Even n ∨ Odd n

3. [THEOREM] Twice the Sum of First $n-1$ Natural Numbers Equals $n(n-1)$
Module: Mathlib.Algebra.BigOperators.Intervals

--- line 186520 ---
```lean4 
import Mathlib
import Aesop

set_option maxHeartbeats 0

open BigOperators Real Nat Topology Rat

theorem hS₂_mathd_algebra_158 (a : ℕ) :
    (∑ k ∈ Finset.range 5, a + 2 * k) = 5 * a + 20 := by
  calc
    (∑ k ∈ Finset.range 5, a + 2 * k)
        = (∑ k ∈ Finset.range 5, a) + (∑ k ∈ Finset.range 5, 2 * k) := by
          simpa [add_comm, add_left_comm, add_assoc] using
            (Finset.sum_add_distrib (s := Finset.range 5)
              (f := fun _ => a) (g := fun k => 2 * k))
    _ = (Finset.card (Finset.range 5)) * a + (∑ k ∈ Finset.range 5, 2 * k) := by
          simpa using (Finset.sum_const_nat (s := Finset.range 5) (n := a))
    _ = 5 * a + (∑ k ∈ Finset.range 5, 2 * k) := by
          simpa [Finset.card_range]
    _ = 5 * a + (∑ k ∈ Finset.range 5, k) * 2 := by
          simpa [mul_comm] using
            (Finset.sum_mul (s := Finset.range 5) (f := fun k => k) (a := 2))
    _ = 5 * a + (5 * (5 - 1) / 2) * 2 := by
          rw [Finset.sum_range_id]
    _ = 5 * a + 20 := by
          norm_num
```


Error message from Lean: type mismatch, term
  Finset.sum_add_distrib
after simplification has type
  ∑ x ∈ Finset.range 5, (a + 2 * x) = ∑ x ∈ Finset.range 5, 2 * x + 5 * a : Prop
but is expected to have type
  2 * k = ∑ k ∈ Finset.range 5, 2 * k : Prop
The error was encountered while trying to process the following lines:
    _ = (Finset.card (Finset.range 5)) * a + (∑ k ∈ Finset.range 5, 2 * k) := by

--- line 186609 ---
```lean4 
import Mathlib
import Aesop

set_option maxHeartbeats 0

open BigOperators Real Nat Topology Rat

theorem hS₁_mathd_algebra_158 : (∑ k ∈ Finset.range 8, 2 * k + 1) = 64 := by
  -- rewrite the sum as the sum of two simpler sums
  have h₂sum :
      (∑ k in Finset.range 8, (2 * k : ℕ)) = 2 * (∑ k in Finset.range 8, k) := by
    simpa [mul_comm] using (Finset.mul_sum (2) (Finset.range 8) (fun k => k)).symm
  have h_one :
      (∑ _k in Finset.range 8, (1 : ℕ)) = 8 := by
    simpa using (Finset.card_range 8)
  calc
    (∑ k in Finset.range 8, 2 * k + 1)
        = (∑ k in Finset.range 8, (2 * k : ℕ)) + (∑ _k in Finset.range 8, (1 : ℕ)) := by
          simpa [Finset.sum_add_distrib] using
            (Finset.sum_add_distrib (fun k => (2 * k : ℕ)) (fun _ => (1 : ℕ)) (Finset.range 8))
    _ = 2 * (∑ k in Finset.range 8, k) + 8 := by
          simpa [h₂sum, h_one]
    _ = 2 * (8 * 7 / 2) + 8 := by
          simpa [Finset.sum_range_id]
    _ = 64 := by
          norm_num
```


Error message from Lean: typeclass instance problem is stuck, it is often due to metavariables
  NonUnitalNonAssocSemiring (?m.2591 → ?m.2591)
The error was encountered while trying to process the following lines:
    simpa using (Finset.card_range 8)



Error message from Lean: function expected at

--- line 186648 ---
term has type
  ∑ x ∈ ?m.15945, (?m.15946 x + ?m.15947 x) = ∑ x ∈ ?m.15945, ?m.15946 x + ∑ x ∈ ?m.15945, ?m.15947 x
The error was encountered while trying to process the following lines:
    _ = 2 * (8 * 7 / 2) + 8 := by



[2026-09-11 12:06:12,285][src.models.HILBERTWorker][INFO] - ```lean
theorem hS₁_mathd_algebra_158 : (∑ k ∈ Finset.range 8, 2 * k + 1) = 64 := by
  have h₂sum :
      (∑ k in Finset.range 8, (2 * k : ℕ)) = 2 * (∑ k in Finset.range 8, k) := by
    simpa [mul_comm] using (Finset.mul_sum (2) (Finset.range 8) (fun k => k)).symm
  have h_one :
      (∑ _k in Finset.range 8, (1 : ℕ)) = 8 := by
    simpa [Finset.card_eq_sum_ones] using (Finset.card_range 8)
  calc
    (∑ k in Finset.range 8, 2 * k + 1)
        = (∑ k in Finset.range 8, (2 * k : ℕ)) + (∑ _k in Finset.range 8, (1 : ℕ)) := by
          simpa using
            (Finset.sum_add_distrib (Finset.range 8)
                (fun k => (2 * k : ℕ)) (fun _ => (1 : ℕ))).symm
    _ = 2 * (∑ k in Finset.range 8, k) + 8 := by
          simpa [h₂sum, h_one]
    _ = 2 * (8 * 7 / 2) + 8 := by
          simpa [Finset.sum_range_id]
    _ = 64 := by
          norm_num
```

[2026-09-11 12:06:12,642][src.models.HILBERTWorker][INFO] - PRODUCED ANSWER for error message: 

The provided proof:
```lean4 
import Mathlib
import Aesop

set_option maxHeartbeats 0


--- line 186680 ---
```lean4 
import Mathlib
import Aesop

set_option maxHeartbeats 0

open BigOperators Real Nat Topology Rat

theorem hS₂_mathd_algebra_158 (a : ℕ) :
    (∑ k ∈ Finset.range 5, a + 2 * k) = 5 * a + 20 := by
  -- sum of the constant term `a`
  have hsum_const : (∑ k ∈ Finset.range 5, a) = 5 * a := by
    simpa [Finset.card_range] using
      (Finset.sum_const_nat (s := Finset.range 5) (m := a) (by
        intro x hx; rfl))
  -- sum of the indices `k`
  have hsum_k : (∑ k ∈ Finset.range 5, k) = 10 := by
    simpa using (Finset.sum_range_id 5)
  calc
    (∑ k ∈ Finset.range 5, a + 2 * k)
        = (∑ k ∈ Finset.range 5, a) + (∑ k ∈ Finset.range 5, 2 * k) := by
          simpa [Finset.sum_add_distrib]
    _ = (∑ k ∈ Finset.range 5, a) + 2 * (∑ k ∈ Finset.range 5, k) := by
          simpa [mul_comm, mul_left_comm, mul_assoc] using
            (by
              rw [← Finset.mul_sum])
    _ = 5 * a + 2 * (∑ k ∈ Finset.range 5, k) := by
          simpa [hsum_const]
    _ = 5 * a + 2 * 10 := by
          simpa [hsum_k]
    _ = 5 * a + 20 := by
          norm_num
```


Error message from Lean: tactic 'assumption' failed
k a : ℕ
hsum_const : ∑ k ∈ Finset.range 5, a = 5 * a

--- line 186729 ---
hsum_k : ∑ k ∈ Finset.range 5, k = 10
⊢ ∑ x ∈ Finset.range 5, x * 2 = 2 * ∑ k ∈ Finset.range 5, k
The error was encountered while trying to process the following lines:
    _ = 5 * a + 2 * 10 := by



[2026-09-11 12:06:12,642][src.models.HILBERTWorker][INFO] - ```lean
theorem hS₂_mathd_algebra_158 (a : ℕ) :
    (∑ k ∈ Finset.range 5, a + 2 * k) = 5 * a + 20 := by
  -- sum of the constant term `a`
  have hsum_const : (∑ k ∈ Finset.range 5, a) = 5 * a := by
    simpa [Finset.card_range] using
      (Finset.sum_const_nat (s := Finset.range 5) (a := a))
  -- sum of the indices `k`
  have hsum_k : (∑ k ∈ Finset.range 5, k) = 10 := by
    simpa using (Finset.sum_range_id 5)
  calc
    (∑ k ∈ Finset.range 5, a + 2 * k)
        = (∑ k ∈ Finset.range 5, a) + (∑ k ∈ Finset.range 5, 2 * k) := by
          simpa [Finset.sum_add_distrib]
    _ = (∑ k ∈ Finset.range 5, a) + 2 * (∑ k ∈ Finset.range 5, k) := by
          simpa [mul_comm] using
            (Finset.mul_sum (s := Finset.range 5) (a := 2) (f := fun k => k)).symm
    _ = 5 * a + 2 * (∑ k ∈ Finset.range 5, k) := by
          simpa [hsum_const]
    _ = 5 * a + 2 * 10 := by
          simpa [hsum_k]
    _ = 5 * a + 20 := by
          norm_num
```
[2026-09-11 12:06:13,857][src.models.HILBERTWorker][INFO] - RESULT: False
[2026-09-11 12:06:13,861][src.models.HILBERTWorker][INFO] - --------------------------------------------------------------------------------
[2026-09-11 12:06:13,861][src.models.HILBERTWorker][INFO] - Correction passes 2/6
[2026-09-11 12:06:13,861][src.models.HILBERTWorker][INFO] - --------------------------------------------------------------------------------
[2026-09-11 12:06:13,861][src.models.HILBERTWorker][INFO] - Error Message
[2026-09-11 12:06:13,861][src.models.HILBERTWorker][INFO] - 

